01/04/2026,11:52:52,0,0.00,0.00,0.00,0
01/04/2026,11:52:53,0,0.00,0.00,0.00,0
01/04/2026,11:52:54,0,0.00,0.00,0.00,0
01/04/2026,11:52:55,0,0.00,0.00,0.00,0
01/04/2026,11:52:56,0,0.00,0.00,0.00,0
01/04/2026,11:52:57,0,0.00,0.00,0.00,0
01/04/2026,11:52:58,0,0.00,0.00,0.00,0
01/04/2026,11:52:59,0,0.00,0.00,0.00,0
01/04/2026,11:53:00,0,0.00,0.00,0.00,0
01/04/2026,11:53:01,604,0.00,0.00,0.00,0
01/04/2026,11:53:02,1174,0.00,0.00,0.00,0
01/04/2026,11:53:03,1775,0.00,0.00,0.00,0
01/04/2026,11:53:04,2480,0.00,0.00,0.00,0
01/04/2026,11:53:05,3266,0.00,0.00,0.00,0
01/04/2026,11:53:06,3519,0.00,0.00,0.00,0
01/04/2026,11:53:07,4095,0.00,0.00,0.00,0
01/04/2026,11:53:08,4095,0.00,0.00,0.00,0
01/04/2026,11:53:09,4095,0.00,0.00,0.00,0
01/04/2026,11:53:10,4095,0.00,0.00,0.00,0
01/04/2026,11:53:11,4095,0.00,0.00,0.00,0
01/04/2026,11:53:12,815,0.00,0.00,0.00,0
01/04/2026,11:53:13,4095,0.00,0.00,0.00,0
01/04/2026,11:53:14,4095,0.00,0.00,0.00,0
01/04/2026,11:53:15,4095,0.00,0.00,0.00,0
01/04/2026,11:53:16,4095,0.00,0.00,0.00,0
01/04/2026,11:53:17,4095,0.00,0.00,0.00,0
01/04/2026,11:53:18,4095,0.00,0.00,0.00,0
01/04/2026,11:53:19,4095,0.00,0.00,0.00,0
01/04/2026,11:53:20,3791,0.00,0.00,0.00,0
01/04/2026,11:53:21,3603,0.00,0.00,0.00,0
01/04/2026,11:53:22,3551,0.00,0.00,0.00,0
01/04/2026,11:53:23,3686,0.00,0.00,0.00,0
00/01/1900,00:00:00,2355,0.00,0.00,0.00,0
01/04/2026,11:53:26,143,0.00,0.00,0.00,0
01/04/2026,11:53:27,135,0.00,0.00,0.00,0
01/04/2026,11:53:28,102,0.00,0.00,0.00,0
01/04/2026,11:53:29,73,0.00,0.00,0.00,0
01/04/2026,11:53:30,39,0.00,0.00,0.00,0
01/04/2026,11:53:31,0,0.00,0.00,0.00,0
01/04/2026,11:53:32,0,0.00,0.00,0.00,0
01/04/2026,11:53:33,0,0.00,0.00,0.00,0
01/04/2026,11:53:34,0,0.00,0.00,0.00,0
01/04/2026,11:53:35,0,0.00,0.00,0.00,0
01/04/2026,11:53:36,0,0.00,0.00,0.00,0
01/04/2026,11:53:37,0,0.00,0.00,0.00,0
01/04/2026,11:53:38,0,0.00,0.00,0.00,0
01/04/2026,11:53:39,0,0.00,0.00,0.00,0
01/04/2026,11:53:40,0,0.00,0.00,0.00,0
01/04/2026,11:53:41,0,0.00,0.00,0.00,0
01/04/2026,11:53:42,0,0.00,0.00,0.00,0
01/04/2026,11:53:43,0,0.00,0.00,0.00,0
01/04/2026,11:53:44,0,0.00,0.00,0.00,0
01/04/2026,11:53:45,0,0.00,0.00,0.00,0
01/04/2026,11:53:46,0,0.00,0.00,0.00,0
01/04/2026,11:53:47,0,0.00,0.00,0.00,0
01/04/2026,11:53:48,0,0.00,0.00,0.00,0
00/01/1900,00:00:00,0,0.00,0.00,0.00,0
01/04/2026,11:53:51,720,0.00,0.00,0.00,0
01/04/2026,11:53:52,657,0.00,0.00,0.00,0
01/04/2026,11:53:53,368,0.00,0.00,0.00,0
01/04/2026,11:53:54,60,0.00,0.00,0.00,0
00/01/1900,00:00:00,0,0.00,0.00,0.00,0
01/04/2026,11:53:56,227,0.00,0.00,0.00,0
01/04/2026,11:53:57,306,0.00,0.00,0.00,0
01/04/2026,11:53:58,411,0.00,0.00,0.00,0
01/04/2026,11:53:59,483,0.00,0.00,0.00,0
01/04/2026,11:54:00,599,0.00,0.00,0.00,0
01/04/2026,11:54:01,648,0.00,0.00,0.00,0
01/04/2026,11:54:02,723,0.00,0.00,0.00,0
01/04/2026,11:54:03,1003,0.00,0.00,0.00,0
01/04/2026,11:54:04,925,0.00,0.00,0.00,0
01/04/2026,11:54:05,646,0.00,0.00,0.00,0
01/04/2026,11:54:06,432,0.00,0.00,0.00,0
01/04/2026,11:54:07,497,0.00,0.00,0.00,0
01/04/2026,11:54:08,394,0.00,0.00,0.00,0
01/04/2026,11:54:09,220,0.00,0.00,0.00,0
01/04/2026,11:54:10,59,0.00,0.00,0.00,0
01/04/2026,11:54:11,0,0.00,0.00,0.00,0
01/04/2026,11:54:12,0,0.00,0.00,0.00,0
01/04/2026,11:54:13,0,0.00,0.00,0.00,0
01/04/2026,11:54:14,0,0.00,0.00,0.00,0
01/04/2026,11:54:15,0,0.00,0.00,0.00,0
01/04/2026,11:54:16,23,0.00,0.00,0.00,0
01/04/2026,11:54:17,527,0.00,0.00,0.00,0
01/04/2026,11:54:18,657,0.00,0.00,0.00,0
01/04/2026,11:54:19,906,0.00,0.00,0.00,0
01/04/2026,11:54:20,1090,0.00,0.00,0.00,0
01/04/2026,11:54:21,1214,0.00,0.00,0.00,0
01/04/2026,11:54:22,1190,0.00,0.00,0.00,0
01/04/2026,11:54:23,1280,0.00,0.00,0.00,0
01/04/2026,11:54:24,1287,0.00,0.00,0.00,0
01/04/2026,11:54:25,1181,0.00,0.00,0.00,0
01/04/2026,11:54:26,1097,0.00,0.00,0.00,0
01/04/2026,11:54:27,1047,0.00,0.00,0.00,0
01/04/2026,11:54:28,1037,0.00,0.00,0.00,0
01/04/2026,11:54:29,1039,0.00,0.00,0.00,0
01/04/2026,11:54:30,1051,0.00,0.00,0.00,0
01/04/2026,11:54:31,1119,0.00,0.00,0.00,0
01/04/2026,11:54:32,1259,0.00,0.00,0.00,0
01/04/2026,11:54:33,1397,0.00,0.00,0.00,0
01/04/2026,11:54:34,1535,0.00,0.00,0.00,0
01/04/2026,11:54:35,1789,0.00,0.00,0.00,0
01/04/2026,11:54:36,2071,0.00,0.00,0.00,0
01/04/2026,11:54:37,2297,0.00,0.00,0.00,0
01/04/2026,11:54:38,2788,0.00,0.00,0.00,0
00/01/1900,00:00:00,0,0.00,0.00,0.00,0
01/04/2026,11:54:48,0,0.00,0.00,0.00,0
01/04/2026,11:54:49,186,0.00,0.00,0.00,0
01/04/2026,11:54:50,560,0.00,0.00,0.00,0
01/04/2026,11:54:51,880,0.00,0.00,0.00,0
01/04/2026,11:54:52,1311,0.00,0.00,0.00,0
01/04/2026,11:54:53,1649,0.00,0.00,0.00,0
01/04/2026,11:54:54,2032,0.00,0.00,0.00,0
01/04/2026,11:54:55,2559,0.00,0.00,0.00,0
01/04/2026,11:54:56,2812,0.00,0.00,0.00,0
01/04/2026,11:54:57,3223,0.00,0.00,0.00,0
01/04/2026,11:54:58,3513,0.00,0.00,0.00,0
00/01/1900,00:00:00,0,0.00,0.00,0.00,0
01/04/2026,11:55:00,465,0.00,0.00,0.00,0
01/04/2026,11:55:01,434,0.00,0.00,0.00,0
01/04/2026,11:55:02,350,0.00,0.00,0.00,0
01/04/2026,11:55:03,341,0.00,0.00,0.00,0
01/04/2026,11:55:04,291,0.00,0.00,0.00,0
01/04/2026,11:55:05,261,0.00,0.00,0.00,0
01/04/2026,11:55:06,254,0.00,0.00,0.00,0
01/04/2026,11:55:07,213,0.00,0.00,0.00,0
01/04/2026,11:55:08,208,0.00,0.00,0.00,0
01/04/2026,11:55:09,176,0.00,0.00,0.00,0
01/04/2026,11:55:10,143,0.00,0.00,0.00,0
01/04/2026,11:55:11,103,0.00,0.00,0.00,0
01/04/2026,11:55:12,39,0.00,0.00,0.00,0
01/04/2026,11:55:13,0,0.00,0.00,0.00,0
01/04/2026,11:55:14,0,0.00,0.00,0.00,0
01/04/2026,11:55:15,0,0.00,0.00,0.00,0
01/04/2026,11:55:16,0,0.00,0.00,0.00,0
01/04/2026,11:55:17,0,0.00,0.00,0.00,0
01/04/2026,11:55:18,0,0.00,0.00,0.00,0
01/04/2026,11:55:19,0,0.00,0.00,0.00,0
01/04/2026,11:55:20,0,0.00,0.00,0.00,0
01/04/2026,11:55:21,0,0.00,0.00,0.00,0
01/04/2026,11:55:22,102,0.00,0.00,0.00,0
01/04/2026,11:55:23,449,0.00,0.00,0.00,0
01/04/2026,11:55:24,950,0.00,0.00,0.00,0
01/04/2026,11:55:25,1500,0.00,0.00,0.00,0
01/04/2026,11:55:26,2432,0.00,0.00,0.00,0
01/04/2026,11:55:40,366,0.00,0.00,0.00,0
00/01/1900,00:00:00,456,0.00,0.00,0.00,0
01/04/2026,11:56:08,0,0.00,0.00,0.00,0
01/04/2026,11:56:09,0,0.00,0.00,0.00,0
01/04/2026,11:56:10,0,0.00,0.00,0.00,0
01/04/2026,11:56:11,76,0.00,0.00,0.00,0
01/04/2026,11:56:12,0,0.00,0.00,0.00,0
01/04/2026,11:56:13,0,0.00,0.00,0.00,0
01/04/2026,11:56:14,0,0.00,0.00,0.00,0
01/04/2026,11:56:15,0,0.00,0.00,0.00,0
01/04/2026,11:56:16,0,0.00,0.00,0.00,0
01/04/2026,11:56:17,0,0.00,0.00,0.00,0
01/04/2026,11:56:18,0,0.00,0.00,0.00,0
01/04/2026,11:56:19,0,0.00,0.00,0.00,0
01/04/2026,11:56:20,0,0.00,0.00,0.00,0
01/04/2026,11:56:21,0,0.00,0.00,0.00,0
01/04/2026,11:56:22,0,0.00,0.00,0.00,0
01/04/2026,11:56:23,0,0.00,0.00,0.00,0
01/04/2026,11:56:24,0,0.00,0.00,0.00,0
01/04/2026,11:56:25,0,0.00,0.00,0.00,0
01/04/2026,11:56:26,0,0.00,0.00,0.00,0
01/04/2026,11:56:27,0,0.00,0.00,0.00,0
01/04/2026,11:56:28,0,0.00,0.00,0.00,0
01/04/2026,11:56:29,0,0.00,0.00,0.00,0
01/04/2026,11:56:30,0,0.00,0.00,0.00,0
01/04/2026,11:56:31,0,0.00,0.00,0.00,0
01/04/2026,11:56:32,0,0.00,0.00,0.00,0
01/04/2026,11:56:33,0,0.00,0.00,0.00,0
01/04/2026,11:56:34,0,0.00,0.00,0.00,0
01/04/2026,11:56:35,0,0.00,0.00,0.00,0
01/04/2026,11:56:36,0,0.00,0.00,0.00,0
01/04/2026,11:56:37,0,0.00,0.00,0.00,0
01/04/2026,11:56:38,0,0.00,0.00,0.00,0
01/04/2026,11:56:39,0,0.00,0.00,0.00,0
01/04/2026,11:56:40,9,0.00,0.00,0.00,0
01/04/2026,11:56:41,161,0.00,0.00,0.00,0
01/04/2026,11:56:42,237,0.00,0.00,0.00,0
01/04/2026,11:56:43,284,0.00,0.00,0.00,0
01/04/2026,11:56:44,378,0.00,0.00,0.00,0
01/04/2026,11:56:45,391,0.00,0.00,0.00,0
01/04/2026,11:56:46,437,0.00,0.00,0.00,0
01/04/2026,11:56:47,456,0.00,0.00,0.00,0
01/04/2026,11:56:48,442,0.00,0.00,0.00,0
01/04/2026,11:56:49,417,0.00,0.00,0.00,0
01/04/2026,11:56:50,397,0.00,0.00,0.00,0
01/04/2026,11:56:51,455,0.00,0.00,0.00,0
01/04/2026,11:56:52,458,0.00,0.00,0.00,0
01/04/2026,11:56:53,403,0.00,0.00,0.00,0
01/04/2026,11:56:54,351,0.00,0.00,0.00,0
01/04/2026,11:56:55,337,0.00,0.00,0.00,0
01/04/2026,11:56:56,299,0.00,0.00,0.00,0
01/04/2026,11:56:57,274,0.00,0.00,0.00,0
01/04/2026,11:56:59,263,0.00,0.00,0.00,0
01/04/2026,11:57:00,262,0.00,0.00,0.00,0
01/04/2026,11:57:01,291,0.00,0.00,0.00,0
01/04/2026,11:57:02,354,0.00,0.00,0.00,0
01/04/2026,11:57:03,378,0.00,0.00,0.00,0
01/04/2026,11:57:04,388,0.00,0.00,0.00,0
01/04/2026,11:57:05,315,0.00,0.00,0.00,0
01/04/2026,11:57:06,190,0.00,0.00,0.00,0
01/04/2026,11:57:07,0,0.00,0.00,0.00,0
01/04/2026,11:57:08,0,0.00,0.00,0.00,0
01/04/2026,11:57:09,0,0.00,0.00,0.00,0
01/04/2026,11:57:10,0,0.00,0.00,0.00,0
01/04/2026,11:57:11,0,0.00,0.00,0.00,0
01/04/2026,11:57:12,0,0.00,0.00,0.00,0
01/04/2026,11:57:13,0,0.00,0.00,0.00,0
01/04/2026,11:57:14,0,0.00,0.00,0.00,0
01/04/2026,11:57:15,0,0.00,0.00,0.00,0
01/04/2026,11:57:16,0,0.00,0.00,0.00,0
01/04/2026,11:57:17,0,0.00,0.00,0.00,0
01/04/2026,11:57:18,0,0.00,0.00,0.00,0
01/04/2026,11:57:19,0,0.00,0.00,0.00,0
01/04/2026,11:57:20,0,0.00,0.00,0.00,0
01/04/2026,11:57:21,0,0.00,0.00,0.00,0
01/04/2026,11:57:22,0,0.00,0.00,0.00,0
01/04/2026,11:57:23,0,0.00,0.00,0.00,0
01/04/2026,11:57:24,0,0.00,0.00,0.00,0
01/04/2026,11:57:25,0,0.00,0.00,0.00,0
01/04/2026,11:57:26,0,0.00,0.00,0.00,0
01/04/2026,11:57:27,0,0.00,0.00,0.00,0
01/04/2026,11:57:28,0,0.00,0.00,0.00,0
01/04/2026,11:57:29,0,0.00,0.00,0.00,0
01/04/2026,11:57:30,0,0.00,0.00,0.00,0
01/04/2026,11:57:31,0,0.00,0.00,0.00,0
01/04/2026,11:57:32,0,0.00,0.00,0.00,0
01/04/2026,11:57:33,0,0.00,0.00,0.00,0
01/04/2026,11:57:34,160,0.00,0.00,0.00,0
01/04/2026,11:57:35,254,0.00,0.00,0.00,0
01/04/2026,11:57:36,291,0.00,0.00,0.00,0
01/04/2026,11:57:37,255,0.00,0.00,0.00,0
01/04/2026,11:57:38,176,0.00,0.00,0.00,0
01/04/2026,11:57:39,165,0.00,0.00,0.00,0
01/04/2026,11:57:40,127,0.00,0.00,0.00,0
01/04/2026,11:57:41,71,0.00,0.00,0.00,0
01/04/2026,11:57:42,16,0.00,0.00,0.00,0
01/04/2026,11:57:43,0,0.00,0.00,0.00,0
01/04/2026,11:57:44,0,0.00,0.00,0.00,0
01/04/2026,11:57:45,0,0.00,0.00,0.00,0
01/04/2026,11:57:46,0,0.00,0.00,0.00,0
01/04/2026,11:57:47,0,0.00,0.00,0.00,0
01/04/2026,11:57:49,0,0.00,0.00,0.00,0
01/04/2026,11:57:50,0,0.00,0.00,0.00,0
01/04/2026,11:57:51,0,0.00,0.00,0.00,0
01/04/2026,11:57:52,0,0.00,0.00,0.00,0
01/04/2026,11:57:53,0,0.00,0.00,0.00,0
01/04/2026,11:57:54,0,0.00,0.00,0.00,0
01/04/2026,11:57:55,0,0.00,0.00,0.00,0
01/04/2026,11:57:56,0,0.00,0.00,0.00,0
01/04/2026,11:57:57,0,0.00,0.00,0.00,0
01/04/2026,11:57:58,0,0.00,0.00,0.00,0
01/04/2026,11:57:59,0,0.00,0.00,0.00,0
01/04/2026,11:58:00,0,0.00,0.00,0.00,0
01/04/2026,11:58:01,0,0.00,0.00,0.00,0
01/04/2026,11:58:02,0,0.00,0.00,0.00,0
01/04/2026,11:58:03,0,0.00,0.00,0.00,0
01/04/2026,11:58:04,0,0.00,0.00,0.00,0
01/04/2026,11:58:05,0,0.00,0.00,0.00,0
01/04/2026,11:58:06,0,0.00,0.00,0.00,0
01/04/2026,11:58:07,0,0.00,0.00,0.00,0
01/04/2026,11:58:08,0,0.00,0.00,0.00,0
01/04/2026,11:58:09,0,0.00,0.00,0.00,0
01/04/2026,11:58:10,62,0.00,0.00,0.00,0
01/04/2026,11:58:11,178,0.00,0.00,0.00,0
01/04/2026,11:58:12,192,0.00,0.00,0.00,0
01/04/2026,11:58:13,213,0.00,0.00,0.00,0
01/04/2026,11:58:14,237,0.00,0.00,0.00,0
01/04/2026,11:58:15,218,0.00,0.00,0.00,0
01/04/2026,11:58:16,210,0.00,0.00,0.00,0
01/04/2026,11:58:17,214,0.00,0.00,0.00,0
01/04/2026,11:58:18,187,0.00,0.00,0.00,0
01/04/2026,11:58:19,197,0.00,0.00,0.00,0
01/04/2026,11:58:20,174,0.00,0.00,0.00,0
01/04/2026,11:58:21,198,0.00,0.00,0.00,0
01/04/2026,11:58:22,231,0.00,0.00,0.00,0
01/04/2026,11:58:23,225,0.00,0.00,0.00,0
01/04/2026,11:58:24,262,0.00,0.00,0.00,0
01/04/2026,11:58:25,287,0.00,0.00,0.00,0
01/04/2026,11:58:26,224,0.00,0.00,0.00,0
01/04/2026,11:58:27,165,0.00,0.00,0.00,0
01/04/2026,11:58:28,123,0.00,0.00,0.00,0
01/04/2026,11:58:29,64,0.00,0.00,0.00,0
01/04/2026,11:58:30,110,0.00,0.00,0.00,0
01/04/2026,11:58:31,176,0.00,0.00,0.00,0
01/04/2026,11:58:32,267,0.00,0.00,0.00,0
01/04/2026,11:58:33,257,0.00,0.00,0.00,0
01/04/2026,11:58:34,173,0.00,0.00,0.00,0
01/04/2026,11:58:35,0,0.00,0.00,0.00,0
01/04/2026,11:58:36,0,0.00,0.00,0.00,0
01/04/2026,11:58:37,0,0.00,0.00,0.00,0
01/04/2026,11:58:38,0,0.00,0.00,0.00,0
01/04/2026,11:58:39,0,0.00,0.00,0.00,0
01/04/2026,11:58:41,0,0.00,0.00,0.00,0
01/04/2026,11:58:42,0,0.00,0.00,0.00,0
01/04/2026,11:58:43,0,0.00,0.00,0.00,0
01/04/2026,11:58:44,0,0.00,0.00,0.00,0
01/04/2026,11:58:45,0,0.00,0.00,0.00,0
01/04/2026,11:58:46,0,0.00,0.00,0.00,0
01/04/2026,11:58:47,0,0.00,0.00,0.00,0
01/04/2026,11:58:48,0,0.00,0.00,0.00,0
01/04/2026,11:58:49,0,0.00,0.00,0.00,0
01/04/2026,11:58:50,0,0.00,0.00,0.00,0
01/04/2026,11:58:51,0,0.00,0.00,0.00,0
01/04/2026,11:58:52,0,0.00,0.00,0.00,0
01/04/2026,11:58:53,0,0.00,0.00,0.00,0
01/04/2026,11:58:54,0,0.00,0.00,0.00,0
01/04/2026,11:58:55,0,0.00,0.00,0.00,0
01/04/2026,11:58:56,0,0.00,0.00,0.00,0
01/04/2026,11:58:57,0,0.00,0.00,0.00,0
01/04/2026,11:58:58,0,0.00,0.00,0.00,0
01/04/2026,11:58:59,0,0.00,0.00,0.00,0
01/04/2026,11:59:00,0,0.00,0.00,0.00,0
01/04/2026,11:59:01,0,0.00,0.00,0.00,0
01/04/2026,11:59:02,0,0.00,0.00,0.00,0
01/04/2026,11:59:03,0,0.00,0.00,0.00,0
01/04/2026,11:59:04,0,0.00,0.00,0.00,0
01/04/2026,11:59:05,0,0.00,0.00,0.00,0
01/04/2026,11:59:06,0,0.00,0.00,0.00,0
01/04/2026,11:59:07,0,0.00,0.00,0.00,0
01/04/2026,11:59:08,0,0.00,0.00,0.00,0
01/04/2026,11:59:09,0,0.00,0.00,0.00,0
01/04/2026,11:59:10,0,0.00,0.00,0.00,0
01/04/2026,11:59:11,0,0.00,0.00,0.00,0
01/04/2026,11:59:12,0,0.00,0.00,0.00,0
01/04/2026,11:59:13,0,0.00,0.00,0.00,0
01/04/2026,11:59:14,0,0.00,0.00,0.00,0
01/04/2026,11:59:15,0,0.00,0.00,0.00,0
01/04/2026,11:59:16,0,0.00,0.00,0.00,0
01/04/2026,11:59:17,0,0.00,0.00,0.00,0
01/04/2026,11:59:18,0,0.00,0.00,0.00,0
01/04/2026,11:59:19,0,0.00,0.00,0.00,0
01/04/2026,11:59:20,0,0.00,0.00,0.00,0
01/04/2026,11:59:21,0,0.00,0.00,0.00,0
01/04/2026,11:59:22,0,0.00,0.00,0.00,0
01/04/2026,11:59:23,0,0.00,0.00,0.00,0
01/04/2026,11:59:24,0,0.00,0.00,0.00,0
01/04/2026,11:59:25,0,0.00,0.00,0.00,0
01/04/2026,11:59:26,0,0.00,0.00,0.00,0
01/04/2026,11:59:27,0,0.00,0.00,0.00,0
01/04/2026,11:59:28,0,0.00,0.00,0.00,0
01/04/2026,11:59:29,0,0.00,0.00,0.00,0
01/04/2026,11:59:30,0,0.00,0.00,0.00,0
01/04/2026,11:59:32,0,0.00,0.00,0.00,0
01/04/2026,11:59:33,0,0.00,0.00,0.00,0
01/04/2026,11:59:34,0,0.00,0.00,0.00,0
01/04/2026,11:59:35,0,0.00,0.00,0.00,0
01/04/2026,11:59:36,0,0.00,0.00,0.00,0
01/04/2026,11:59:37,0,0.00,0.00,0.00,0
01/04/2026,11:59:38,0,0.00,0.00,0.00,0
01/04/2026,11:59:39,0,0.00,0.00,0.00,0
01/04/2026,11:59:40,0,0.00,0.00,0.00,0
01/04/2026,11:59:41,0,0.00,0.00,0.00,0
01/04/2026,11:59:42,0,0.00,0.00,0.00,0
01/04/2026,11:59:43,0,0.00,0.00,0.00,0
01/04/2026,11:59:44,0,0.00,0.00,0.00,0
01/04/2026,11:59:45,0,0.00,0.00,0.00,0
01/04/2026,11:59:46,0,0.00,0.00,0.00,0
01/04/2026,11:59:47,0,0.00,0.00,0.00,0
01/04/2026,11:59:48,0,0.00,0.00,0.00,0
01/04/2026,11:59:49,0,0.00,0.00,0.00,0
01/04/2026,11:59:50,0,0.00,0.00,0.00,0
01/04/2026,11:59:51,0,0.00,0.00,0.00,0
01/04/2026,11:59:52,0,0.00,0.00,0.00,0
01/04/2026,11:59:53,0,0.00,0.00,0.00,0
01/04/2026,11:59:54,0,0.00,0.00,0.00,0
01/04/2026,11:59:55,0,0.00,0.00,0.00,0
01/04/2026,11:59:56,0,0.00,0.00,0.00,0
01/04/2026,11:59:57,0,0.00,0.00,0.00,0
01/04/2026,11:59:58,0,0.00,0.00,0.00,0
01/04/2026,11:59:59,0,0.00,0.00,0.00,0
01/04/2026,12:00:00,0,0.00,0.00,0.00,0
01/04/2026,12:00:01,0,0.00,0.00,0.00,0
01/04/2026,12:00:02,0,0.00,0.00,0.00,0
01/04/2026,12:00:03,0,0.00,0.00,0.00,0
01/04/2026,12:00:04,0,0.00,0.00,0.00,0
01/04/2026,12:00:05,0,0.00,0.00,0.00,0
01/04/2026,12:00:06,0,0.00,0.00,0.00,0
01/04/2026,12:00:07,0,0.00,0.00,0.00,0
01/04/2026,12:00:08,0,0.00,0.00,0.00,0
01/04/2026,12:00:09,0,0.00,0.00,0.00,0
01/04/2026,12:00:10,0,0.00,0.00,0.00,0
01/04/2026,12:00:11,0,0.00,0.00,0.00,0
01/04/2026,12:00:12,0,0.00,0.00,0.00,0
01/04/2026,12:00:13,0,0.00,0.00,0.00,0
01/04/2026,12:00:14,0,0.00,0.00,0.00,0
01/04/2026,12:00:15,0,0.00,0.00,0.00,0
01/04/2026,12:00:16,0,0.00,0.00,0.00,0
01/04/2026,12:00:17,0,0.00,0.00,0.00,0
01/04/2026,12:00:18,0,0.00,0.00,0.00,0
01/04/2026,12:00:19,0,0.00,0.00,0.00,0
01/04/2026,12:00:20,0,0.00,0.00,0.00,0
01/04/2026,12:00:21,0,0.00,0.00,0.00,0
01/04/2026,12:00:23,0,0.00,0.00,0.00,0
01/04/2026,12:00:24,0,0.00,0.00,0.00,0
01/04/2026,12:00:25,0,0.00,0.00,0.00,0
01/04/2026,12:00:26,0,0.00,0.00,0.00,0
01/04/2026,12:00:27,44,0.00,0.00,0.00,0
01/04/2026,12:00:28,134,0.00,0.00,0.00,0
01/04/2026,12:00:29,203,0.00,0.00,0.00,0
01/04/2026,12:00:30,250,0.00,0.00,0.00,0
01/04/2026,12:00:31,234,0.00,0.00,0.00,0
01/04/2026,12:00:32,218,0.00,0.00,0.00,0
01/04/2026,12:00:33,176,0.00,0.00,0.00,0
01/04/2026,12:00:34,174,0.00,0.00,0.00,0
01/04/2026,12:00:35,167,0.00,0.00,0.00,0
01/04/2026,12:00:36,174,0.00,0.00,0.00,0
01/04/2026,12:00:37,171,0.00,0.00,0.00,0
01/04/2026,12:00:38,189,0.00,0.00,0.00,0
01/04/2026,12:00:39,177,0.00,0.00,0.00,0
01/04/2026,12:00:40,208,0.00,0.00,0.00,0
01/04/2026,12:00:41,221,0.00,0.00,0.00,0
01/04/2026,12:00:42,220,0.00,0.00,0.00,0
01/04/2026,12:00:43,251,0.00,0.00,0.00,0
01/04/2026,12:00:44,245,0.00,0.00,0.00,0
01/04/2026,12:00:45,227,0.00,0.00,0.00,0
01/04/2026,12:00:46,197,0.00,0.00,0.00,0
01/04/2026,12:00:47,139,0.00,0.00,0.00,0
01/04/2026,12:00:48,96,0.00,0.00,0.00,0
01/04/2026,12:00:49,51,0.00,0.00,0.00,0
01/04/2026,12:00:50,42,0.00,0.00,0.00,0
01/04/2026,12:00:51,0,0.00,0.00,0.00,0
01/04/2026,12:00:52,0,0.00,0.00,0.00,0
01/04/2026,12:00:53,0,0.00,0.00,0.00,0
01/04/2026,12:00:54,0,0.00,0.00,0.00,0
01/04/2026,12:00:55,0,0.00,0.00,0.00,0
01/04/2026,12:00:56,0,0.00,0.00,0.00,0
01/04/2026,12:00:57,0,0.00,0.00,0.00,0
01/04/2026,12:00:58,0,0.00,0.00,0.00,0
01/04/2026,12:00:59,0,0.00,0.00,0.00,0
01/04/2026,12:01:00,0,0.00,0.00,0.00,0
01/04/2026,12:01:01,0,0.00,0.00,0.00,0
01/04/2026,12:01:02,0,0.00,0.00,0.00,0
01/04/2026,12:01:03,0,0.00,0.00,0.00,0
01/04/2026,12:01:04,0,0.00,0.00,0.00,0
01/04/2026,12:01:05,0,0.00,0.00,0.00,0
01/04/2026,12:01:06,0,0.00,0.00,0.00,0
01/04/2026,12:01:07,0,0.00,0.00,0.00,0
01/04/2026,12:01:08,0,0.00,0.00,0.00,0
01/04/2026,12:01:09,0,0.00,0.00,0.00,0
01/04/2026,12:01:10,0,0.00,0.00,0.00,0
01/04/2026,12:01:11,0,0.00,0.00,0.00,0
01/04/2026,12:01:13,0,0.00,0.00,0.00,0
01/04/2026,12:01:14,0,0.00,0.00,0.00,0
01/04/2026,12:01:15,0,0.00,0.00,0.00,0
01/04/2026,12:01:16,0,0.00,0.00,0.00,0
01/04/2026,12:01:17,0,0.00,0.00,0.00,0
01/04/2026,12:01:18,0,0.00,0.00,0.00,0
01/04/2026,12:01:19,0,0.00,0.00,0.00,0
01/04/2026,12:01:20,0,0.00,0.00,0.00,0
01/04/2026,12:01:21,0,0.00,0.00,0.00,0
01/04/2026,12:01:22,0,0.00,0.00,0.00,0
01/04/2026,12:01:23,0,0.00,0.00,0.00,0
01/04/2026,12:01:24,0,0.00,0.00,0.00,0
01/04/2026,12:01:25,0,0.00,0.00,0.00,0
01/04/2026,12:01:26,0,0.00,0.00,0.00,0
01/04/2026,12:01:27,0,0.00,0.00,0.00,0
01/04/2026,12:01:28,0,0.00,0.00,0.00,0
01/04/2026,12:01:29,0,0.00,0.00,0.00,0
01/04/2026,12:01:30,0,0.00,0.00,0.00,0
01/04/2026,12:01:31,0,0.00,0.00,0.00,0
01/04/2026,12:01:32,0,0.00,0.00,0.00,0
01/04/2026,12:01:33,0,0.00,0.00,0.00,0
01/04/2026,12:01:34,0,0.00,0.00,0.00,0
01/04/2026,12:01:35,0,0.00,0.00,0.00,0
01/04/2026,12:01:36,0,0.00,0.00,0.00,0
01/04/2026,12:01:37,0,0.00,0.00,0.00,0
01/04/2026,12:01:38,0,0.00,0.00,0.00,0
01/04/2026,12:01:39,44,0.00,0.00,0.00,0
01/04/2026,12:01:40,129,0.00,0.00,0.00,0
01/04/2026,12:01:41,199,0.00,0.00,0.00,0
01/04/2026,12:01:42,223,0.00,0.00,0.00,0
01/04/2026,12:01:43,183,0.00,0.00,0.00,0
01/04/2026,12:01:44,126,0.00,0.00,0.00,0
01/04/2026,12:01:45,20,0.00,0.00,0.00,0
01/04/2026,12:01:46,0,0.00,0.00,0.00,0
01/04/2026,12:01:47,0,0.00,0.00,0.00,0
01/04/2026,12:01:48,0,0.00,0.00,0.00,0
01/04/2026,12:01:49,0,0.00,0.00,0.00,0
01/04/2026,12:01:50,0,0.00,0.00,0.00,0
01/04/2026,12:01:51,0,0.00,0.00,0.00,0
01/04/2026,12:01:52,0,0.00,0.00,0.00,0
01/04/2026,12:01:53,0,0.00,0.00,0.00,0
01/04/2026,12:01:54,0,0.00,0.00,0.00,0
01/04/2026,12:01:55,0,0.00,0.00,0.00,0
01/04/2026,12:01:56,0,0.00,0.00,0.00,0
01/04/2026,12:01:57,0,0.00,0.00,0.00,0
01/04/2026,12:01:58,0,0.00,0.00,0.00,0
01/04/2026,12:01:59,0,0.00,0.00,0.00,0
01/04/2026,12:02:00,0,0.00,0.00,0.00,0
01/04/2026,12:02:01,0,0.00,0.00,0.00,0
01/04/2026,12:02:03,0,0.00,0.00,0.00,0
01/04/2026,12:02:04,0,0.00,0.00,0.00,0
01/04/2026,12:02:05,0,0.00,0.00,0.00,0
01/04/2026,12:02:06,0,0.00,0.00,0.00,0
01/04/2026,12:02:07,0,0.00,0.00,0.00,0
01/04/2026,12:02:08,0,0.00,0.00,0.00,0
01/04/2026,12:02:09,0,0.00,0.00,0.00,0
01/04/2026,12:02:10,0,0.00,0.00,0.00,0
01/04/2026,12:02:11,0,0.00,0.00,0.00,0
01/04/2026,12:02:12,0,0.00,0.00,0.00,0
01/04/2026,12:02:13,0,0.00,0.00,0.00,0
01/04/2026,12:02:14,0,0.00,0.00,0.00,0
01/04/2026,12:02:15,0,0.00,0.00,0.00,0
01/04/2026,12:02:16,0,0.00,0.00,0.00,0
01/04/2026,12:02:17,59,0.00,0.00,0.00,0
01/04/2026,12:02:18,154,0.00,0.00,0.00,0
01/04/2026,12:02:19,215,0.00,0.00,0.00,0
01/04/2026,12:02:20,240,0.00,0.00,0.00,0
01/04/2026,12:02:21,257,0.00,0.00,0.00,0
01/04/2026,12:02:22,224,0.00,0.00,0.00,0
01/04/2026,12:02:23,186,0.00,0.00,0.00,0
01/04/2026,12:02:24,137,0.00,0.00,0.00,0
01/04/2026,12:02:25,101,0.00,0.00,0.00,0
01/04/2026,12:02:26,37,0.00,0.00,0.00,0
01/04/2026,12:02:27,0,0.00,0.00,0.00,0
01/04/2026,12:02:28,0,0.00,0.00,0.00,0
01/04/2026,12:02:29,0,0.00,0.00,0.00,0
01/04/2026,12:02:30,0,0.00,0.00,0.00,0
01/04/2026,12:02:31,0,0.00,0.00,0.00,0
01/04/2026,12:02:32,0,0.00,0.00,0.00,0
01/04/2026,12:02:33,0,0.00,0.00,0.00,0
01/04/2026,12:02:34,0,0.00,0.00,0.00,0
01/04/2026,12:02:35,0,0.00,0.00,0.00,0
01/04/2026,12:02:36,0,0.00,0.00,0.00,0
01/04/2026,12:02:37,0,0.00,0.00,0.00,0
01/04/2026,12:02:38,0,0.00,0.00,0.00,0
01/04/2026,12:02:39,0,0.00,0.00,0.00,0
01/04/2026,12:02:40,0,0.00,0.00,0.00,0
01/04/2026,12:02:41,0,0.00,0.00,0.00,0
01/04/2026,12:02:42,0,0.00,0.00,0.00,0
01/04/2026,12:02:43,0,0.00,0.00,0.00,0
01/04/2026,12:02:44,0,0.00,0.00,0.00,0
01/04/2026,12:02:45,0,0.00,0.00,0.00,0
01/04/2026,12:02:46,0,0.00,0.00,0.00,0
01/04/2026,12:02:47,0,0.00,0.00,0.00,0
01/04/2026,12:02:48,0,0.00,0.00,0.00,0
01/04/2026,12:02:49,79,0.00,0.00,0.00,0
01/04/2026,12:02:50,229,0.00,0.00,0.00,0
01/04/2026,12:02:51,291,0.00,0.00,0.00,0
01/04/2026,12:02:52,214,0.00,0.00,0.00,0
01/04/2026,12:02:54,157,0.00,0.00,0.00,0
01/04/2026,12:02:55,83,0.00,0.00,0.00,0
01/04/2026,12:02:56,80,0.00,0.00,0.00,0
01/04/2026,12:02:57,89,0.00,0.00,0.00,0
01/04/2026,12:02:58,23,0.00,0.00,0.00,0
01/04/2026,12:02:59,9,0.00,0.00,0.00,0
01/04/2026,12:03:00,0,0.00,0.00,0.00,0
01/04/2026,12:03:01,0,0.00,0.00,0.00,0
01/04/2026,12:03:02,0,0.00,0.00,0.00,0
01/04/2026,12:03:03,0,0.00,0.00,0.00,0
01/04/2026,12:03:04,0,0.00,0.00,0.00,0
01/04/2026,12:03:05,0,0.00,0.00,0.00,0
01/04/2026,12:03:06,0,0.00,0.00,0.00,0
01/04/2026,12:03:07,0,0.00,0.00,0.00,0
01/04/2026,12:03:08,0,0.00,0.00,0.00,0
01/04/2026,12:03:09,0,0.00,0.00,0.00,0
01/04/2026,12:03:10,0,0.00,0.00,0.00,0
01/04/2026,12:03:11,0,0.00,0.00,0.00,0
01/04/2026,12:03:12,0,0.00,0.00,0.00,0
01/04/2026,12:03:13,0,0.00,0.00,0.00,0
01/04/2026,12:03:14,0,0.00,0.00,0.00,0
01/04/2026,12:03:15,0,0.00,0.00,0.00,0
01/04/2026,12:03:16,0,0.00,0.00,0.00,0
01/04/2026,12:03:17,0,0.00,0.00,0.00,0
01/04/2026,12:03:18,0,0.00,0.00,0.00,0
01/04/2026,12:03:19,19,0.00,0.00,0.00,0
01/04/2026,12:03:20,97,0.00,0.00,0.00,0
01/04/2026,12:03:21,130,0.00,0.00,0.00,0
01/04/2026,12:03:22,167,0.00,0.00,0.00,0
01/04/2026,12:03:23,219,0.00,0.00,0.00,0
01/04/2026,12:03:24,240,0.00,0.00,0.00,0
01/04/2026,12:03:25,219,0.00,0.00,0.00,0
01/04/2026,12:03:26,208,0.00,0.00,0.00,0
01/04/2026,12:03:27,178,0.00,0.00,0.00,0
01/04/2026,12:03:28,80,0.00,0.00,0.00,0
01/04/2026,12:03:29,0,0.00,0.00,0.00,0
01/04/2026,12:03:30,0,0.00,0.00,0.00,0
01/04/2026,12:03:31,0,0.00,0.00,0.00,0
01/04/2026,12:03:32,0,0.00,0.00,0.00,0
01/04/2026,12:03:33,0,0.00,0.00,0.00,0
01/04/2026,12:03:34,0,0.00,0.00,0.00,0
01/04/2026,12:03:35,0,0.00,0.00,0.00,0
01/04/2026,12:03:36,0,0.00,0.00,0.00,0
01/04/2026,12:03:37,0,0.00,0.00,0.00,0
01/04/2026,12:03:38,0,0.00,0.00,0.00,0
01/04/2026,12:03:39,0,0.00,0.00,0.00,0
01/04/2026,12:03:40,0,0.00,0.00,0.00,0
01/04/2026,12:03:41,0,0.00,0.00,0.00,0
01/04/2026,12:03:42,0,0.00,0.00,0.00,0
01/04/2026,12:03:44,0,0.00,0.00,0.00,0
01/04/2026,12:03:45,0,0.00,0.00,0.00,0
01/04/2026,12:03:46,0,0.00,0.00,0.00,0
01/04/2026,12:03:47,0,0.00,0.00,0.00,0
01/04/2026,12:03:48,38,0.00,0.00,0.00,0
01/04/2026,12:03:49,27,0.00,0.00,0.00,0
01/04/2026,12:03:50,55,0.00,0.00,0.00,0
01/04/2026,12:03:51,53,0.00,0.00,0.00,0
01/04/2026,12:03:52,15,0.00,0.00,0.00,0
01/04/2026,12:03:53,0,0.00,0.00,0.00,0
01/04/2026,12:03:54,0,0.00,0.00,0.00,0
01/04/2026,12:03:55,0,0.00,0.00,0.00,0
01/04/2026,12:03:56,0,0.00,0.00,0.00,0
01/04/2026,12:03:57,0,0.00,0.00,0.00,0
01/04/2026,12:03:58,0,0.00,0.00,0.00,0
01/04/2026,12:03:59,0,0.00,0.00,0.00,0
01/04/2026,12:04:00,0,0.00,0.00,0.00,0
01/04/2026,12:04:01,0,0.00,0.00,0.00,0
01/04/2026,12:04:02,0,0.00,0.00,0.00,0
01/04/2026,12:04:03,0,0.00,0.00,0.00,0
01/04/2026,12:04:04,0,0.00,0.00,0.00,0
01/04/2026,12:04:05,0,0.00,0.00,0.00,0
01/04/2026,12:04:06,0,0.00,0.00,0.00,0
01/04/2026,12:04:07,0,0.00,0.00,0.00,0
01/04/2026,12:04:08,0,0.00,0.00,0.00,0
01/04/2026,12:04:09,0,0.00,0.00,0.00,0
01/04/2026,12:04:10,0,0.00,0.00,0.00,0
01/04/2026,12:04:11,0,0.00,0.00,0.00,0
01/04/2026,12:04:12,0,0.00,0.00,0.00,0
01/04/2026,12:04:13,0,0.00,0.00,0.00,0
01/04/2026,12:04:14,0,0.00,0.00,0.00,0
01/04/2026,12:04:15,0,0.00,0.00,0.00,0
01/04/2026,12:04:16,0,0.00,0.00,0.00,0
01/04/2026,12:04:17,0,0.00,0.00,0.00,0
01/04/2026,12:04:18,0,0.00,0.00,0.00,0
01/04/2026,12:04:19,0,0.00,0.00,0.00,0
01/04/2026,12:04:20,0,0.00,0.00,0.00,0
01/04/2026,12:04:21,0,0.00,0.00,0.00,0
01/04/2026,12:04:22,0,0.00,0.00,0.00,0
01/04/2026,12:04:23,0,0.00,0.00,0.00,0
01/04/2026,12:04:24,0,0.00,0.00,0.00,0
01/04/2026,12:04:25,0,0.00,0.00,0.00,0
01/04/2026,12:04:26,0,0.00,0.00,0.00,0
01/04/2026,12:04:27,0,0.00,0.00,0.00,0
01/04/2026,12:04:28,0,0.00,0.00,0.00,0
01/04/2026,12:04:29,0,0.00,0.00,0.00,0
01/04/2026,12:04:30,0,0.00,0.00,0.00,0
01/04/2026,12:04:31,0,0.00,0.00,0.00,0
01/04/2026,12:04:32,0,0.00,0.00,0.00,0
01/04/2026,12:04:33,146,0.00,0.00,0.00,0
01/04/2026,12:04:35,208,0.00,0.00,0.00,0
01/04/2026,12:04:36,240,0.00,0.00,0.00,0
01/04/2026,12:04:37,184,0.00,0.00,0.00,0
01/04/2026,12:04:38,103,0.00,0.00,0.00,0
01/04/2026,12:04:39,15,0.00,0.00,0.00,0
01/04/2026,12:04:40,0,0.00,0.00,0.00,0
01/04/2026,12:04:41,0,0.00,0.00,0.00,0
01/04/2026,12:04:42,0,0.00,0.00,0.00,0
01/04/2026,12:04:43,0,0.00,0.00,0.00,0
01/04/2026,12:04:44,0,0.00,0.00,0.00,0
01/04/2026,12:04:45,0,0.00,0.00,0.00,0
01/04/2026,12:04:46,0,0.00,0.00,0.00,0
01/04/2026,12:04:47,0,0.00,0.00,0.00,0
01/04/2026,12:04:48,0,0.00,0.00,0.00,0
01/04/2026,12:04:49,0,0.00,0.00,0.00,0
01/04/2026,12:04:50,0,0.00,0.00,0.00,0
01/04/2026,12:04:51,0,0.00,0.00,0.00,0
01/04/2026,12:04:52,0,0.00,0.00,0.00,0
01/04/2026,12:04:53,0,0.00,0.00,0.00,0
01/04/2026,12:04:54,0,0.00,0.00,0.00,0
01/04/2026,12:04:55,0,0.00,0.00,0.00,0
01/04/2026,12:04:56,0,0.00,0.00,0.00,0
01/04/2026,12:04:57,0,0.00,0.00,0.00,0
01/04/2026,12:04:58,0,0.00,0.00,0.00,0
01/04/2026,12:04:59,0,0.00,0.00,0.00,0
01/04/2026,12:05:00,0,0.00,0.00,0.00,0
01/04/2026,12:05:01,0,0.00,0.00,0.00,0
01/04/2026,12:05:02,0,0.00,0.00,0.00,0
01/04/2026,12:05:03,0,0.00,0.00,0.00,0
01/04/2026,12:05:04,0,0.00,0.00,0.00,0
01/04/2026,12:05:05,0,0.00,0.00,0.00,0
01/04/2026,12:05:06,0,0.00,0.00,0.00,0
01/04/2026,12:05:07,0,0.00,0.00,0.00,0
01/04/2026,12:05:08,0,0.00,0.00,0.00,0
01/04/2026,12:05:09,0,0.00,0.00,0.00,0
01/04/2026,12:05:10,0,0.00,0.00,0.00,0
01/04/2026,12:05:11,0,0.00,0.00,0.00,0
01/04/2026,12:05:12,0,0.00,0.00,0.00,0
01/04/2026,12:05:13,0,0.00,0.00,0.00,0
01/04/2026,12:05:14,0,0.00,0.00,0.00,0
01/04/2026,12:05:15,0,0.00,0.00,0.00,0
01/04/2026,12:05:16,0,0.00,0.00,0.00,0
01/04/2026,12:05:17,0,0.00,0.00,0.00,0
01/04/2026,12:05:18,0,0.00,0.00,0.00,0
01/04/2026,12:05:19,0,0.00,0.00,0.00,0
01/04/2026,12:05:20,0,0.00,0.00,0.00,0
01/04/2026,12:05:21,0,0.00,0.00,0.00,0
01/04/2026,12:05:22,0,0.00,0.00,0.00,0
01/04/2026,12:05:23,0,0.00,0.00,0.00,0
01/04/2026,12:05:25,0,0.00,0.00,0.00,0
01/04/2026,12:05:26,0,0.00,0.00,0.00,0
01/04/2026,12:05:27,0,0.00,0.00,0.00,0
01/04/2026,12:05:28,0,0.00,0.00,0.00,0
01/04/2026,12:05:29,0,0.00,0.00,0.00,0
01/04/2026,12:05:30,0,0.00,0.00,0.00,0
01/04/2026,12:05:31,0,0.00,0.00,0.00,0
01/04/2026,12:05:32,0,0.00,0.00,0.00,0
01/04/2026,12:05:33,0,0.00,0.00,0.00,0
01/04/2026,12:05:34,1,0.00,0.00,0.00,0
01/04/2026,12:05:35,16,0.00,0.00,0.00,0
01/04/2026,12:05:36,21,0.00,0.00,0.00,0
01/04/2026,12:05:37,16,0.00,0.00,0.00,0
01/04/2026,12:05:38,85,0.00,0.00,0.00,0
01/04/2026,12:05:39,114,0.00,0.00,0.00,0
01/04/2026,12:05:40,162,0.00,0.00,0.00,0
01/04/2026,12:05:41,126,0.00,0.00,0.00,0
01/04/2026,12:05:42,121,0.00,0.00,0.00,0
01/04/2026,12:05:43,112,0.00,0.00,0.00,0
01/04/2026,12:05:44,128,0.00,0.00,0.00,0
01/04/2026,12:05:45,146,0.00,0.00,0.00,0
01/04/2026,12:05:46,108,0.00,0.00,0.00,0
01/04/2026,12:05:47,128,0.00,0.00,0.00,0
01/04/2026,12:05:48,126,0.00,0.00,0.00,0
01/04/2026,12:05:49,111,0.00,0.00,0.00,0
01/04/2026,12:05:50,123,0.00,0.00,0.00,0
01/04/2026,12:05:51,163,0.00,0.00,0.00,0
01/04/2026,12:05:52,145,0.00,0.00,0.00,0
01/04/2026,12:05:53,195,0.00,0.00,0.00,0
01/04/2026,12:05:54,175,0.00,0.00,0.00,0
01/04/2026,12:05:55,219,0.00,0.00,0.00,0
01/04/2026,12:05:56,231,0.00,0.00,0.00,0
01/04/2026,12:05:57,257,0.00,0.00,0.00,0
01/04/2026,12:05:58,231,0.00,0.00,0.00,0
01/04/2026,12:05:59,209,0.00,0.00,0.00,0
01/04/2026,12:06:00,179,0.00,0.00,0.00,0
01/04/2026,12:06:01,177,0.00,0.00,0.00,0
01/04/2026,12:06:02,176,0.00,0.00,0.00,0
01/04/2026,12:06:03,173,0.00,0.00,0.00,0
01/04/2026,12:06:04,160,0.00,0.00,0.00,0
01/04/2026,12:06:05,138,0.00,0.00,0.00,0
01/04/2026,12:06:06,128,0.00,0.00,0.00,0
01/04/2026,12:06:07,74,0.00,0.00,0.00,0
01/04/2026,12:06:08,0,0.00,0.00,0.00,0
01/04/2026,12:06:09,0,0.00,0.00,0.00,0
01/04/2026,12:06:10,0,0.00,0.00,0.00,0
01/04/2026,12:06:11,0,0.00,0.00,0.00,0
01/04/2026,12:06:12,0,0.00,0.00,0.00,0
01/04/2026,12:06:13,0,0.00,0.00,0.00,0
01/04/2026,12:06:14,0,0.00,0.00,0.00,0
01/04/2026,12:06:16,0,0.00,0.00,0.00,0
01/04/2026,12:06:17,0,0.00,0.00,0.00,0
01/04/2026,12:06:18,0,0.00,0.00,0.00,0
01/04/2026,12:06:19,0,0.00,0.00,0.00,0
01/04/2026,12:06:20,0,0.00,0.00,0.00,0
01/04/2026,12:06:21,0,0.00,0.00,0.00,0
01/04/2026,12:06:22,0,0.00,0.00,0.00,0
01/04/2026,12:06:23,0,0.00,0.00,0.00,0
01/04/2026,12:06:24,0,0.00,0.00,0.00,0
01/04/2026,12:06:25,0,0.00,0.00,0.00,0
01/04/2026,12:06:26,0,0.00,0.00,0.00,0
01/04/2026,12:06:27,0,0.00,0.00,0.00,0
01/04/2026,12:06:28,0,0.00,0.00,0.00,0
01/04/2026,12:06:29,0,0.00,0.00,0.00,0
01/04/2026,12:06:30,0,0.00,0.00,0.00,0
01/04/2026,12:06:31,0,0.00,0.00,0.00,0
01/04/2026,12:06:32,0,0.00,0.00,0.00,0
01/04/2026,12:06:33,0,0.00,0.00,0.00,0
01/04/2026,12:06:34,0,0.00,0.00,0.00,0
01/04/2026,12:06:35,45,0.00,0.00,0.00,0
01/04/2026,12:06:36,128,0.00,0.00,0.00,0
01/04/2026,12:06:37,178,0.00,0.00,0.00,0
01/04/2026,12:06:38,240,0.00,0.00,0.00,0
01/04/2026,12:06:39,241,0.00,0.00,0.00,0
01/04/2026,12:06:40,182,0.00,0.00,0.00,0
01/04/2026,12:06:41,141,0.00,0.00,0.00,0
01/04/2026,12:06:42,45,0.00,0.00,0.00,0
01/04/2026,12:06:43,0,0.00,0.00,0.00,0
01/04/2026,12:06:44,0,0.00,0.00,0.00,0
01/04/2026,12:06:45,0,0.00,0.00,0.00,0
01/04/2026,12:06:46,0,0.00,0.00,0.00,0
01/04/2026,12:06:47,0,0.00,0.00,0.00,0
01/04/2026,12:06:48,0,0.00,0.00,0.00,0
01/04/2026,12:06:49,0,0.00,0.00,0.00,0
01/04/2026,12:06:50,0,0.00,0.00,0.00,0
01/04/2026,12:06:51,0,0.00,0.00,0.00,0
01/04/2026,12:06:52,0,0.00,0.00,0.00,0
01/04/2026,12:06:53,9,0.00,0.00,0.00,0
01/04/2026,12:06:54,3,0.00,0.00,0.00,0
01/04/2026,12:06:55,0,0.00,0.00,0.00,0
01/04/2026,12:06:56,0,0.00,0.00,0.00,0
01/04/2026,12:06:57,0,0.00,0.00,0.00,0
01/04/2026,12:06:58,0,0.00,0.00,0.00,0
01/04/2026,12:06:59,0,0.00,0.00,0.00,0
01/04/2026,12:07:00,0,0.00,0.00,0.00,0
01/04/2026,12:07:01,0,0.00,0.00,0.00,0
01/04/2026,12:07:02,0,0.00,0.00,0.00,0
01/04/2026,12:07:03,0,0.00,0.00,0.00,0
01/04/2026,12:07:04,0,0.00,0.00,0.00,0
01/04/2026,12:07:05,0,0.00,0.00,0.00,0
01/04/2026,12:07:07,0,0.00,0.00,0.00,0
01/04/2026,12:07:08,0,0.00,0.00,0.00,0
01/04/2026,12:07:09,0,0.00,0.00,0.00,0
01/04/2026,12:07:10,0,0.00,0.00,0.00,0
01/04/2026,12:07:11,0,0.00,0.00,0.00,0
01/04/2026,12:07:12,0,0.00,0.00,0.00,0
01/04/2026,12:07:13,0,0.00,0.00,0.00,0
01/04/2026,12:07:14,0,0.00,0.00,0.00,0
01/04/2026,12:07:15,0,0.00,0.00,0.00,0
01/04/2026,12:07:16,0,0.00,0.00,0.00,0
01/04/2026,12:07:17,0,0.00,0.00,0.00,0
01/04/2026,12:07:18,0,0.00,0.00,0.00,0
01/04/2026,12:07:19,0,0.00,0.00,0.00,0
01/04/2026,12:07:20,0,0.00,0.00,0.00,0
01/04/2026,12:07:21,0,0.00,0.00,0.00,0
01/04/2026,12:07:22,0,0.00,0.00,0.00,0
01/04/2026,12:07:23,0,0.00,0.00,0.00,0
01/04/2026,12:07:24,0,0.00,0.00,0.00,0
01/04/2026,12:07:25,0,0.00,0.00,0.00,0
01/04/2026,12:07:26,0,0.00,0.00,0.00,0
01/04/2026,12:07:27,0,0.00,0.00,0.00,0
01/04/2026,12:07:28,0,0.00,0.00,0.00,0
01/04/2026,12:07:29,0,0.00,0.00,0.00,0
01/04/2026,12:07:30,0,0.00,0.00,0.00,0
01/04/2026,12:07:31,0,0.00,0.00,0.00,0
01/04/2026,12:07:32,0,0.00,0.00,0.00,0
01/04/2026,12:07:33,0,0.00,0.00,0.00,0
01/04/2026,12:07:34,0,0.00,0.00,0.00,0
01/04/2026,12:07:35,0,0.00,0.00,0.00,0
01/04/2026,12:07:36,0,0.00,0.00,0.00,0
01/04/2026,12:07:37,0,0.00,0.00,0.00,0
01/04/2026,12:07:38,0,0.00,0.00,0.00,0
01/04/2026,12:07:39,0,0.00,0.00,0.00,0
01/04/2026,12:07:40,0,0.00,0.00,0.00,0
01/04/2026,12:07:41,0,0.00,0.00,0.00,0
01/04/2026,12:07:42,0,0.00,0.00,0.00,0
01/04/2026,12:07:43,0,0.00,0.00,0.00,0
01/04/2026,12:07:44,0,0.00,0.00,0.00,0
01/04/2026,12:07:45,0,0.00,0.00,0.00,0
01/04/2026,12:07:46,0,0.00,0.00,0.00,0
01/04/2026,12:07:47,23,0.00,0.00,0.00,0
01/04/2026,12:07:48,71,0.00,0.00,0.00,0
01/04/2026,12:07:49,149,0.00,0.00,0.00,0
01/04/2026,12:07:50,240,0.00,0.00,0.00,0
01/04/2026,12:07:51,242,0.00,0.00,0.00,0
01/04/2026,12:07:52,193,0.00,0.00,0.00,0
01/04/2026,12:07:53,144,0.00,0.00,0.00,0
01/04/2026,12:07:54,68,0.00,0.00,0.00,0
01/04/2026,12:07:55,2,0.00,0.00,0.00,0
01/04/2026,12:07:56,0,0.00,0.00,0.00,0
01/04/2026,12:07:58,0,0.00,0.00,0.00,0
01/04/2026,12:07:59,0,0.00,0.00,0.00,0
01/04/2026,12:08:00,0,0.00,0.00,0.00,0
01/04/2026,12:08:01,0,0.00,0.00,0.00,0
01/04/2026,12:08:02,0,0.00,0.00,0.00,0
01/04/2026,12:08:03,0,0.00,0.00,0.00,0
01/04/2026,12:08:04,0,0.00,0.00,0.00,0
01/04/2026,12:08:05,0,0.00,0.00,0.00,0
01/04/2026,12:08:06,0,0.00,0.00,0.00,0
01/04/2026,12:08:07,0,0.00,0.00,0.00,0
01/04/2026,12:08:08,0,0.00,0.00,0.00,0
01/04/2026,12:08:09,119,0.00,0.00,0.00,0
01/04/2026,12:08:10,190,0.00,0.00,0.00,0
01/04/2026,12:08:11,238,0.00,0.00,0.00,0
01/04/2026,12:08:12,224,0.00,0.00,0.00,0
01/04/2026,12:08:13,202,0.00,0.00,0.00,0
01/04/2026,12:08:14,155,0.00,0.00,0.00,0
01/04/2026,12:08:15,140,0.00,0.00,0.00,0
01/04/2026,12:08:16,173,0.00,0.00,0.00,0
01/04/2026,12:08:17,145,0.00,0.00,0.00,0
01/04/2026,12:08:18,194,0.00,0.00,0.00,0
01/04/2026,12:08:19,170,0.00,0.00,0.00,0
01/04/2026,12:08:20,206,0.00,0.00,0.00,0
01/04/2026,12:08:21,270,0.00,0.00,0.00,0
01/04/2026,12:08:22,229,0.00,0.00,0.00,0
01/04/2026,12:08:23,191,0.00,0.00,0.00,0
01/04/2026,12:08:24,47,0.00,0.00,0.00,0
01/04/2026,12:08:25,0,0.00,0.00,0.00,0
01/04/2026,12:08:26,0,0.00,0.00,0.00,0
01/04/2026,12:08:27,0,0.00,0.00,0.00,0
01/04/2026,12:08:28,0,0.00,0.00,0.00,0
01/04/2026,12:08:29,0,0.00,0.00,0.00,0
01/04/2026,12:08:30,0,0.00,0.00,0.00,0
01/04/2026,12:08:31,0,0.00,0.00,0.00,0
01/04/2026,12:08:32,0,0.00,0.00,0.00,0
01/04/2026,12:08:33,0,0.00,0.00,0.00,0
01/04/2026,12:08:34,0,0.00,0.00,0.00,0
01/04/2026,12:08:35,0,0.00,0.00,0.00,0
01/04/2026,12:08:36,0,0.00,0.00,0.00,0
01/04/2026,12:08:37,0,0.00,0.00,0.00,0
01/04/2026,12:08:38,0,0.00,0.00,0.00,0
01/04/2026,12:08:39,0,0.00,0.00,0.00,0
01/04/2026,12:08:40,0,0.00,0.00,0.00,0
01/04/2026,12:08:41,0,0.00,0.00,0.00,0
01/04/2026,12:08:42,0,0.00,0.00,0.00,0
01/04/2026,12:08:43,0,0.00,0.00,0.00,0
01/04/2026,12:08:44,0,0.00,0.00,0.00,0
01/04/2026,12:08:45,0,0.00,0.00,0.00,0
01/04/2026,12:08:47,0,0.00,0.00,0.00,0
01/04/2026,12:08:48,0,0.00,0.00,0.00,0
01/04/2026,12:08:49,0,0.00,0.00,0.00,0
01/04/2026,12:08:50,0,0.00,0.00,0.00,0
01/04/2026,12:08:51,0,0.00,0.00,0.00,0
01/04/2026,12:08:52,0,0.00,0.00,0.00,0
01/04/2026,12:08:53,0,0.00,0.00,0.00,0
01/04/2026,12:08:54,0,0.00,0.00,0.00,0
01/04/2026,12:08:55,0,0.00,0.00,0.00,0
01/04/2026,12:08:56,0,0.00,0.00,0.00,0
01/04/2026,12:08:57,0,0.00,0.00,0.00,0
01/04/2026,12:08:58,0,0.00,0.00,0.00,0
01/04/2026,12:08:59,0,0.00,0.00,0.00,0
01/04/2026,12:09:00,0,0.00,0.00,0.00,0
01/04/2026,12:09:01,0,0.00,0.00,0.00,0
01/04/2026,12:09:02,0,0.00,0.00,0.00,0
01/04/2026,12:09:03,0,0.00,0.00,0.00,0
01/04/2026,12:09:04,0,0.00,0.00,0.00,0
01/04/2026,12:09:05,0,0.00,0.00,0.00,0
01/04/2026,12:09:06,0,0.00,0.00,0.00,0
01/04/2026,12:09:07,0,0.00,0.00,0.00,0
01/04/2026,12:09:08,0,0.00,0.00,0.00,0
01/04/2026,12:09:09,0,0.00,0.00,0.00,0
01/04/2026,12:09:10,0,0.00,0.00,0.00,0
01/04/2026,12:09:11,0,0.00,0.00,0.00,0
01/04/2026,12:09:12,0,0.00,0.00,0.00,0
01/04/2026,12:09:13,0,0.00,0.00,0.00,0
01/04/2026,12:09:14,0,0.00,0.00,0.00,0
01/04/2026,12:09:15,0,0.00,0.00,0.00,0
01/04/2026,12:09:16,0,0.00,0.00,0.00,0
01/04/2026,12:09:17,0,0.00,0.00,0.00,0
01/04/2026,12:09:18,0,0.00,0.00,0.00,0
01/04/2026,12:09:19,0,0.00,0.00,0.00,0
01/04/2026,12:09:20,0,0.00,0.00,0.00,0
01/04/2026,12:09:21,0,0.00,0.00,0.00,0
01/04/2026,12:09:22,0,0.00,0.00,0.00,0
01/04/2026,12:09:23,0,0.00,0.00,0.00,0
01/04/2026,12:09:24,0,0.00,0.00,0.00,0
01/04/2026,12:09:25,0,0.00,0.00,0.00,0
01/04/2026,12:09:26,0,0.00,0.00,0.00,0
01/04/2026,12:09:27,0,0.00,0.00,0.00,0
01/04/2026,12:09:28,0,0.00,0.00,0.00,0
01/04/2026,12:09:29,0,0.00,0.00,0.00,0
01/04/2026,12:09:30,96,0.00,0.00,0.00,0
01/04/2026,12:09:31,201,0.00,0.00,0.00,0
01/04/2026,12:09:32,208,0.00,0.00,0.00,0
01/04/2026,12:09:33,91,0.00,0.00,0.00,0
01/04/2026,12:09:34,0,0.00,0.00,0.00,0
01/04/2026,12:09:35,0,0.00,0.00,0.00,0
01/04/2026,12:09:36,0,0.00,0.00,0.00,0
01/04/2026,12:09:38,0,0.00,0.00,0.00,0
01/04/2026,12:09:39,0,0.00,0.00,0.00,0
01/04/2026,12:09:40,0,0.00,0.00,0.00,0
01/04/2026,12:09:41,0,0.00,0.00,0.00,0
01/04/2026,12:09:42,0,0.00,0.00,0.00,0
01/04/2026,12:09:43,0,0.00,0.00,0.00,0
01/04/2026,12:09:44,0,0.00,0.00,0.00,0
01/04/2026,12:09:45,0,0.00,0.00,0.00,0
01/04/2026,12:09:46,0,0.00,0.00,0.00,0
01/04/2026,12:09:47,0,0.00,0.00,0.00,0
01/04/2026,12:09:48,0,0.00,0.00,0.00,0
01/04/2026,12:09:49,0,0.00,0.00,0.00,0
01/04/2026,12:09:50,0,0.00,0.00,0.00,0
01/04/2026,12:09:51,0,0.00,0.00,0.00,0
01/04/2026,12:09:52,0,0.00,0.00,0.00,0
01/04/2026,12:09:53,0,0.00,0.00,0.00,0
01/04/2026,12:09:54,0,0.00,0.00,0.00,0
01/04/2026,12:09:55,0,0.00,0.00,0.00,0
01/04/2026,12:09:56,0,0.00,0.00,0.00,0
01/04/2026,12:09:57,0,0.00,0.00,0.00,0
01/04/2026,12:09:58,0,0.00,0.00,0.00,0
01/04/2026,12:09:59,0,0.00,0.00,0.00,0
01/04/2026,12:10:00,0,0.00,0.00,0.00,0
01/04/2026,12:10:01,0,0.00,0.00,0.00,0
01/04/2026,12:10:02,0,0.00,0.00,0.00,0
01/04/2026,12:10:03,0,0.00,0.00,0.00,0
01/04/2026,12:10:04,0,0.00,0.00,0.00,0
01/04/2026,12:10:05,0,0.00,0.00,0.00,0
01/04/2026,12:10:06,0,0.00,0.00,0.00,0
01/04/2026,12:10:07,0,0.00,0.00,0.00,0
01/04/2026,12:10:08,0,0.00,0.00,0.00,0
01/04/2026,12:10:09,3,0.00,0.00,0.00,0
01/04/2026,12:10:10,80,0.00,0.00,0.00,0
01/04/2026,12:10:11,174,0.00,0.00,0.00,0
01/04/2026,12:10:12,213,0.00,0.00,0.00,0
01/04/2026,12:10:13,213,0.00,0.00,0.00,0
01/04/2026,12:10:14,209,0.00,0.00,0.00,0
01/04/2026,12:10:15,178,0.00,0.00,0.00,0
01/04/2026,12:10:16,119,0.00,0.00,0.00,0
01/04/2026,12:10:17,35,0.00,0.00,0.00,0
01/04/2026,12:10:18,0,0.00,0.00,0.00,0
01/04/2026,12:10:19,0,0.00,0.00,0.00,0
01/04/2026,12:10:20,0,0.00,0.00,0.00,0
01/04/2026,12:10:21,0,0.00,0.00,0.00,0
01/04/2026,12:10:22,16,0.00,0.00,0.00,0
01/04/2026,12:10:23,101,0.00,0.00,0.00,0
01/04/2026,12:10:24,134,0.00,0.00,0.00,0
01/04/2026,12:10:25,174,0.00,0.00,0.00,0
01/04/2026,12:10:26,197,0.00,0.00,0.00,0
01/04/2026,12:10:27,195,0.00,0.00,0.00,0
01/04/2026,12:10:29,201,0.00,0.00,0.00,0
01/04/2026,12:10:30,189,0.00,0.00,0.00,0
01/04/2026,12:10:31,177,0.00,0.00,0.00,0
01/04/2026,12:10:32,140,0.00,0.00,0.00,0
01/04/2026,12:10:33,70,0.00,0.00,0.00,0
01/04/2026,12:10:34,0,0.00,0.00,0.00,0
01/04/2026,12:10:35,0,0.00,0.00,0.00,0
01/04/2026,12:10:36,0,0.00,0.00,0.00,0
01/04/2026,12:10:37,0,0.00,0.00,0.00,0
01/04/2026,12:10:38,0,0.00,0.00,0.00,0
01/04/2026,12:10:39,0,0.00,0.00,0.00,0
01/04/2026,12:10:40,0,0.00,0.00,0.00,0
01/04/2026,12:10:41,0,0.00,0.00,0.00,0
01/04/2026,12:10:42,0,0.00,0.00,0.00,0
01/04/2026,12:10:43,0,0.00,0.00,0.00,0
01/04/2026,12:10:44,0,0.00,0.00,0.00,0
01/04/2026,12:10:45,0,0.00,0.00,0.00,0
01/04/2026,12:10:46,0,0.00,0.00,0.00,0
01/04/2026,12:10:47,0,0.00,0.00,0.00,0
01/04/2026,12:10:48,0,0.00,0.00,0.00,0
01/04/2026,12:10:49,0,0.00,0.00,0.00,0
01/04/2026,12:10:50,0,0.00,0.00,0.00,0
01/04/2026,12:10:51,0,0.00,0.00,0.00,0
01/04/2026,12:10:52,0,0.00,0.00,0.00,0
01/04/2026,12:10:53,0,0.00,0.00,0.00,0
01/04/2026,12:10:54,0,0.00,0.00,0.00,0
01/04/2026,12:10:55,0,0.00,0.00,0.00,0
01/04/2026,12:10:56,0,0.00,0.00,0.00,0
01/04/2026,12:10:57,0,0.00,0.00,0.00,0
01/04/2026,12:10:58,0,0.00,0.00,0.00,0
01/04/2026,12:10:59,0,0.00,0.00,0.00,0
01/04/2026,12:11:00,0,0.00,0.00,0.00,0
01/04/2026,12:11:01,0,0.00,0.00,0.00,0
01/04/2026,12:11:02,0,0.00,0.00,0.00,0
01/04/2026,12:11:03,0,0.00,0.00,0.00,0
01/04/2026,12:11:04,0,0.00,0.00,0.00,0
01/04/2026,12:11:05,0,0.00,0.00,0.00,0
01/04/2026,12:11:06,0,0.00,0.00,0.00,0
01/04/2026,12:11:07,0,0.00,0.00,0.00,0
01/04/2026,12:11:08,0,0.00,0.00,0.00,0
01/04/2026,12:11:09,0,0.00,0.00,0.00,0
01/04/2026,12:11:10,0,0.00,0.00,0.00,0
01/04/2026,12:11:11,0,0.00,0.00,0.00,0
01/04/2026,12:11:12,9,0.00,0.00,0.00,0
01/04/2026,12:11:13,208,0.00,0.00,0.00,0
01/04/2026,12:11:14,234,0.00,0.00,0.00,0
01/04/2026,12:11:15,151,0.00,0.00,0.00,0
01/04/2026,12:11:16,18,0.00,0.00,0.00,0
01/04/2026,12:11:17,0,0.00,0.00,0.00,0
01/04/2026,12:11:18,0,0.00,0.00,0.00,0
01/04/2026,12:11:20,0,0.00,0.00,0.00,0
01/04/2026,12:11:21,0,0.00,0.00,0.00,0
01/04/2026,12:11:22,0,0.00,0.00,0.00,0
01/04/2026,12:11:23,0,0.00,0.00,0.00,0
01/04/2026,12:11:24,0,0.00,0.00,0.00,0
01/04/2026,12:11:25,0,0.00,0.00,0.00,0
01/04/2026,12:11:26,0,0.00,0.00,0.00,0
01/04/2026,12:11:27,0,0.00,0.00,0.00,0
01/04/2026,12:11:28,0,0.00,0.00,0.00,0
01/04/2026,12:11:29,0,0.00,0.00,0.00,0
01/04/2026,12:11:30,0,0.00,0.00,0.00,0
01/04/2026,12:11:31,0,0.00,0.00,0.00,0
01/04/2026,12:11:32,0,0.00,0.00,0.00,0
01/04/2026,12:11:33,0,0.00,0.00,0.00,0
01/04/2026,12:11:34,0,0.00,0.00,0.00,0
01/04/2026,12:11:35,0,0.00,0.00,0.00,0
01/04/2026,12:11:36,0,0.00,0.00,0.00,0
01/04/2026,12:11:37,0,0.00,0.00,0.00,0
01/04/2026,12:11:38,0,0.00,0.00,0.00,0
01/04/2026,12:11:39,0,0.00,0.00,0.00,0
01/04/2026,12:11:40,0,0.00,0.00,0.00,0
01/04/2026,12:11:41,0,0.00,0.00,0.00,0
01/04/2026,12:11:42,0,0.00,0.00,0.00,0
01/04/2026,12:11:43,0,0.00,0.00,0.00,0
01/04/2026,12:11:44,0,0.00,0.00,0.00,0
01/04/2026,12:11:45,0,0.00,0.00,0.00,0
01/04/2026,12:11:46,0,0.00,0.00,0.00,0
01/04/2026,12:11:47,0,0.00,0.00,0.00,0
01/04/2026,12:11:48,0,0.00,0.00,0.00,0
01/04/2026,12:11:49,0,0.00,0.00,0.00,0
01/04/2026,12:11:50,0,0.00,0.00,0.00,0
01/04/2026,12:11:51,0,0.00,0.00,0.00,0
01/04/2026,12:11:52,0,0.00,0.00,0.00,0
01/04/2026,12:11:53,0,0.00,0.00,0.00,0
01/04/2026,12:11:54,0,0.00,0.00,0.00,0
01/04/2026,12:11:55,0,0.00,0.00,0.00,0
01/04/2026,12:11:56,0,0.00,0.00,0.00,0
01/04/2026,12:11:57,0,0.00,0.00,0.00,0
01/04/2026,12:11:58,0,0.00,0.00,0.00,0
01/04/2026,12:11:59,0,0.00,0.00,0.00,0
01/04/2026,12:12:00,0,0.00,0.00,0.00,0
01/04/2026,12:12:01,80,0.00,0.00,0.00,0
01/04/2026,12:12:02,137,0.00,0.00,0.00,0
01/04/2026,12:12:03,197,0.00,0.00,0.00,0
01/04/2026,12:12:04,213,0.00,0.00,0.00,0
01/04/2026,12:12:05,223,0.00,0.00,0.00,0
01/04/2026,12:12:06,222,0.00,0.00,0.00,0
01/04/2026,12:12:07,232,0.00,0.00,0.00,0
01/04/2026,12:12:08,238,0.00,0.00,0.00,0
01/04/2026,12:12:10,233,0.00,0.00,0.00,0
01/04/2026,12:12:11,212,0.00,0.00,0.00,0
01/04/2026,12:12:12,219,0.00,0.00,0.00,0
01/04/2026,12:12:13,213,0.00,0.00,0.00,0
01/04/2026,12:12:14,173,0.00,0.00,0.00,0
01/04/2026,12:12:15,93,0.00,0.00,0.00,0
01/04/2026,12:12:16,0,0.00,0.00,0.00,0
01/04/2026,12:12:17,0,0.00,0.00,0.00,0
01/04/2026,12:12:18,0,0.00,0.00,0.00,0
01/04/2026,12:12:19,0,0.00,0.00,0.00,0
01/04/2026,12:12:20,0,0.00,0.00,0.00,0
01/04/2026,12:12:21,0,0.00,0.00,0.00,0
01/04/2026,12:12:22,0,0.00,0.00,0.00,0
01/04/2026,12:12:23,0,0.00,0.00,0.00,0
01/04/2026,12:12:24,0,0.00,0.00,0.00,0
01/04/2026,12:12:25,0,0.00,0.00,0.00,0
01/04/2026,12:12:26,0,0.00,0.00,0.00,0
01/04/2026,12:12:27,0,0.00,0.00,0.00,0
01/04/2026,12:12:28,0,0.00,0.00,0.00,0
01/04/2026,12:12:29,0,0.00,0.00,0.00,0
01/04/2026,12:12:30,0,0.00,0.00,0.00,0
01/04/2026,12:12:31,0,0.00,0.00,0.00,0
01/04/2026,12:12:32,0,0.00,0.00,0.00,0
01/04/2026,12:12:33,0,0.00,0.00,0.00,0
01/04/2026,12:12:34,0,0.00,0.00,0.00,0
01/04/2026,12:12:35,0,0.00,0.00,0.00,0
01/04/2026,12:12:36,0,0.00,0.00,0.00,0
01/04/2026,12:12:37,0,0.00,0.00,0.00,0
01/04/2026,12:12:38,0,0.00,0.00,0.00,0
01/04/2026,12:12:39,0,0.00,0.00,0.00,0
01/04/2026,12:12:40,0,0.00,0.00,0.00,0
01/04/2026,12:12:41,0,0.00,0.00,0.00,0
01/04/2026,12:12:42,0,0.00,0.00,0.00,0
01/04/2026,12:12:43,0,0.00,0.00,0.00,0
01/04/2026,12:12:44,0,0.00,0.00,0.00,0
01/04/2026,12:12:45,0,0.00,0.00,0.00,0
01/04/2026,12:12:46,0,0.00,0.00,0.00,0
01/04/2026,12:12:47,0,0.00,0.00,0.00,0
01/04/2026,12:12:48,0,0.00,0.00,0.00,0
01/04/2026,12:12:49,0,0.00,0.00,0.00,0
01/04/2026,12:12:50,0,0.00,0.00,0.00,0
01/04/2026,12:12:51,0,0.00,0.00,0.00,0
01/04/2026,12:12:52,0,0.00,0.00,0.00,0
01/04/2026,12:12:53,0,0.00,0.00,0.00,0
01/04/2026,12:12:54,0,0.00,0.00,0.00,0
01/04/2026,12:12:55,0,0.00,0.00,0.00,0
01/04/2026,12:12:56,0,0.00,0.00,0.00,0
01/04/2026,12:12:57,0,0.00,0.00,0.00,0
01/04/2026,12:12:59,0,0.00,0.00,0.00,0
01/04/2026,12:13:00,0,0.00,0.00,0.00,0
01/04/2026,12:13:01,50,0.00,0.00,0.00,0
01/04/2026,12:13:02,133,0.00,0.00,0.00,0
01/04/2026,12:13:03,224,0.00,0.00,0.00,0
01/04/2026,12:13:04,208,0.00,0.00,0.00,0
01/04/2026,12:13:05,179,0.00,0.00,0.00,0
01/04/2026,12:13:06,55,0.00,0.00,0.00,0
01/04/2026,12:13:07,0,0.00,0.00,0.00,0
01/04/2026,12:13:08,0,0.00,0.00,0.00,0
01/04/2026,12:13:09,0,0.00,0.00,0.00,0
01/04/2026,12:13:10,0,0.00,0.00,0.00,0
01/04/2026,12:13:11,0,0.00,0.00,0.00,0
01/04/2026,12:13:12,0,0.00,0.00,0.00,0
01/04/2026,12:13:13,0,0.00,0.00,0.00,0
01/04/2026,12:13:14,0,0.00,0.00,0.00,0
01/04/2026,12:13:15,0,0.00,0.00,0.00,0
01/04/2026,12:13:16,0,0.00,0.00,0.00,0
01/04/2026,12:13:17,0,0.00,0.00,0.00,0
01/04/2026,12:13:18,0,0.00,0.00,0.00,0
01/04/2026,12:13:19,0,0.00,0.00,0.00,0
01/04/2026,12:13:20,0,0.00,0.00,0.00,0
01/04/2026,12:13:21,0,0.00,0.00,0.00,0
01/04/2026,12:13:22,0,0.00,0.00,0.00,0
01/04/2026,12:13:23,0,0.00,0.00,0.00,0
01/04/2026,12:13:24,0,0.00,0.00,0.00,0
01/04/2026,12:13:25,0,0.00,0.00,0.00,0
01/04/2026,12:13:26,0,0.00,0.00,0.00,0
01/04/2026,12:13:27,0,0.00,0.00,0.00,0
01/04/2026,12:13:28,192,0.00,0.00,0.00,0
01/04/2026,12:13:29,208,0.00,0.00,0.00,0
01/04/2026,12:13:30,59,0.00,0.00,0.00,0
01/04/2026,12:13:31,0,0.00,0.00,0.00,0
01/04/2026,12:13:32,0,0.00,0.00,0.00,0
01/04/2026,12:13:33,0,0.00,0.00,0.00,0
01/04/2026,12:13:34,0,0.00,0.00,0.00,0
01/04/2026,12:13:35,0,0.00,0.00,0.00,0
01/04/2026,12:13:36,0,0.00,0.00,0.00,0
01/04/2026,12:13:37,0,0.00,0.00,0.00,0
01/04/2026,12:13:38,0,0.00,0.00,0.00,0
01/04/2026,12:13:39,0,0.00,0.00,0.00,0
01/04/2026,12:13:40,0,0.00,0.00,0.00,0
01/04/2026,12:13:41,0,0.00,0.00,0.00,0
01/04/2026,12:13:42,0,0.00,0.00,0.00,0
01/04/2026,12:13:43,0,0.00,0.00,0.00,0
01/04/2026,12:13:44,0,0.00,0.00,0.00,0
01/04/2026,12:13:45,0,0.00,0.00,0.00,0
01/04/2026,12:13:46,0,0.00,0.00,0.00,0
01/04/2026,12:13:47,0,0.00,0.00,0.00,0
01/04/2026,12:13:48,0,0.00,0.00,0.00,0
01/04/2026,12:13:50,0,0.00,0.00,0.00,0
01/04/2026,12:13:51,0,0.00,0.00,0.00,0
01/04/2026,12:13:52,0,0.00,0.00,0.00,0
01/04/2026,12:13:53,0,0.00,0.00,0.00,0
01/04/2026,12:13:54,0,0.00,0.00,0.00,0
01/04/2026,12:13:55,0,0.00,0.00,0.00,0
01/04/2026,12:13:56,0,0.00,0.00,0.00,0
01/04/2026,12:13:57,0,0.00,0.00,0.00,0
01/04/2026,12:13:58,0,0.00,0.00,0.00,0
01/04/2026,12:13:59,0,0.00,0.00,0.00,0
01/04/2026,12:14:00,0,0.00,0.00,0.00,0
01/04/2026,12:14:01,31,0.00,0.00,0.00,0
01/04/2026,12:14:02,45,0.00,0.00,0.00,0
01/04/2026,12:14:03,106,0.00,0.00,0.00,0
01/04/2026,12:14:04,146,0.00,0.00,0.00,0
01/04/2026,12:14:05,114,0.00,0.00,0.00,0
01/04/2026,12:14:06,116,0.00,0.00,0.00,0
01/04/2026,12:14:07,89,0.00,0.00,0.00,0
01/04/2026,12:14:08,61,0.00,0.00,0.00,0
01/04/2026,12:14:09,16,0.00,0.00,0.00,0
01/04/2026,12:14:10,0,0.00,0.00,0.00,0
01/04/2026,12:14:11,0,0.00,0.00,0.00,0
01/04/2026,12:14:12,0,0.00,0.00,0.00,0
01/04/2026,12:14:13,0,0.00,0.00,0.00,0
01/04/2026,12:14:14,0,0.00,0.00,0.00,0
01/04/2026,12:14:15,0,0.00,0.00,0.00,0
01/04/2026,12:14:16,0,0.00,0.00,0.00,0
01/04/2026,12:14:17,0,0.00,0.00,0.00,0
01/04/2026,12:14:18,0,0.00,0.00,0.00,0
01/04/2026,12:14:19,0,0.00,0.00,0.00,0
01/04/2026,12:14:20,0,0.00,0.00,0.00,0
01/04/2026,12:14:21,0,0.00,0.00,0.00,0
01/04/2026,12:14:22,0,0.00,0.00,0.00,0
01/04/2026,12:14:23,0,0.00,0.00,0.00,0
01/04/2026,12:14:24,0,0.00,0.00,0.00,0
01/04/2026,12:14:25,0,0.00,0.00,0.00,0
01/04/2026,12:14:26,0,0.00,0.00,0.00,0
01/04/2026,12:14:27,0,0.00,0.00,0.00,0
01/04/2026,12:14:28,0,0.00,0.00,0.00,0
01/04/2026,12:14:29,0,0.00,0.00,0.00,0
01/04/2026,12:14:30,0,0.00,0.00,0.00,0
01/04/2026,12:14:31,0,0.00,0.00,0.00,0
01/04/2026,12:14:32,0,0.00,0.00,0.00,0
01/04/2026,12:14:33,0,0.00,0.00,0.00,0
01/04/2026,12:14:34,0,0.00,0.00,0.00,0
01/04/2026,12:14:35,0,0.00,0.00,0.00,0
01/04/2026,12:14:36,0,0.00,0.00,0.00,0
01/04/2026,12:14:37,0,0.00,0.00,0.00,0
01/04/2026,12:14:38,0,0.00,0.00,0.00,0
01/04/2026,12:14:39,0,0.00,0.00,0.00,0
01/04/2026,12:14:41,0,0.00,0.00,0.00,0
01/04/2026,12:14:42,0,0.00,0.00,0.00,0
01/04/2026,12:14:43,0,0.00,0.00,0.00,0
01/04/2026,12:14:44,0,0.00,0.00,0.00,0
01/04/2026,12:14:45,0,0.00,0.00,0.00,0
01/04/2026,12:14:46,0,0.00,0.00,0.00,0
01/04/2026,12:14:47,0,0.00,0.00,0.00,0
01/04/2026,12:14:48,0,0.00,0.00,0.00,0
01/04/2026,12:14:49,0,0.00,0.00,0.00,0
01/04/2026,12:14:50,0,0.00,0.00,0.00,0
01/04/2026,12:14:51,0,0.00,0.00,0.00,0
01/04/2026,12:14:52,0,0.00,0.00,0.00,0
01/04/2026,12:14:53,0,0.00,0.00,0.00,0
01/04/2026,12:14:54,0,0.00,0.00,0.00,0
01/04/2026,12:14:55,0,0.00,0.00,0.00,0
01/04/2026,12:14:56,0,0.00,0.00,0.00,0
01/04/2026,12:14:57,0,0.00,0.00,0.00,0
01/04/2026,12:14:58,0,0.00,0.00,0.00,0
01/04/2026,12:14:59,0,0.00,0.00,0.00,0
01/04/2026,12:15:00,0,0.00,0.00,0.00,0
01/04/2026,12:15:01,0,0.00,0.00,0.00,0
01/04/2026,12:15:02,0,0.00,0.00,0.00,0
01/04/2026,12:15:03,23,0.00,0.00,0.00,0
01/04/2026,12:15:04,133,0.00,0.00,0.00,0
01/04/2026,12:15:05,228,0.00,0.00,0.00,0
01/04/2026,12:15:06,268,0.00,0.00,0.00,0
01/04/2026,12:15:07,213,0.00,0.00,0.00,0
01/04/2026,12:15:08,183,0.00,0.00,0.00,0
01/04/2026,12:15:09,81,0.00,0.00,0.00,0
01/04/2026,12:15:10,2,0.00,0.00,0.00,0
01/04/2026,12:15:11,0,0.00,0.00,0.00,0
01/04/2026,12:15:12,0,0.00,0.00,0.00,0
01/04/2026,12:15:13,0,0.00,0.00,0.00,0
01/04/2026,12:15:14,0,0.00,0.00,0.00,0
01/04/2026,12:15:15,0,0.00,0.00,0.00,0
01/04/2026,12:15:16,0,0.00,0.00,0.00,0
01/04/2026,12:15:17,0,0.00,0.00,0.00,0
01/04/2026,12:15:18,0,0.00,0.00,0.00,0
01/04/2026,12:15:19,0,0.00,0.00,0.00,0
01/04/2026,12:15:20,0,0.00,0.00,0.00,0
01/04/2026,12:15:21,0,0.00,0.00,0.00,0
01/04/2026,12:15:22,0,0.00,0.00,0.00,0
01/04/2026,12:15:23,0,0.00,0.00,0.00,0
01/04/2026,12:15:24,0,0.00,0.00,0.00,0
01/04/2026,12:15:25,0,0.00,0.00,0.00,0
01/04/2026,12:15:26,0,0.00,0.00,0.00,0
01/04/2026,12:15:27,0,0.00,0.00,0.00,0
01/04/2026,12:15:28,0,0.00,0.00,0.00,0
01/04/2026,12:15:29,0,0.00,0.00,0.00,0
01/04/2026,12:15:30,0,0.00,0.00,0.00,0
01/04/2026,12:15:32,0,0.00,0.00,0.00,0
01/04/2026,12:15:33,0,0.00,0.00,0.00,0
01/04/2026,12:15:34,0,0.00,0.00,0.00,0
01/04/2026,12:15:35,0,0.00,0.00,0.00,0
01/04/2026,12:15:36,0,0.00,0.00,0.00,0
01/04/2026,12:15:37,0,0.00,0.00,0.00,0
01/04/2026,12:15:38,0,0.00,0.00,0.00,0
01/04/2026,12:15:39,0,0.00,0.00,0.00,0
01/04/2026,12:15:40,0,0.00,0.00,0.00,0
01/04/2026,12:15:41,0,0.00,0.00,0.00,0
01/04/2026,12:15:42,0,0.00,0.00,0.00,0
01/04/2026,12:15:43,0,0.00,0.00,0.00,0
01/04/2026,12:15:44,0,0.00,0.00,0.00,0
01/04/2026,12:15:45,0,0.00,0.00,0.00,0
01/04/2026,12:15:46,0,0.00,0.00,0.00,0
01/04/2026,12:15:47,0,0.00,0.00,0.00,0
01/04/2026,12:15:48,0,0.00,0.00,0.00,0
01/04/2026,12:15:49,0,0.00,0.00,0.00,0
01/04/2026,12:15:50,0,0.00,0.00,0.00,0
01/04/2026,12:15:51,0,0.00,0.00,0.00,0
01/04/2026,12:15:52,0,0.00,0.00,0.00,0
01/04/2026,12:15:53,0,0.00,0.00,0.00,0
01/04/2026,12:15:54,0,0.00,0.00,0.00,0
01/04/2026,12:15:55,0,0.00,0.00,0.00,0
01/04/2026,12:15:56,0,0.00,0.00,0.00,0
01/04/2026,12:15:57,0,0.00,0.00,0.00,0
01/04/2026,12:15:58,0,0.00,0.00,0.00,0
01/04/2026,12:15:59,0,0.00,0.00,0.00,0
01/04/2026,12:16:00,0,0.00,0.00,0.00,0
01/04/2026,12:16:01,0,0.00,0.00,0.00,0
01/04/2026,12:16:02,0,0.00,0.00,0.00,0
01/04/2026,12:16:03,0,0.00,0.00,0.00,0
01/04/2026,12:16:04,0,0.00,0.00,0.00,0
01/04/2026,12:16:05,0,0.00,0.00,0.00,0
01/04/2026,12:16:06,0,0.00,0.00,0.00,0
01/04/2026,12:16:07,0,0.00,0.00,0.00,0
01/04/2026,12:16:08,0,0.00,0.00,0.00,0
01/04/2026,12:16:09,0,0.00,0.00,0.00,0
01/04/2026,12:16:10,0,0.00,0.00,0.00,0
01/04/2026,12:16:11,0,0.00,0.00,0.00,0
01/04/2026,12:16:12,42,0.00,0.00,0.00,0
01/04/2026,12:16:13,106,0.00,0.00,0.00,0
01/04/2026,12:16:14,212,0.00,0.00,0.00,0
01/04/2026,12:16:15,269,0.00,0.00,0.00,0
01/04/2026,12:16:16,260,0.00,0.00,0.00,0
01/04/2026,12:16:17,215,0.00,0.00,0.00,0
01/04/2026,12:16:18,122,0.00,0.00,0.00,0
01/04/2026,12:16:19,0,0.00,0.00,0.00,0
01/04/2026,12:16:20,0,0.00,0.00,0.00,0
01/04/2026,12:16:22,0,0.00,0.00,0.00,0
01/04/2026,12:16:23,0,0.00,0.00,0.00,0
01/04/2026,12:16:24,0,0.00,0.00,0.00,0
01/04/2026,12:16:25,0,0.00,0.00,0.00,0
01/04/2026,12:16:26,0,0.00,0.00,0.00,0
01/04/2026,12:16:27,0,0.00,0.00,0.00,0
01/04/2026,12:16:28,0,0.00,0.00,0.00,0
01/04/2026,12:16:29,0,0.00,0.00,0.00,0
01/04/2026,12:16:30,0,0.00,0.00,0.00,0
01/04/2026,12:16:31,0,0.00,0.00,0.00,0
01/04/2026,12:16:32,0,0.00,0.00,0.00,0
01/04/2026,12:16:33,0,0.00,0.00,0.00,0
01/04/2026,12:16:34,0,0.00,0.00,0.00,0
01/04/2026,12:16:35,0,0.00,0.00,0.00,0
01/04/2026,12:16:36,0,0.00,0.00,0.00,0
01/04/2026,12:16:37,0,0.00,0.00,0.00,0
01/04/2026,12:16:38,0,0.00,0.00,0.00,0
01/04/2026,12:16:39,0,0.00,0.00,0.00,0
01/04/2026,12:16:40,0,0.00,0.00,0.00,0
01/04/2026,12:16:41,0,0.00,0.00,0.00,0
01/04/2026,12:16:42,0,0.00,0.00,0.00,0
01/04/2026,12:16:43,0,0.00,0.00,0.00,0
01/04/2026,12:16:44,50,0.00,0.00,0.00,0
01/04/2026,12:16:45,80,0.00,0.00,0.00,0
01/04/2026,12:16:46,112,0.00,0.00,0.00,0
01/04/2026,12:16:47,129,0.00,0.00,0.00,0
01/04/2026,12:16:48,123,0.00,0.00,0.00,0
01/04/2026,12:16:49,109,0.00,0.00,0.00,0
01/04/2026,12:16:50,141,0.00,0.00,0.00,0
01/04/2026,12:16:51,146,0.00,0.00,0.00,0
01/04/2026,12:16:52,155,0.00,0.00,0.00,0
01/04/2026,12:16:53,142,0.00,0.00,0.00,0
01/04/2026,12:16:54,131,0.00,0.00,0.00,0
01/04/2026,12:16:55,160,0.00,0.00,0.00,0
01/04/2026,12:16:56,167,0.00,0.00,0.00,0
01/04/2026,12:16:57,119,0.00,0.00,0.00,0
01/04/2026,12:16:58,134,0.00,0.00,0.00,0
01/04/2026,12:16:59,82,0.00,0.00,0.00,0
01/04/2026,12:17:00,22,0.00,0.00,0.00,0
01/04/2026,12:17:01,0,0.00,0.00,0.00,0
01/04/2026,12:17:02,0,0.00,0.00,0.00,0
01/04/2026,12:17:03,0,0.00,0.00,0.00,0
01/04/2026,12:17:04,0,0.00,0.00,0.00,0
01/04/2026,12:17:05,0,0.00,0.00,0.00,0
01/04/2026,12:17:06,0,0.00,0.00,0.00,0
01/04/2026,12:17:07,0,0.00,0.00,0.00,0
01/04/2026,12:17:08,0,0.00,0.00,0.00,0
01/04/2026,12:17:09,0,0.00,0.00,0.00,0
01/04/2026,12:17:10,0,0.00,0.00,0.00,0
01/04/2026,12:17:11,0,0.00,0.00,0.00,0
01/04/2026,12:17:13,0,0.00,0.00,0.00,0
01/04/2026,12:17:14,0,0.00,0.00,0.00,0
01/04/2026,12:17:15,0,0.00,0.00,0.00,0
01/04/2026,12:17:16,0,0.00,0.00,0.00,0
01/04/2026,12:17:17,0,0.00,0.00,0.00,0
01/04/2026,12:17:18,0,0.00,0.00,0.00,0
01/04/2026,12:17:19,0,0.00,0.00,0.00,0
01/04/2026,12:17:20,0,0.00,0.00,0.00,0
01/04/2026,12:17:21,0,0.00,0.00,0.00,0
01/04/2026,12:17:22,0,0.00,0.00,0.00,0
01/04/2026,12:17:23,0,0.00,0.00,0.00,0
01/04/2026,12:17:24,0,0.00,0.00,0.00,0
01/04/2026,12:17:25,0,0.00,0.00,0.00,0
01/04/2026,12:17:26,0,0.00,0.00,0.00,0
01/04/2026,12:17:27,0,0.00,0.00,0.00,0
01/04/2026,12:17:28,0,0.00,0.00,0.00,0
01/04/2026,12:17:29,0,0.00,0.00,0.00,0
01/04/2026,12:17:30,0,0.00,0.00,0.00,0
01/04/2026,12:17:31,0,0.00,0.00,0.00,0
01/04/2026,12:17:32,0,0.00,0.00,0.00,0
01/04/2026,12:17:33,0,0.00,0.00,0.00,0
01/04/2026,12:17:34,0,0.00,0.00,0.00,0
01/04/2026,12:17:35,0,0.00,0.00,0.00,0
01/04/2026,12:17:36,14,0.00,0.00,0.00,0
01/04/2026,12:17:37,135,0.00,0.00,0.00,0
01/04/2026,12:17:38,205,0.00,0.00,0.00,0
01/04/2026,12:17:39,213,0.00,0.00,0.00,0
01/04/2026,12:17:40,192,0.00,0.00,0.00,0
01/04/2026,12:17:41,55,0.00,0.00,0.00,0
01/04/2026,12:17:42,0,0.00,0.00,0.00,0
01/04/2026,12:17:43,0,0.00,0.00,0.00,0
01/04/2026,12:17:44,0,0.00,0.00,0.00,0
01/04/2026,12:17:45,0,0.00,0.00,0.00,0
01/04/2026,12:17:46,0,0.00,0.00,0.00,0
01/04/2026,12:17:47,0,0.00,0.00,0.00,0
01/04/2026,12:17:48,0,0.00,0.00,0.00,0
01/04/2026,12:17:49,0,0.00,0.00,0.00,0
01/04/2026,12:17:50,0,0.00,0.00,0.00,0
01/04/2026,12:17:51,0,0.00,0.00,0.00,0
01/04/2026,12:17:52,0,0.00,0.00,0.00,0
01/04/2026,12:17:53,0,0.00,0.00,0.00,0
01/04/2026,12:17:54,0,0.00,0.00,0.00,0
01/04/2026,12:17:55,0,0.00,0.00,0.00,0
01/04/2026,12:17:56,0,0.00,0.00,0.00,0
01/04/2026,12:17:57,0,0.00,0.00,0.00,0
01/04/2026,12:17:58,0,0.00,0.00,0.00,0
01/04/2026,12:17:59,0,0.00,0.00,0.00,0
01/04/2026,12:18:00,0,0.00,0.00,0.00,0
01/04/2026,12:18:01,0,0.00,0.00,0.00,0
01/04/2026,12:18:03,0,0.00,0.00,0.00,0
01/04/2026,12:18:04,0,0.00,0.00,0.00,0
01/04/2026,12:18:05,0,0.00,0.00,0.00,0
01/04/2026,12:18:06,0,0.00,0.00,0.00,0
01/04/2026,12:18:07,0,0.00,0.00,0.00,0
01/04/2026,12:18:08,0,0.00,0.00,0.00,0
01/04/2026,12:18:09,0,0.00,0.00,0.00,0
01/04/2026,12:18:10,0,0.00,0.00,0.00,0
01/04/2026,12:18:11,0,0.00,0.00,0.00,0
01/04/2026,12:18:12,0,0.00,0.00,0.00,0
01/04/2026,12:18:13,0,0.00,0.00,0.00,0
01/04/2026,12:18:14,0,0.00,0.00,0.00,0
01/04/2026,12:18:15,0,0.00,0.00,0.00,0
01/04/2026,12:18:16,0,0.00,0.00,0.00,0
01/04/2026,12:18:17,0,0.00,0.00,0.00,0
01/04/2026,12:18:18,0,0.00,0.00,0.00,0
01/04/2026,12:18:19,0,0.00,0.00,0.00,0
01/04/2026,12:18:20,0,0.00,0.00,0.00,0
01/04/2026,12:18:21,0,0.00,0.00,0.00,0
01/04/2026,12:18:22,0,0.00,0.00,0.00,0
01/04/2026,12:18:23,0,0.00,0.00,0.00,0
01/04/2026,12:18:24,0,0.00,0.00,0.00,0
01/04/2026,12:18:25,0,0.00,0.00,0.00,0
01/04/2026,12:18:26,0,0.00,0.00,0.00,0
01/04/2026,12:18:27,0,0.00,0.00,0.00,0
01/04/2026,12:18:28,0,0.00,0.00,0.00,0
01/04/2026,12:18:29,0,0.00,0.00,0.00,0
01/04/2026,12:18:30,0,0.00,0.00,0.00,0
01/04/2026,12:18:31,0,0.00,0.00,0.00,0
01/04/2026,12:18:32,0,0.00,0.00,0.00,0
01/04/2026,12:18:33,0,0.00,0.00,0.00,0
01/04/2026,12:18:34,0,0.00,0.00,0.00,0
01/04/2026,12:18:35,62,0.00,0.00,0.00,0
01/04/2026,12:18:36,213,0.00,0.00,0.00,0
01/04/2026,12:18:37,243,0.00,0.00,0.00,0
01/04/2026,12:18:38,151,0.00,0.00,0.00,0
01/04/2026,12:18:39,0,0.00,0.00,0.00,0
01/04/2026,12:18:40,0,0.00,0.00,0.00,0
01/04/2026,12:18:41,0,0.00,0.00,0.00,0
01/04/2026,12:18:42,0,0.00,0.00,0.00,0
01/04/2026,12:18:43,0,0.00,0.00,0.00,0
01/04/2026,12:18:44,0,0.00,0.00,0.00,0
01/04/2026,12:18:45,0,0.00,0.00,0.00,0
01/04/2026,12:18:46,0,0.00,0.00,0.00,0
01/04/2026,12:18:47,0,0.00,0.00,0.00,0
01/04/2026,12:18:48,0,0.00,0.00,0.00,0
01/04/2026,12:18:49,0,0.00,0.00,0.00,0
01/04/2026,12:18:50,0,0.00,0.00,0.00,0
01/04/2026,12:18:51,0,0.00,0.00,0.00,0
01/04/2026,12:18:52,0,0.00,0.00,0.00,0
01/04/2026,12:18:54,0,0.00,0.00,0.00,0
01/04/2026,12:18:55,0,0.00,0.00,0.00,0
01/04/2026,12:18:56,0,0.00,0.00,0.00,0
01/04/2026,12:18:57,0,0.00,0.00,0.00,0
01/04/2026,12:18:58,0,0.00,0.00,0.00,0
01/04/2026,12:18:59,0,0.00,0.00,0.00,0
01/04/2026,12:19:00,0,0.00,0.00,0.00,0
01/04/2026,12:19:01,0,0.00,0.00,0.00,0
01/04/2026,12:19:02,0,0.00,0.00,0.00,0
01/04/2026,12:19:03,0,0.00,0.00,0.00,0
01/04/2026,12:19:04,0,0.00,0.00,0.00,0
01/04/2026,12:19:05,0,0.00,0.00,0.00,0
01/04/2026,12:19:06,0,0.00,0.00,0.00,0
01/04/2026,12:19:07,0,0.00,0.00,0.00,0
01/04/2026,12:19:08,0,0.00,0.00,0.00,0
01/04/2026,12:19:09,0,0.00,0.00,0.00,0
01/04/2026,12:19:10,0,0.00,0.00,0.00,0
01/04/2026,12:19:11,0,0.00,0.00,0.00,0
01/04/2026,12:19:12,0,0.00,0.00,0.00,0
01/04/2026,12:19:13,0,0.00,0.00,0.00,0
01/04/2026,12:19:14,0,0.00,0.00,0.00,0
01/04/2026,12:19:15,0,0.00,0.00,0.00,0
01/04/2026,12:19:16,0,0.00,0.00,0.00,0
01/04/2026,12:19:17,0,0.00,0.00,0.00,0
01/04/2026,12:19:18,0,0.00,0.00,0.00,0
01/04/2026,12:19:19,0,0.00,0.00,0.00,0
01/04/2026,12:19:20,0,0.00,0.00,0.00,0
01/04/2026,12:19:21,0,0.00,0.00,0.00,0
01/04/2026,12:19:22,0,0.00,0.00,0.00,0
01/04/2026,12:19:23,0,0.00,0.00,0.00,0
01/04/2026,12:19:24,0,0.00,0.00,0.00,0
01/04/2026,12:19:25,0,0.00,0.00,0.00,0
01/04/2026,12:19:26,0,0.00,0.00,0.00,0
01/04/2026,12:19:27,0,0.00,0.00,0.00,0
01/04/2026,12:19:28,0,0.00,0.00,0.00,0
01/04/2026,12:19:29,0,0.00,0.00,0.00,0
01/04/2026,12:19:30,0,0.00,0.00,0.00,0
01/04/2026,12:19:31,0,0.00,0.00,0.00,0
01/04/2026,12:19:32,0,0.00,0.00,0.00,0
01/04/2026,12:19:33,0,0.00,0.00,0.00,0
01/04/2026,12:19:34,0,0.00,0.00,0.00,0
01/04/2026,12:19:35,0,0.00,0.00,0.00,0
01/04/2026,12:19:36,0,0.00,0.00,0.00,0
01/04/2026,12:19:37,0,0.00,0.00,0.00,0
01/04/2026,12:19:38,0,0.00,0.00,0.00,0
01/04/2026,12:19:39,0,0.00,0.00,0.00,0
01/04/2026,12:19:40,0,0.00,0.00,0.00,0
01/04/2026,12:19:41,0,0.00,0.00,0.00,0
01/04/2026,12:19:42,0,0.00,0.00,0.00,0
01/04/2026,12:19:43,0,0.00,0.00,0.00,0
01/04/2026,12:19:45,0,0.00,0.00,0.00,0
01/04/2026,12:19:46,0,0.00,0.00,0.00,0
01/04/2026,12:19:47,0,0.00,0.00,0.00,0
01/04/2026,12:19:48,0,0.00,0.00,0.00,0
01/04/2026,12:19:49,0,0.00,0.00,0.00,0
01/04/2026,12:19:50,0,0.00,0.00,0.00,0
01/04/2026,12:19:51,0,0.00,0.00,0.00,0
01/04/2026,12:19:52,0,0.00,0.00,0.00,0
01/04/2026,12:19:53,0,0.00,0.00,0.00,0
01/04/2026,12:19:54,6,0.00,0.00,0.00,0
01/04/2026,12:19:55,55,0.00,0.00,0.00,0
01/04/2026,12:19:56,127,0.00,0.00,0.00,0
01/04/2026,12:19:57,183,0.00,0.00,0.00,0
01/04/2026,12:19:58,210,0.00,0.00,0.00,0
01/04/2026,12:19:59,229,0.00,0.00,0.00,0
01/04/2026,12:20:00,198,0.00,0.00,0.00,0
01/04/2026,12:20:01,209,0.00,0.00,0.00,0
01/04/2026,12:20:02,161,0.00,0.00,0.00,0
01/04/2026,12:20:03,112,0.00,0.00,0.00,0
01/04/2026,12:20:04,57,0.00,0.00,0.00,0
01/04/2026,12:20:05,0,0.00,0.00,0.00,0
01/04/2026,12:20:06,0,0.00,0.00,0.00,0
01/04/2026,12:20:07,0,0.00,0.00,0.00,0
01/04/2026,12:20:08,0,0.00,0.00,0.00,0
01/04/2026,12:20:09,0,0.00,0.00,0.00,0
01/04/2026,12:20:10,0,0.00,0.00,0.00,0
01/04/2026,12:20:11,0,0.00,0.00,0.00,0
01/04/2026,12:20:12,0,0.00,0.00,0.00,0
01/04/2026,12:20:13,0,0.00,0.00,0.00,0
01/04/2026,12:20:14,0,0.00,0.00,0.00,0
01/04/2026,12:20:15,0,0.00,0.00,0.00,0
01/04/2026,12:20:16,0,0.00,0.00,0.00,0
01/04/2026,12:20:17,0,0.00,0.00,0.00,0
01/04/2026,12:20:18,0,0.00,0.00,0.00,0
01/04/2026,12:20:19,0,0.00,0.00,0.00,0
01/04/2026,12:20:20,0,0.00,0.00,0.00,0
01/04/2026,12:20:21,0,0.00,0.00,0.00,0
01/04/2026,12:20:22,0,0.00,0.00,0.00,0
01/04/2026,12:20:23,0,0.00,0.00,0.00,0
01/04/2026,12:20:24,0,0.00,0.00,0.00,0
01/04/2026,12:20:25,0,0.00,0.00,0.00,0
01/04/2026,12:20:26,0,0.00,0.00,0.00,0
01/04/2026,12:20:27,0,0.00,0.00,0.00,0
01/04/2026,12:20:28,0,0.00,0.00,0.00,0
01/04/2026,12:20:29,0,0.00,0.00,0.00,0
01/04/2026,12:20:30,0,0.00,0.00,0.00,0
01/04/2026,12:20:31,0,0.00,0.00,0.00,0
01/04/2026,12:20:32,0,0.00,0.00,0.00,0
01/04/2026,12:20:34,0,0.00,0.00,0.00,0
01/04/2026,12:20:35,0,0.00,0.00,0.00,0
01/04/2026,12:20:36,0,0.00,0.00,0.00,0
01/04/2026,12:20:37,0,0.00,0.00,0.00,0
01/04/2026,12:20:38,0,0.00,0.00,0.00,0
01/04/2026,12:20:39,42,0.00,0.00,0.00,0
01/04/2026,12:20:40,80,0.00,0.00,0.00,0
01/04/2026,12:20:41,113,0.00,0.00,0.00,0
01/04/2026,12:20:42,177,0.00,0.00,0.00,0
01/04/2026,12:20:43,123,0.00,0.00,0.00,0
01/04/2026,12:20:44,162,0.00,0.00,0.00,0
01/04/2026,12:20:45,204,0.00,0.00,0.00,0
01/04/2026,12:20:46,176,0.00,0.00,0.00,0
01/04/2026,12:20:47,209,0.00,0.00,0.00,0
01/04/2026,12:20:48,212,0.00,0.00,0.00,0
01/04/2026,12:20:49,256,0.00,0.00,0.00,0
01/04/2026,12:20:50,261,0.00,0.00,0.00,0
01/04/2026,12:20:51,306,0.00,0.00,0.00,0
01/04/2026,12:20:52,289,0.00,0.00,0.00,0
01/04/2026,12:20:53,288,0.00,0.00,0.00,0
01/04/2026,12:20:54,288,0.00,0.00,0.00,0
01/04/2026,12:20:55,305,0.00,0.00,0.00,0
01/04/2026,12:20:56,291,0.00,0.00,0.00,0
01/04/2026,12:20:57,293,0.00,0.00,0.00,0
01/04/2026,12:20:58,298,0.00,0.00,0.00,0
01/04/2026,12:20:59,277,0.00,0.00,0.00,0
01/04/2026,12:21:00,272,0.00,0.00,0.00,0
01/04/2026,12:21:01,214,0.00,0.00,0.00,0
01/04/2026,12:21:02,217,0.00,0.00,0.00,0
01/04/2026,12:21:03,140,0.00,0.00,0.00,0
01/04/2026,12:21:04,87,0.00,0.00,0.00,0
01/04/2026,12:21:05,0,0.00,0.00,0.00,0
01/04/2026,12:21:06,0,0.00,0.00,0.00,0
01/04/2026,12:21:07,0,0.00,0.00,0.00,0
01/04/2026,12:21:08,0,0.00,0.00,0.00,0
01/04/2026,12:21:09,0,0.00,0.00,0.00,0
01/04/2026,12:21:10,0,0.00,0.00,0.00,0
01/04/2026,12:21:11,0,0.00,0.00,0.00,0
01/04/2026,12:21:12,0,0.00,0.00,0.00,0
01/04/2026,12:21:13,0,0.00,0.00,0.00,0
01/04/2026,12:21:14,0,0.00,0.00,0.00,0
01/04/2026,12:21:15,0,0.00,0.00,0.00,0
01/04/2026,12:21:16,0,0.00,0.00,0.00,0
01/04/2026,12:21:17,0,0.00,0.00,0.00,0
01/04/2026,12:21:18,0,0.00,0.00,0.00,0
01/04/2026,12:21:19,0,0.00,0.00,0.00,0
01/04/2026,12:21:20,0,0.00,0.00,0.00,0
00/01/1900,00:00:00,153,0.00,0.00,0.00,0
00/01/1900,00:00:00,0,0.00,0.00,0.00,0
00/01/1900,00:00:00,0,0.00,0.00,0.00,0
00/01/1900,00:00:00,0,0.00,0.00,0.00,0
01/04/2026,12:21:30,0,0.00,0.00,0.00,0
01/04/2026,12:21:31,0,0.00,0.00,0.00,0
01/04/2026,12:21:32,0,0.00,0.00,0.00,0
01/04/2026,12:21:33,0,0.00,0.00,0.00,0
01/04/2026,12:21:34,0,0.00,0.00,0.00,0
01/04/2026,12:21:35,0,0.00,0.00,0.00,0
01/04/2026,12:21:36,0,0.00,0.00,0.00,0
01/04/2026,12:21:37,0,0.00,0.00,0.00,0
01/04/2026,12:21:38,0,0.00,0.00,0.00,0
00/01/1900,00:00:00,285,0.00,0.00,0.00,0.00,0.00,0.00,0.00,0.00,0.41,10.65,-0.17,-0.12,0.99,3.14,-0.98,-1.33
01/04/2026,12:22:07,0,0.00,0.00,0.00,0.00,0.00,0.00,0.00,0.00,0.03,10.79,-0.18,-0.11,0.99,1.88,0.45,-0.47
01/04/2026,12:22:08,0,0.00,0.00,0.00,0.00,0.00,0.00,0.00,0.00,-0.14,10.82,-0.18,-0.11,0.99,2.06,0.42,-0.61
01/04/2026,12:22:09,0,0.00,0.00,0.00,0.00,0.00,0.00,0.00,0.00,-0.69,10.91,-0.18,-0.12,1.00,0.02,1.19,0.25
01/04/2026,12:22:10,0,0.00,0.00,0.00,0.00,0.00,0.00,0.00,0.00,-0.36,11.37,-0.18,-0.12,0.98,4.55,0.98,-1.30
01/04/2026,12:22:11,0,0.00,0.00,0.00,0.00,0.00,0.00,0.00,0.00,-0.19,11.29,-0.18,-0.12,0.99,2.64,-0.17,-1.16
01/04/2026,12:22:12,0,0.00,0.00,0.00,0.00,0.00,0.00,0.00,0.00,-0.41,11.46,-0.18,-0.11,1.00,3.08,1.09,-0.25
01/04/2026,12:22:13,0,0.00,0.00,0.00,0.00,0.00,0.00,0.00,0.00,-0.57,11.49,-0.18,-0.12,0.99,2.14,0.19,-0.89
01/04/2026,12:22:14,0,0.00,0.00,0.00,0.00,0.00,0.00,0.00,0.00,-0.47,11.57,-0.18,-0.11,0.99,2.36,0.31,-0.80
01/04/2026,12:22:15,0,0.00,0.00,0.00,0.00,0.00,0.00,0.00,0.00,-0.54,11.50,-0.18,-0.11,0.99,1.61,0.12,-0.56
01/04/2026,12:22:16,0,0.00,0.00,0.00,0.00,0.00,0.00,0.00,0.00,-0.57,11.49,-0.18,-0.11,0.99,2.31,0.42,-0.75
01/04/2026,12:22:17,0,0.00,0.00,0.00,0.00,0.00,0.00,0.00,0.00,-0.55,11.40,-0.18,-0.11,0.99,2.50,1.06,-0.67
01/04/2026,12:22:18,0,0.00,0.00,0.00,0.00,0.00,0.00,0.00,0.00,-0.45,11.43,-0.18,-0.11,1.00,3.06,0.69,-0.12
01/04/2026,12:22:19,0,0.00,0.00,0.00,0.00,0.00,0.00,0.00,0.00,-0.34,11.56,-0.18,-0.11,0.99,2.36,0.34,0.03
01/04/2026,12:22:20,0,0.00,0.00,0.00,0.00,0.00,0.00,0.00,0.00,-0.48,11.54,-0.19,-0.11,0.99,2.62,0.69,3.62
01/04/2026,12:22:21,0,0.00,0.00,0.00,0.00,0.00,0.00,0.00,0.00,-1.24,11.43,-0.18,-0.12,1.00,1.75,1.12,-0.38
01/04/2026,12:22:22,0,0.00,0.00,0.00,0.00,0.00,0.00,0.00,0.00,0.35,-3.86,-0.17,-0.17,1.14,-150.92,-237.56,370.70
01/04/2026,12:22:23,0,0.00,0.00,0.00,0.00,0.00,0.00,0.00,0.00,-181.89,-140.38,-0.28,-0.40,-0.48,-154.75,240.77,-83.00
01/04/2026,12:22:24,0,0.00,0.00,0.00,0.00,0.00,0.00,0.00,0.00,-188.01,-126.61,-0.18,-0.34,-0.80,-6.62,-160.83,30.36
00/01/1900,00:00:00,0,0.00,0.00,0.00,0.00,0.00,0.00,0.00,0.00,-164.19,-58.90,-0.34,-0.35,-0.75,25.62,-38.14,-0.59
01/04/2026,12:22:27,0,0.00,0.00,0.00,0.00,0.00,0.00,0.00,0.00,-157.41,-28.77,-0.37,-0.34,-0.75,3.84,9.20,3.81
01/04/2026,12:22:28,0,0.00,0.00,0.00,0.00,0.00,0.00,0.00,0.00,-154.76,-7.57,-0.35,-0.34,-0.76,4.06,1.72,0.05
01/04/2026,12:22:29,0,0.00,0.00,0.00,0.00,0.00,0.00,0.00,0.00,-150.50,5.82,-0.32,-0.34,-0.78,11.52,3.70,-3.97
01/04/2026,12:22:30,0,0.00,0.00,0.00,0.00,0.00,0.00,0.00,0.00,-146.71,19.48,-0.25,-0.34,-0.79,6.89,35.81,8.77
01/04/2026,12:22:31,0,0.00,0.00,0.00,0.00,0.00,0.00,0.00,0.00,-144.24,36.02,-0.08,-0.38,-0.84,0.61,8.03,3.03
01/04/2026,12:22:32,0,0.00,0.00,0.00,0.00,0.00,0.00,0.00,0.00,-145.40,26.33,-0.08,-0.37,-0.83,3.61,-0.55,-0.30
01/04/2026,12:22:33,0,0.00,0.00,0.00,0.00,0.00,0.00,0.00,0.00,-145.57,19.68,-0.08,-0.36,-0.84,3.91,2.25,1.34
01/04/2026,12:22:34,0,0.00,0.00,0.00,0.00,0.00,0.00,0.00,0.00,-144.77,16.84,-0.08,-0.37,-0.85,7.48,2.56,2.83
01/04/2026,12:22:35,0,0.00,0.00,0.00,0.00,0.00,0.00,0.00,0.00,-144.46,15.39,-0.07,-0.39,-0.81,21.28,12.89,-4.92
01/04/2026,12:22:36,0,0.00,0.00,0.00,0.00,0.00,0.00,0.00,0.00,-144.44,12.78,-0.02,-0.38,-0.82,40.81,10.58,-30.62
01/04/2026,12:22:37,0,0.00,0.00,0.00,0.00,0.00,0.00,0.00,0.00,-157.05,11.30,0.22,-0.30,-0.83,-146.20,-30.53,-18.22
01/04/2026,12:22:38,0,0.00,0.00,0.00,0.00,0.00,0.00,0.00,0.00,-110.14,6.68,0.24,0.06,-0.94,-1.27,3.22,1.50
01/04/2026,12:22:39,0,0.00,0.00,0.00,0.00,0.00,0.00,0.00,0.00,-18.26,3.39,0.29,0.18,-0.92,-1.19,3.58,-7.25
01/04/2026,12:22:40,0,0.00,0.00,0.00,0.00,0.00,0.00,0.00,0.00,40.91,-0.96,0.31,0.25,-0.92,9.36,4.36,-1.92
01/04/2026,12:22:41,0,0.00,0.00,0.00,0.00,0.00,0.00,0.00,0.00,70.91,-2.41,0.34,0.39,-0.88,0.42,-1.06,-0.05
01/04/2026,12:22:42,26,0.00,0.00,0.00,0.00,0.00,0.00,0.00,0.00,106.51,-7.11,0.35,0.36,-0.88,3.45,0.36,-2.08
01/04/2026,12:22:43,65,0.00,0.00,0.00,0.00,0.00,0.00,0.00,0.00,126.84,-10.88,0.35,0.36,-0.88,5.48,-1.41,1.52
01/04/2026,12:22:44,152,0.00,0.00,0.00,0.00,0.00,0.00,0.00,0.00,135.47,-80.27,-0.33,-0.00,-0.83,4.31,-120.05,37.92
01/04/2026,12:22:45,176,0.00,0.00,0.00,0.00,0.00,0.00,0.00,0.00,41.19,-63.66,-0.60,-0.09,-0.73,4.56,-4.05,0.33
01/04/2026,12:22:46,221,0.00,0.00,0.00,0.00,0.00,0.00,0.00,0.00,-16.21,-34.58,-0.68,-0.12,-0.64,-2.69,-20.52,16.92
01/04/2026,12:22:47,277,0.00,0.00,0.00,0.00,0.00,0.00,0.00,0.00,-37.17,-26.50,-0.82,0.00,-0.47,15.94,-37.38,12.22
01/04/2026,12:22:48,254,0.00,0.00,0.00,0.00,0.00,0.00,0.00,0.00,10.79,-15.15,-0.91,0.06,-0.20,6.97,-21.00,1.34
01/04/2026,12:22:49,189,0.00,0.00,0.00,0.00,0.00,0.00,0.00,0.00,65.01,14.51,-0.94,0.06,-0.20,2.23,1.22,2.28
01/04/2026,12:22:50,90,0.00,0.00,0.00,0.00,0.00,0.00,0.00,0.00,100.71,35.49,-0.94,0.09,-0.20,4.97,-0.16,2.05
01/04/2026,12:22:51,0,0.00,0.00,0.00,0.00,0.00,0.00,0.00,0.00,120.50,47.89,-0.94,0.11,-0.18,1.83,-4.00,2.58
01/04/2026,12:22:52,0,0.00,0.00,0.00,0.00,0.00,0.00,0.00,0.00,121.25,66.73,-1.04,0.08,-0.28,-16.42,73.89,14.42
01/04/2026,12:22:53,0,0.00,0.00,0.00,0.00,0.00,0.00,0.00,0.00,128.60,73.59,-0.93,0.01,-0.28,-38.89,-6.98,-16.52
01/04/2026,12:22:54,0,0.00,0.00,0.00,0.00,0.00,0.00,0.00,0.00,111.55,72.29,-0.93,0.07,-0.20,-23.38,10.23,20.95
01/04/2026,12:22:55,0,0.00,0.00,0.00,0.00,0.00,0.00,0.00,0.00,105.97,71.49,-0.89,0.04,-0.20,-14.70,-115.38,-66.56
01/04/2026,12:22:56,0,0.00,0.00,0.00,0.00,0.00,0.00,0.00,0.00,124.98,72.97,-0.90,0.07,-0.20,3.27,-8.66,-27.72
01/04/2026,12:22:57,0,0.00,0.00,0.00,0.00,0.00,0.00,0.00,0.00,133.12,74.43,-0.91,0.05,-0.26,6.59,6.05,3.34
01/04/2026,12:22:58,0,0.00,0.00,0.00,0.00,0.00,0.00,0.00,0.00,146.20,75.48,-0.92,0.05,-0.24,2.62,9.36,-2.94
01/04/2026,12:22:59,0,0.00,0.00,0.00,0.00,0.00,0.00,0.00,0.00,156.06,75.08,-0.90,0.12,-0.29,8.80,-12.31,4.98
01/04/2026,12:23:00,0,0.00,0.00,0.00,0.00,0.00,0.00,0.00,0.00,164.32,72.15,-0.92,0.10,-0.20,0.67,-3.72,9.97
01/04/2026,12:23:01,0,0.00,0.00,0.00,0.00,0.00,0.00,0.00,0.00,164.46,73.11,-0.92,0.07,-0.23,6.11,2.66,-1.22
01/04/2026,12:23:02,0,0.00,0.00,0.00,0.00,0.00,0.00,0.00,0.00,164.10,73.74,-0.93,0.10,-0.22,1.38,-0.67,1.92
01/04/2026,12:23:03,0,0.00,0.00,0.00,0.00,0.00,0.00,0.00,0.00,163.33,73.56,-0.93,0.10,-0.20,4.66,-1.16,-0.19
01/04/2026,12:23:04,0,0.00,0.00,0.00,0.00,0.00,0.00,0.00,0.00,162.57,75.13,-0.93,0.09,-0.27,-0.28,4.70,5.91
01/04/2026,12:23:05,0,0.00,0.00,0.00,0.00,0.00,0.00,0.00,0.00,161.22,73.86,-0.92,0.09,-0.23,-1.00,-6.52,6.84
01/04/2026,12:23:06,0,0.00,0.00,0.00,0.00,0.00,0.00,0.00,0.00,160.31,75.05,-0.94,0.09,-0.22,-0.08,6.78,-4.86
01/04/2026,12:23:07,0,0.00,0.00,0.00,0.00,0.00,0.00,0.00,0.00,161.82,76.11,-0.93,0.09,-0.20,2.23,5.11,-6.80
01/04/2026,12:23:08,0,0.00,0.00,0.00,0.00,0.00,0.00,0.00,0.00,162.71,76.74,-0.93,0.11,-0.23,2.80,4.70,6.48
01/04/2026,12:23:09,0,0.00,0.00,0.00,0.00,0.00,0.00,0.00,0.00,162.30,76.09,-0.92,0.10,-0.23,3.73,-4.41,-0.50
01/04/2026,12:23:11,0,0.00,0.00,0.00,0.00,0.00,0.00,0.00,0.00,162.44,75.90,-0.92,0.10,-0.22,3.59,-2.41,1.75
01/04/2026,12:23:12,0,0.00,0.00,0.00,0.00,0.00,0.00,0.00,0.00,162.77,76.47,-0.92,0.12,-0.22,4.00,-3.08,-2.88
01/04/2026,12:23:13,0,0.00,0.00,0.00,0.00,0.00,0.00,0.00,0.00,162.59,75.94,-0.92,0.12,-0.22,2.42,-4.84,-0.27
01/04/2026,12:23:14,0,0.00,0.00,0.00,0.00,0.00,0.00,0.00,0.00,162.17,75.46,-0.93,0.11,-0.23,5.23,-3.23,-2.33
01/04/2026,12:23:15,0,0.00,0.00,0.00,0.00,0.00,0.00,0.00,0.00,162.38,75.63,-0.93,0.10,-0.24,5.23,-0.30,-3.89
01/04/2026,12:23:16,0,0.00,0.00,0.00,0.00,0.00,0.00,0.00,0.00,162.04,74.75,-0.93,0.10,-0.22,2.72,-4.16,4.33
01/04/2026,12:23:17,0,0.00,0.00,0.00,0.00,0.00,0.00,0.00,0.00,164.02,79.05,-0.91,0.20,-0.25,9.98,2.11,-3.92
01/04/2026,12:23:18,0,0.00,0.00,0.00,0.00,0.00,0.00,0.00,0.00,162.51,74.74,-0.90,0.09,-0.25,7.66,-2.20,-9.94
01/04/2026,12:23:19,0,0.00,0.00,0.00,0.00,0.00,0.00,0.00,0.00,164.60,75.19,-0.99,0.14,-0.31,5.50,8.09,4.05
01/04/2026,12:23:20,0,0.00,0.00,0.00,0.00,0.00,0.00,0.00,0.00,161.81,71.49,-0.93,0.11,-0.23,4.11,-1.34,1.02
01/04/2026,12:23:21,0,0.00,0.00,0.00,0.00,0.00,0.00,0.00,0.00,162.09,73.77,-0.92,0.15,-0.24,9.56,-1.55,-0.31
01/04/2026,12:23:22,0,0.00,0.00,0.00,0.00,0.00,0.00,0.00,0.00,163.48,74.95,-0.91,0.12,-0.25,-0.33,-3.09,-1.11
01/04/2026,12:23:23,0,0.00,0.00,0.00,0.00,0.00,0.00,0.00,0.00,162.07,67.38,-0.92,0.12,-0.18,13.28,-12.55,-17.58
01/04/2026,12:23:24,0,0.00,0.00,0.00,0.00,0.00,0.00,0.00,0.00,158.49,78.51,-0.93,0.11,-0.22,-0.28,7.70,-6.12
01/04/2026,12:23:25,0,0.00,0.00,0.00,0.00,0.00,0.00,0.00,0.00,154.53,78.68,-0.88,0.13,-0.20,-4.75,16.30,-11.33
01/04/2026,12:23:26,0,0.00,0.00,0.00,0.00,0.00,0.00,0.00,0.00,145.67,79.69,-0.92,-0.03,-0.40,-22.19,25.47,63.41
01/04/2026,12:23:27,0,0.00,0.00,0.00,0.00,0.00,0.00,0.00,0.00,146.31,76.74,-0.90,0.23,-0.31,-9.80,-33.86,-3.34
01/04/2026,12:23:28,0,0.00,0.00,0.00,0.00,0.00,0.00,0.00,0.00,151.56,74.29,-0.91,0.17,-0.29,5.89,-3.80,-4.94
01/04/2026,12:23:29,0,0.00,0.00,0.00,0.00,0.00,0.00,0.00,0.00,153.54,70.21,-0.90,0.18,-0.27,2.38,-0.91,4.34
01/04/2026,12:23:30,0,0.00,0.00,0.00,0.00,0.00,0.00,0.00,0.00,153.30,71.52,-0.90,0.20,-0.26,1.56,-6.14,-8.03
01/04/2026,12:23:31,0,0.00,0.00,0.00,0.00,0.00,0.00,0.00,0.00,156.18,80.55,-0.89,0.19,-0.40,2.36,-3.88,4.52
01/04/2026,12:23:32,0,0.00,0.00,0.00,0.00,0.00,0.00,0.00,0.00,162.66,75.65,-0.87,0.07,-0.38,3.81,-2.91,-6.38
01/04/2026,12:23:33,0,0.00,0.00,0.00,0.00,0.00,0.00,0.00,0.00,167.09,73.47,-0.87,0.07,-0.41,-1.11,5.06,5.28
01/04/2026,12:23:34,0,0.00,0.00,0.00,0.00,0.00,0.00,0.00,0.00,166.66,69.64,-0.84,0.13,-0.36,4.06,-24.31,24.91
01/04/2026,12:23:35,0,0.00,0.00,0.00,0.00,0.00,0.00,0.00,0.00,171.15,68.41,-0.86,0.10,-0.35,2.12,1.84,0.95
01/04/2026,12:23:36,0,0.00,0.00,0.00,0.00,0.00,0.00,0.00,0.00,173.01,68.41,-0.88,0.08,-0.38,5.47,2.70,-2.64
01/04/2026,12:23:37,0,0.00,0.00,0.00,0.00,0.00,0.00,0.00,0.00,174.62,68.27,-0.87,0.11,-0.39,3.70,-1.66,-1.72
01/04/2026,12:23:38,0,0.00,0.00,0.00,0.00,0.00,0.00,0.00,0.00,174.62,67.66,-0.87,0.09,-0.39,-0.61,-0.16,1.41
01/04/2026,12:23:39,0,0.00,0.00,0.00,0.00,0.00,0.00,0.00,0.00,175.15,67.53,-0.87,0.08,-0.38,5.81,2.02,-6.30
01/04/2026,12:23:40,0,0.00,0.00,0.00,0.00,0.00,0.00,0.00,0.00,175.32,66.84,-0.87,0.08,-0.39,3.75,-1.52,-0.22
01/04/2026,12:23:41,0,0.00,0.00,0.00,0.00,0.00,0.00,0.00,0.00,175.21,66.90,-0.86,0.09,-0.39,4.97,-9.16,0.53
01/04/2026,12:23:42,0,0.00,0.00,0.00,0.00,0.00,0.00,0.00,0.00,175.43,66.52,-0.87,0.08,-0.38,5.97,-3.73,-1.73
01/04/2026,12:23:43,0,0.00,0.00,0.00,0.00,0.00,0.00,0.00,0.00,175.71,66.13,-0.87,0.09,-0.38,7.06,-7.70,0.05
01/04/2026,12:23:44,0,0.00,0.00,0.00,0.00,0.00,0.00,0.00,0.00,175.28,66.37,-0.87,0.07,-0.40,-0.16,0.48,-1.31
01/04/2026,12:23:45,0,0.00,0.00,0.00,0.00,0.00,0.00,0.00,0.00,170.43,66.81,-0.85,0.18,-0.39,2.42,-13.47,-15.58
01/04/2026,12:23:46,0,0.00,0.00,0.00,0.00,0.00,0.00,0.00,0.00,170.00,65.48,-0.88,0.12,-0.39,1.25,-5.42,-5.77
01/04/2026,12:23:47,0,0.00,0.00,0.00,0.00,0.00,0.00,0.00,0.00,170.04,66.33,-0.85,0.13,-0.33,10.28,-38.78,2.61
01/04/2026,12:23:48,0,0.00,0.00,0.00,0.00,0.00,0.00,0.00,0.00,174.27,68.57,-0.86,0.18,-0.39,6.00,1.09,-0.98
01/04/2026,12:23:49,0,0.00,0.00,0.00,0.00,0.00,0.00,0.00,0.00,173.30,67.24,-0.88,0.16,-0.37,7.31,-0.56,2.73
01/04/2026,12:23:50,0,0.00,0.00,0.00,0.00,0.00,0.00,0.00,0.00,173.05,70.60,-0.87,0.16,-0.38,6.92,1.80,3.28
01/04/2026,12:23:51,0,0.00,0.00,0.00,0.00,0.00,0.00,0.00,0.00,173.25,70.36,-0.87,0.19,-0.39,6.89,7.20,1.50
01/04/2026,12:23:52,0,0.00,0.00,0.00,0.00,0.00,0.00,0.00,0.00,172.86,70.36,-0.86,0.19,-0.36,9.33,9.20,-4.12
01/04/2026,12:23:53,0,0.00,0.00,0.00,0.00,0.00,0.00,0.00,0.00,172.39,70.67,-0.87,0.18,-0.38,7.28,1.73,0.20
01/04/2026,12:23:55,0,0.00,0.00,0.00,0.00,0.00,0.00,0.00,0.00,172.08,70.26,-0.86,0.18,-0.40,7.81,8.64,0.39
01/04/2026,12:23:56,0,0.00,0.00,0.00,0.00,0.00,0.00,0.00,0.00,171.75,70.98,-0.87,0.20,-0.40,7.11,-0.30,-1.77
01/04/2026,12:23:57,0,0.00,0.00,0.00,0.00,0.00,0.00,0.00,0.00,148.34,73.97,-0.66,0.37,-0.03,-68.42,-88.12,-11.75
01/04/2026,12:23:58,35,0.00,0.00,0.00,0.00,0.00,0.00,0.00,0.00,112.12,157.40,1.37,-0.22,-0.55,-73.02,-367.95,-60.81
01/04/2026,12:23:59,177,0.00,0.00,0.00,0.00,0.00,0.00,0.00,0.00,25.08,56.49,0.35,-0.24,-0.82,7.08,1.36,-2.73
01/04/2026,12:24:00,257,0.00,0.00,0.00,0.00,0.00,0.00,0.00,0.00,-34.68,30.48,0.35,-0.24,-0.83,3.55,-0.16,-1.77
01/04/2026,12:24:01,227,0.00,0.00,0.00,0.00,0.00,0.00,0.00,0.00,-73.50,14.08,0.36,-0.24,-0.84,0.42,-7.33,3.27
01/04/2026,12:24:02,199,0.00,0.00,0.00,0.00,0.00,0.00,0.00,0.00,-103.50,1.22,0.35,-0.25,-0.83,-0.58,-3.03,1.47
01/04/2026,12:24:03,89,0.00,0.00,0.00,0.00,0.00,0.00,0.00,0.00,-120.20,-8.94,0.33,-0.23,-0.86,-5.11,-1.69,-2.83
01/04/2026,12:24:04,0,0.00,0.00,0.00,0.00,0.00,0.00,0.00,0.00,-130.90,-10.68,0.34,-0.24,-0.85,3.91,2.75,-1.69
01/04/2026,12:24:05,0,0.00,0.00,0.00,0.00,0.00,0.00,0.00,0.00,-138.75,-13.56,0.34,-0.24,-0.85,-0.55,-2.81,1.64
01/04/2026,12:24:06,0,0.00,0.00,0.00,0.00,0.00,0.00,0.00,0.00,-144.22,-15.54,0.34,-0.24,-0.85,3.16,0.94,-0.58
01/04/2026,12:24:07,0,0.00,0.00,0.00,0.00,0.00,0.00,0.00,0.00,-147.07,-16.83,0.34,-0.24,-0.85,6.31,0.36,0.88
01/04/2026,12:24:08,0,0.00,0.00,0.00,0.00,0.00,0.00,0.00,0.00,-149.63,-18.11,0.33,-0.24,-0.85,4.55,0.38,0.89
01/04/2026,12:24:09,0,0.00,0.00,0.00,0.00,0.00,0.00,0.00,0.00,-153.13,-20.54,0.31,-0.22,-0.86,0.30,0.91,-2.41
01/04/2026,12:24:10,0,0.00,0.00,0.00,0.00,0.00,0.00,0.00,0.00,-153.68,-17.25,0.34,-0.20,-0.87,1.56,4.39,-4.52
01/04/2026,12:24:11,0,0.00,0.00,0.00,0.00,0.00,0.00,0.00,0.00,-154.01,-17.15,0.35,-0.22,-0.85,5.50,2.38,-0.83
01/04/2026,12:24:12,0,0.00,0.00,0.00,0.00,0.00,0.00,0.00,0.00,-154.69,-18.06,0.35,-0.21,-0.85,4.20,1.36,-1.64
01/04/2026,12:24:13,0,0.00,0.00,0.00,0.00,0.00,0.00,0.00,0.00,-155.33,-18.58,0.35,-0.21,-0.86,3.53,0.72,-0.95
01/04/2026,12:24:14,0,0.00,0.00,0.00,0.00,0.00,0.00,0.00,0.00,-157.32,-15.54,0.40,-0.21,-0.86,15.44,5.08,-3.38
01/04/2026,12:24:15,0,0.00,0.00,0.00,0.00,0.00,0.00,0.00,0.00,-155.04,-18.62,0.36,-0.20,-0.84,25.38,23.41,-1.39
01/04/2026,12:24:16,0,0.00,0.00,0.00,0.00,0.00,0.00,0.00,0.00,-155.90,-19.01,0.39,-0.20,-0.85,-5.86,-3.69,-3.39
01/04/2026,12:24:17,0,0.00,0.00,0.00,0.00,0.00,0.00,0.00,0.00,-155.86,-19.92,0.38,-0.20,-0.83,8.70,3.05,-2.16
01/04/2026,12:24:18,0,0.00,0.00,0.00,0.00,0.00,0.00,0.00,0.00,-156.23,-21.17,0.37,-0.20,-0.85,-0.56,-2.84,0.39
01/04/2026,12:24:19,0,0.00,0.00,0.00,0.00,0.00,0.00,0.00,0.00,-155.98,-21.34,0.37,-0.20,-0.84,5.05,1.31,-1.19
01/04/2026,12:24:20,0,0.00,0.00,0.00,0.00,0.00,0.00,0.00,0.00,-155.88,-21.32,0.38,-0.21,-0.83,4.98,2.78,-2.66
01/04/2026,12:24:21,0,0.00,0.00,0.00,0.00,0.00,0.00,0.00,0.00,-156.06,-21.31,0.38,-0.20,-0.85,1.62,-1.38,-0.27
01/04/2026,12:24:22,0,0.00,0.00,0.00,0.00,0.00,0.00,0.00,0.00,-155.46,-20.93,0.38,-0.20,-0.84,12.45,6.02,-2.64
01/04/2026,12:24:23,0,0.00,0.00,0.00,0.00,0.00,0.00,0.00,0.00,-156.04,-21.13,0.37,-0.19,-0.83,7.64,4.00,-0.09
01/04/2026,12:24:24,0,0.00,0.00,0.00,0.00,0.00,0.00,0.00,0.00,-155.81,-21.36,0.38,-0.20,-0.85,8.55,2.48,0.84
01/04/2026,12:24:25,0,0.00,0.00,0.00,0.00,0.00,0.00,0.00,0.00,-156.03,-22.11,0.38,-0.21,-0.84,6.75,0.47,-3.94
01/04/2026,12:24:26,0,0.00,0.00,0.00,0.00,0.00,0.00,0.00,0.00,-156.04,-23.80,0.36,-0.21,-0.87,3.34,0.52,-1.16
01/04/2026,12:24:27,0,0.00,0.00,0.00,0.00,0.00,0.00,0.00,0.00,-156.50,-22.20,0.36,-0.20,-0.85,4.56,1.45,-1.00
01/04/2026,12:24:28,0,0.00,0.00,0.00,0.00,0.00,0.00,0.00,0.00,-156.76,-21.24,0.36,-0.19,-0.85,-0.73,1.64,-3.28
01/04/2026,12:24:29,0,0.00,0.00,0.00,0.00,0.00,0.00,0.00,0.00,-156.43,-21.07,0.36,-0.19,-0.87,6.39,-0.80,1.78
01/04/2026,12:24:30,0,0.00,0.00,0.00,0.00,0.00,0.00,0.00,0.00,-156.23,-20.70,0.36,-0.20,-0.84,11.41,3.98,-0.66
01/04/2026,12:24:31,0,0.00,0.00,0.00,0.00,0.00,0.00,0.00,0.00,-156.28,-20.56,0.36,-0.19,-0.84,6.11,-2.52,3.28
01/04/2026,12:24:32,0,0.00,0.00,0.00,0.00,0.00,0.00,0.00,0.00,-155.61,-20.41,0.37,-0.19,-0.85,11.16,-0.73,2.44
01/04/2026,12:24:33,0,0.00,0.00,0.00,0.00,0.00,0.00,0.00,0.00,-156.28,-20.44,0.38,-0.18,-0.86,-0.80,-2.30,-0.78
01/04/2026,12:24:34,0,0.00,0.00,0.00,0.00,0.00,0.00,0.00,0.00,-156.33,-20.39,0.38,-0.19,-0.87,-2.52,-0.27,-0.55
01/04/2026,12:24:35,0,0.00,0.00,0.00,0.00,0.00,0.00,0.00,0.00,-155.35,-21.72,0.35,-0.20,-0.84,4.14,3.70,-2.78
01/04/2026,12:24:36,0,0.00,0.00,0.00,0.00,0.00,0.00,0.00,0.00,-157.61,-20.16,0.38,-0.18,-0.84,3.97,2.47,-2.78
01/04/2026,12:24:38,0,0.00,0.00,0.00,0.00,0.00,0.00,0.00,0.00,-159.07,-20.23,0.40,-0.16,-0.86,4.47,-0.92,0.33
01/04/2026,12:24:39,0,0.00,0.00,0.00,0.00,0.00,0.00,0.00,0.00,-159.71,-20.92,0.40,-0.16,-0.86,-0.91,3.16,-3.25
01/04/2026,12:24:40,0,0.00,0.00,0.00,0.00,0.00,0.00,0.00,0.00,-159.55,-21.48,0.39,-0.15,-0.85,5.72,2.06,-1.05
01/04/2026,12:24:41,0,0.00,0.00,0.00,0.00,0.00,0.00,0.00,0.00,-159.59,-21.69,0.39,-0.15,-0.85,6.23,0.33,1.45
01/04/2026,12:24:42,0,0.00,0.00,0.00,0.00,0.00,0.00,0.00,0.00,-159.62,-22.35,0.40,-0.15,-0.85,5.78,-2.23,1.56
01/04/2026,12:24:43,0,0.00,0.00,0.00,0.00,0.00,0.00,0.00,0.00,-159.52,-22.73,0.40,-0.15,-0.86,3.22,-0.30,-0.20
01/04/2026,12:24:44,0,0.00,0.00,0.00,0.00,0.00,0.00,0.00,0.00,-159.60,-22.64,0.40,-0.15,-0.86,0.34,1.25,-2.73
01/04/2026,12:24:45,0,0.00,0.00,0.00,0.00,0.00,0.00,0.00,0.00,-159.86,-22.70,0.39,-0.14,-0.85,12.11,0.47,2.11
01/04/2026,12:24:46,0,0.00,0.00,0.00,0.00,0.00,0.00,0.00,0.00,-160.50,-22.61,0.40,-0.14,-0.85,4.38,0.64,0.58
01/04/2026,12:24:47,0,0.00,0.00,0.00,0.00,0.00,0.00,0.00,0.00,-160.30,-22.61,0.40,-0.14,-0.85,7.09,1.41,-0.55
01/04/2026,12:24:48,0,0.00,0.00,0.00,0.00,0.00,0.00,0.00,0.00,-160.38,-22.85,0.40,-0.14,-0.85,7.03,1.27,-0.47
01/04/2026,12:24:49,0,0.00,0.00,0.00,0.00,0.00,0.00,0.00,0.00,-160.44,-23.03,0.41,-0.14,-0.86,7.08,0.39,-0.27
01/04/2026,12:24:50,23,0.00,0.00,0.00,0.00,0.00,0.00,0.00,0.00,-160.34,-22.87,0.40,-0.14,-0.86,10.28,3.75,1.41
01/04/2026,12:24:51,112,0.00,0.00,0.00,0.00,0.00,0.00,0.00,0.00,-160.74,-22.91,0.41,-0.13,-0.85,2.98,0.78,-1.09
01/04/2026,12:24:52,163,0.00,0.00,0.00,0.00,0.00,0.00,0.00,0.00,-161.08,-22.81,0.42,-0.13,-0.85,-1.95,3.66,-5.45
01/04/2026,12:24:53,201,0.00,0.00,0.00,0.00,0.00,0.00,0.00,0.00,-161.31,-23.39,0.42,-0.14,-0.87,-1.17,-3.34,0.47
01/04/2026,12:24:54,256,0.00,0.00,0.00,0.00,0.00,0.00,0.00,0.00,-160.94,-23.47,0.40,-0.12,-0.83,-0.89,-1.36,-1.36
01/04/2026,12:24:55,259,0.00,0.00,0.00,0.00,0.00,0.00,0.00,0.00,-161.27,-23.46,0.41,-0.12,-0.85,6.42,3.72,-2.23
01/04/2026,12:24:56,286,0.00,0.00,0.00,0.00,0.00,0.00,0.00,0.00,-161.34,-23.76,0.41,-0.12,-0.86,0.11,0.42,-2.25
01/04/2026,12:24:57,337,0.00,0.00,0.00,0.00,0.00,0.00,0.00,0.00,-161.33,-23.90,0.42,-0.13,-0.86,-2.62,-1.44,-1.73
01/04/2026,12:24:58,272,0.00,0.00,0.00,0.00,0.00,0.00,0.00,0.00,-161.18,-23.95,0.41,-0.13,-0.86,1.91,-0.70,0.05
01/04/2026,12:24:59,206,0.00,0.00,0.00,0.00,0.00,0.00,0.00,0.00,-161.07,-23.69,0.41,-0.13,-0.86,-0.30,-0.83,-0.94
01/04/2026,12:25:00,144,0.00,0.00,0.00,0.00,0.00,0.00,0.00,0.00,-160.51,-23.70,0.40,-0.13,-0.84,7.92,1.84,-0.34
01/04/2026,12:25:01,54,0.00,0.00,0.00,0.00,0.00,0.00,0.00,0.00,-160.96,-23.42,0.42,-0.13,-0.86,3.45,0.69,-0.31
01/04/2026,12:25:02,0,0.00,0.00,0.00,0.00,0.00,0.00,0.00,0.00,-160.87,-23.50,0.40,-0.12,-0.85,7.00,-0.22,1.09
01/04/2026,12:25:03,0,0.00,0.00,0.00,0.00,0.00,0.00,0.00,0.00,-160.97,-23.54,0.41,-0.12,-0.86,8.06,1.75,0.33
01/04/2026,12:25:04,0,0.00,0.00,0.00,0.00,0.00,0.00,0.00,0.00,-154.68,-25.24,0.37,-0.18,-0.84,2.03,-1.80,3.95
01/04/2026,12:25:05,0,0.00,0.00,0.00,0.00,0.00,0.00,0.00,0.00,-154.84,-23.73,0.38,-0.20,-0.83,14.62,1.34,3.09
01/04/2026,12:25:06,0,0.00,0.00,0.00,0.00,0.00,0.00,0.00,0.00,-156.08,-22.18,0.38,-0.19,-0.85,3.78,1.05,-1.03
01/04/2026,12:25:07,0,0.00,0.00,0.00,0.00,0.00,0.00,0.00,0.00,-155.37,-22.48,0.38,-0.20,-0.84,7.09,1.50,-0.38
01/04/2026,12:25:08,0,0.00,0.00,0.00,0.00,0.00,0.00,0.00,0.00,-155.33,-22.67,0.38,-0.20,-0.84,10.00,0.23,2.98
01/04/2026,12:25:09,0,0.00,0.00,0.00,0.00,0.00,0.00,0.00,0.00,-155.41,-22.57,0.37,-0.21,-0.84,10.52,2.14,0.28
01/04/2026,12:25:10,0,0.00,0.00,0.00,0.00,0.00,0.00,0.00,0.00,-155.48,-22.62,0.37,-0.20,-0.85,6.28,-2.03,1.91
01/04/2026,12:25:11,0,0.00,0.00,0.00,0.00,0.00,0.00,0.00,0.00,-155.57,-21.99,0.38,-0.20,-0.85,2.62,3.11,-1.91
01/04/2026,12:25:12,0,0.00,0.00,0.00,0.00,0.00,0.00,0.00,0.00,-155.62,-22.16,0.37,-0.20,-0.85,-0.16,0.03,-1.34
01/04/2026,12:25:13,0,0.00,0.00,0.00,0.00,0.00,0.00,0.00,0.00,-155.17,-22.20,0.38,-0.20,-0.85,2.28,0.33,-2.62
01/04/2026,12:25:14,0,0.00,0.00,0.00,0.00,0.00,0.00,0.00,0.00,-155.31,-21.66,0.38,-0.20,-0.83,12.45,2.02,1.92
01/04/2026,12:25:15,0,0.00,0.00,0.00,0.00,0.00,0.00,0.00,0.00,-155.28,-21.75,0.38,-0.21,-0.84,7.09,-0.48,2.39
01/04/2026,12:25:16,0,0.00,0.00,0.00,0.00,0.00,0.00,0.00,0.00,-155.02,-21.99,0.37,-0.21,-0.84,2.91,1.14,-3.34
01/04/2026,12:25:17,0,0.00,0.00,0.00,0.00,0.00,0.00,0.00,0.00,-155.17,-22.62,0.36,-0.21,-0.86,1.75,-1.97,2.05
01/04/2026,12:25:18,0,0.00,0.00,0.00,0.00,0.00,0.00,0.00,0.00,-155.48,-22.37,0.36,-0.21,-0.85,-6.41,2.75,-8.44
01/04/2026,12:25:20,0,0.00,0.00,0.00,0.00,0.00,0.00,0.00,0.00,-155.80,-23.53,0.34,-0.19,-0.83,-3.47,-0.52,-2.47
01/04/2026,12:25:21,0,0.00,0.00,0.00,0.00,0.00,0.00,0.00,0.00,-156.44,-22.08,0.36,-0.20,-0.86,4.47,0.69,-0.05
01/04/2026,12:25:22,0,0.00,0.00,0.00,0.00,0.00,0.00,0.00,0.00,-157.16,-20.91,0.36,-0.19,-0.85,-0.06,2.91,-4.20
01/04/2026,12:25:23,0,0.00,0.00,0.00,0.00,0.00,0.00,0.00,0.00,-157.35,-20.45,0.37,-0.19,-0.86,3.03,1.20,-1.27
01/04/2026,12:25:24,0,0.00,0.00,0.00,0.00,0.00,0.00,0.00,0.00,-155.77,-21.71,0.35,-0.20,-0.85,2.78,-1.11,0.95
01/04/2026,12:25:25,0,0.00,0.00,0.00,0.00,0.00,0.00,0.00,0.00,-155.62,-21.04,0.36,-0.20,-0.85,14.44,2.42,0.31
01/04/2026,12:25:26,0,0.00,0.00,0.00,0.00,0.00,0.00,0.00,0.00,-155.59,-20.81,0.35,-0.21,-0.82,13.84,14.55,-9.17
01/04/2026,12:25:27,0,0.00,0.00,0.00,0.00,0.00,0.00,0.00,0.00,-155.63,-20.55,0.34,-0.21,-0.84,10.97,1.00,0.33
01/04/2026,12:25:28,0,0.00,0.00,0.00,0.00,0.00,0.00,0.00,0.00,-156.09,-20.97,0.35,-0.20,-0.85,3.42,1.97,-1.42
01/04/2026,12:25:29,0,0.00,0.00,0.00,0.00,0.00,0.00,0.00,0.00,-155.96,-20.79,0.34,-0.19,-0.88,2.41,-3.38,2.16
01/04/2026,12:25:30,0,0.00,0.00,0.00,0.00,0.00,0.00,0.00,0.00,-155.81,-20.27,0.35,-0.21,-0.83,8.19,11.88,-6.89
01/04/2026,12:25:31,0,0.00,0.00,0.00,0.00,0.00,0.00,0.00,0.00,-157.37,-19.39,0.37,-0.19,-0.85,3.52,2.27,-2.36
01/04/2026,12:25:32,0,0.00,0.00,0.00,0.00,0.00,0.00,0.00,0.00,-157.59,-19.53,0.37,-0.19,-0.85,10.14,6.89,-3.52
01/04/2026,12:25:33,0,0.00,0.00,0.00,0.00,0.00,0.00,0.00,0.00,-155.45,-20.89,0.36,-0.20,-0.85,12.00,10.50,-5.23
01/04/2026,12:25:34,0,0.00,0.00,0.00,0.00,0.00,0.00,0.00,0.00,-155.77,-21.11,0.34,-0.20,-0.84,-0.88,0.59,-2.44
01/04/2026,12:25:35,0,0.00,0.00,0.00,0.00,0.00,0.00,0.00,0.00,-155.76,-20.52,0.36,-0.20,-0.88,-3.55,0.77,-2.42
01/04/2026,12:25:36,0,0.00,0.00,0.00,0.00,0.00,0.00,0.00,0.00,-156.52,-20.38,0.36,-0.19,-0.85,-0.80,-1.56,-0.52
01/04/2026,12:25:37,0,0.00,0.00,0.00,0.00,0.00,0.00,0.00,0.00,-159.57,-18.94,0.36,-0.14,-0.85,7.69,-1.39,1.75
01/04/2026,12:25:38,0,0.00,0.00,0.00,0.00,0.00,0.00,0.00,0.00,-160.81,-19.29,0.38,-0.13,-0.85,10.58,1.09,1.56
01/04/2026,12:25:39,0,0.00,0.00,0.00,0.00,0.00,0.00,0.00,0.00,-161.02,-19.99,0.39,-0.13,-0.84,12.41,10.08,-4.48
01/04/2026,12:25:40,0,0.00,0.00,0.00,0.00,0.00,0.00,0.00,0.00,-161.31,-20.79,0.41,-0.13,-0.86,-0.03,3.78,-3.23
01/04/2026,12:25:41,0,0.00,0.00,0.00,0.00,0.00,0.00,0.00,0.00,-162.03,-21.29,0.41,-0.12,-0.87,-1.59,0.00,-1.92
01/04/2026,12:25:42,0,0.00,0.00,0.00,0.00,0.00,0.00,0.00,0.00,-161.78,-21.74,0.41,-0.11,-0.86,8.78,0.25,0.81
01/04/2026,12:25:43,0,0.00,0.00,0.00,0.00,0.00,0.00,0.00,0.00,-161.73,-22.15,0.41,-0.11,-0.86,8.88,-1.94,1.84
01/04/2026,12:25:44,0,0.00,0.00,0.00,0.00,0.00,0.00,0.00,0.00,-162.11,-22.73,0.42,-0.11,-0.86,-2.67,-3.84,-2.84
01/04/2026,12:25:45,0,0.00,0.00,0.00,0.00,0.00,0.00,0.00,0.00,-162.27,-23.06,0.41,-0.11,-0.87,-2.09,-0.89,-0.97
01/04/2026,12:25:46,0,0.00,0.00,0.00,0.00,0.00,0.00,0.00,0.00,-161.72,-23.11,0.41,-0.12,-0.85,6.09,3.62,-1.86
01/04/2026,12:25:47,0,0.00,0.00,0.00,0.00,0.00,0.00,0.00,0.00,-161.90,-22.99,0.41,-0.11,-0.86,7.72,1.50,-0.56
01/04/2026,12:25:48,23,0.00,0.00,0.00,0.00,0.00,0.00,0.00,0.00,-161.92,-22.92,0.41,-0.11,-0.86,1.95,2.22,-1.52
01/04/2026,12:25:49,108,0.00,0.00,0.00,0.00,0.00,0.00,0.00,0.00,-161.51,-23.11,0.41,-0.11,-0.85,8.98,2.69,-0.41
01/04/2026,12:25:50,176,0.00,0.00,0.00,0.00,0.00,0.00,0.00,0.00,-161.46,-23.11,0.40,-0.11,-0.85,11.53,4.17,-0.16
01/04/2026,12:25:51,195,0.00,0.00,0.00,0.00,0.00,0.00,0.00,0.00,-161.31,-23.24,0.40,-0.10,-0.85,10.16,1.36,0.77
01/04/2026,12:25:52,283,0.00,0.00,0.00,0.00,0.00,0.00,0.00,0.00,-161.58,-23.11,0.41,-0.11,-0.84,9.34,5.81,-2.03
01/04/2026,12:25:53,267,0.00,0.00,0.00,0.00,0.00,0.00,0.00,0.00,-161.79,-23.57,0.42,-0.10,-0.87,-2.03,-4.91,0.39
01/04/2026,12:25:54,306,0.00,0.00,0.00,0.00,0.00,0.00,0.00,0.00,-161.95,-23.60,0.41,-0.10,-0.86,0.77,-3.98,0.23
01/04/2026,12:25:55,320,0.00,0.00,0.00,0.00,0.00,0.00,0.00,0.00,-161.72,-23.18,0.40,-0.10,-0.85,10.88,4.41,-0.70
01/04/2026,12:25:56,319,0.00,0.00,0.00,0.00,0.00,0.00,0.00,0.00,-162.27,-23.60,0.42,-0.10,-0.87,-1.88,-2.44,-0.59
01/04/2026,12:25:57,282,0.00,0.00,0.00,0.00,0.00,0.00,0.00,0.00,-162.05,-23.44,0.41,-0.11,-0.85,2.22,5.56,-4.56
01/04/2026,12:25:58,261,0.00,0.00,0.00,0.00,0.00,0.00,0.00,0.00,-162.39,-23.37,0.42,-0.10,-0.86,-1.20,-2.25,-0.31
01/04/2026,12:26:00,198,0.00,0.00,0.00,0.00,0.00,0.00,0.00,0.00,-160.06,-24.05,0.41,-0.13,-0.84,17.84,-4.08,5.22
01/04/2026,12:26:01,61,0.00,0.00,0.00,0.00,0.00,0.00,0.00,0.00,-154.32,-26.64,0.35,-0.19,-0.85,5.12,-4.06,4.69
01/04/2026,12:26:02,18,0.00,0.00,0.00,0.00,0.00,0.00,0.00,0.00,-154.65,-24.88,0.36,-0.20,-0.85,5.50,1.73,-1.22
01/04/2026,12:26:03,0,0.00,0.00,0.00,0.00,0.00,0.00,0.00,0.00,-155.29,-23.22,0.36,-0.19,-0.85,7.47,3.38,-1.88
01/04/2026,12:26:04,0,0.00,0.00,0.00,0.00,0.00,0.00,0.00,0.00,-156.25,-21.74,0.38,-0.21,-0.87,-2.75,3.16,-6.72
01/04/2026,12:26:05,0,0.00,0.00,0.00,0.00,0.00,0.00,0.00,0.00,-157.28,-21.06,0.38,-0.19,-0.84,4.02,0.61,-1.53
01/04/2026,12:26:06,0,0.00,0.00,0.00,0.00,0.00,0.00,0.00,0.00,-158.99,-20.94,0.39,-0.18,-0.86,-11.02,-0.77,-3.48
01/04/2026,12:26:07,0,0.00,0.00,0.00,0.00,0.00,0.00,0.00,0.00,-160.39,-20.97,0.40,-0.15,-0.86,3.66,1.94,-1.69
01/04/2026,12:26:08,0,0.00,0.00,0.00,0.00,0.00,0.00,0.00,0.00,-160.58,-21.46,0.40,-0.14,-0.85,9.36,3.64,-1.41
01/04/2026,12:26:09,0,0.00,0.00,0.00,0.00,0.00,0.00,0.00,0.00,-160.36,-21.68,0.39,-0.14,-0.85,9.38,3.86,-0.20
01/04/2026,12:26:10,0,0.00,0.00,0.00,0.00,0.00,0.00,0.00,0.00,-160.43,-22.36,0.41,-0.14,-0.85,2.00,-0.09,-0.77
01/04/2026,12:26:11,0,0.00,0.00,0.00,0.00,0.00,0.00,0.00,0.00,-160.60,-22.60,0.40,-0.14,-0.86,8.33,0.58,1.84
01/04/2026,12:26:12,0,0.00,0.00,0.00,0.00,0.00,0.00,0.00,0.00,-161.15,-22.79,0.41,-0.13,-0.85,-0.56,-0.14,-1.28
01/04/2026,12:26:13,0,0.00,0.00,0.00,0.00,0.00,0.00,0.00,0.00,-160.39,-22.92,0.40,-0.13,-0.86,13.33,2.83,0.97
01/04/2026,12:26:14,0,0.00,0.00,0.00,0.00,0.00,0.00,0.00,0.00,-160.53,-23.16,0.40,-0.13,-0.86,2.38,-1.02,-0.59
01/04/2026,12:26:15,0,0.00,0.00,0.00,0.00,0.00,0.00,0.00,0.00,-160.24,-23.19,0.40,-0.14,-0.85,10.47,2.50,0.39
01/04/2026,12:26:16,35,0.00,0.00,0.00,0.00,0.00,0.00,0.00,0.00,-161.11,-23.30,0.41,-0.14,-0.86,-0.55,0.52,-1.67
01/04/2026,12:26:17,23,0.00,0.00,0.00,0.00,0.00,0.00,0.00,0.00,-160.56,-23.74,0.40,-0.13,-0.85,8.11,1.70,-0.06
01/04/2026,12:26:18,19,0.00,0.00,0.00,0.00,0.00,0.00,0.00,0.00,-161.32,-22.62,0.40,-0.12,-0.82,19.23,8.02,-1.73
01/04/2026,12:26:19,32,0.00,0.00,0.00,0.00,0.00,0.00,0.00,0.00,-162.01,-22.88,0.42,-0.11,-0.85,6.62,1.83,-0.95
01/04/2026,12:26:20,0,0.00,0.00,0.00,0.00,0.00,0.00,0.00,0.00,-162.18,-23.46,0.42,-0.12,-0.85,6.50,0.97,0.70
01/04/2026,12:26:21,0,0.00,0.00,0.00,0.00,0.00,0.00,0.00,0.00,-162.45,-23.77,0.42,-0.11,-0.85,-5.03,-3.08,-1.00
01/04/2026,12:26:22,0,0.00,0.00,0.00,0.00,0.00,0.00,0.00,0.00,-162.16,-23.76,0.42,-0.11,-0.84,9.34,2.08,-0.75
01/04/2026,12:26:23,0,0.00,0.00,0.00,0.00,0.00,0.00,0.00,0.00,-162.04,-23.91,0.42,-0.10,-0.86,7.33,0.92,-0.62
01/04/2026,12:26:24,0,0.00,0.00,0.00,0.00,0.00,0.00,0.00,0.00,-162.46,-24.60,0.43,-0.11,-0.86,-3.39,-4.44,0.98
01/04/2026,12:26:25,0,0.00,0.00,0.00,0.00,0.00,0.00,0.00,0.00,-162.44,-24.70,0.43,-0.12,-0.86,0.78,-0.95,-1.16
01/04/2026,12:26:26,0,0.00,0.00,0.00,0.00,0.00,0.00,0.00,0.00,-162.29,-24.67,0.42,-0.11,-0.83,14.55,5.16,-1.05
01/04/2026,12:26:27,0,0.00,0.00,0.00,0.00,0.00,0.00,0.00,0.00,-161.99,-24.74,0.43,-0.12,-0.84,3.11,1.67,-0.80
01/04/2026,12:26:28,0,0.00,0.00,0.00,0.00,0.00,0.00,0.00,0.00,-161.51,-24.61,0.43,-0.10,-0.85,3.53,2.56,-1.22
01/04/2026,12:26:29,0,0.00,0.00,0.00,0.00,0.00,0.00,0.00,0.00,-162.10,-24.70,0.42,-0.10,-0.84,3.36,0.34,-0.83
01/04/2026,12:26:30,0,0.00,0.00,0.00,0.00,0.00,0.00,0.00,0.00,-161.32,-24.92,0.42,-0.12,-0.85,7.97,0.94,-0.83
01/04/2026,12:26:31,0,0.00,0.00,0.00,0.00,0.00,0.00,0.00,0.00,-154.57,-27.84,0.37,-0.19,-0.83,10.25,2.12,0.27
01/04/2026,12:26:32,0,0.00,0.00,0.00,0.00,0.00,0.00,0.00,0.00,-161.55,-24.09,0.40,-0.13,-0.85,-4.06,4.36,-6.12
01/04/2026,12:26:33,0,0.00,0.00,0.00,0.00,0.00,0.00,0.00,0.00,-158.43,-23.86,0.37,-0.14,-0.81,41.94,1.05,6.47
01/04/2026,12:26:34,96,0.00,0.00,0.00,0.00,0.00,0.00,0.00,0.00,-161.03,-23.09,0.40,-0.13,-0.84,4.34,6.73,-4.12
01/04/2026,12:26:35,74,0.00,0.00,0.00,0.00,0.00,0.00,0.00,0.00,-156.17,-24.70,0.36,-0.18,-0.83,0.56,4.89,-5.48
01/04/2026,12:26:36,154,0.00,0.00,0.00,0.00,0.00,0.00,0.00,0.00,-158.47,-22.09,0.40,-0.16,-0.88,-0.45,2.39,-1.50
01/04/2026,12:26:37,185,0.00,0.00,0.00,0.00,0.00,0.00,0.00,0.00,-155.93,-24.23,0.35,-0.19,-0.84,25.17,-13.17,19.73
01/04/2026,12:26:38,194,0.00,0.00,0.00,0.00,0.00,0.00,0.00,0.00,-155.94,-23.64,0.37,-0.19,-0.86,3.33,-0.91,1.86
01/04/2026,12:26:39,237,0.00,0.00,0.00,0.00,0.00,0.00,0.00,0.00,-156.18,-24.36,0.38,-0.17,-0.84,13.50,-14.67,11.91
01/04/2026,12:26:41,177,0.00,0.00,0.00,0.00,0.00,0.00,0.00,0.00,-155.78,-23.49,0.35,-0.19,-0.86,5.44,1.47,-0.80
01/04/2026,12:26:42,140,0.00,0.00,0.00,0.00,0.00,0.00,0.00,0.00,-155.55,-21.93,0.36,-0.19,-0.86,5.48,2.56,-1.36
01/04/2026,12:26:43,164,0.00,0.00,0.00,0.00,0.00,0.00,0.00,0.00,-155.89,-21.63,0.36,-0.20,-0.85,4.56,0.31,-0.66
01/04/2026,12:26:44,175,0.00,0.00,0.00,0.00,0.00,0.00,0.00,0.00,-156.06,-21.37,0.36,-0.20,-0.85,3.73,1.41,-0.28
01/04/2026,12:26:45,119,0.00,0.00,0.00,0.00,0.00,0.00,0.00,0.00,-156.00,-21.15,0.36,-0.20,-0.85,3.98,0.02,0.03
01/04/2026,12:26:46,103,0.00,0.00,0.00,0.00,0.00,0.00,0.00,0.00,-156.12,-21.12,0.36,-0.20,-0.85,3.80,0.19,-0.61
01/04/2026,12:26:47,107,0.00,0.00,0.00,0.00,0.00,0.00,0.00,0.00,-156.32,-20.99,0.36,-0.20,-0.85,4.27,0.08,0.02
01/04/2026,12:26:48,117,0.00,0.00,0.00,0.00,0.00,0.00,0.00,0.00,-152.68,-21.17,0.35,-0.23,-0.84,14.80,0.91,1.03
01/04/2026,12:26:49,106,0.00,0.00,0.00,0.00,0.00,0.00,0.00,0.00,-149.63,-21.29,0.34,-0.26,-0.82,5.48,-0.44,-0.11
01/04/2026,12:26:50,65,0.00,0.00,0.00,0.00,0.00,0.00,0.00,0.00,-149.16,-20.93,0.34,-0.27,-0.81,6.25,3.22,-0.44
01/04/2026,12:26:51,0,0.00,0.00,0.00,0.00,0.00,0.00,0.00,0.00,-149.43,-20.28,0.33,-0.28,-0.82,6.83,1.95,-1.14
01/04/2026,12:26:52,0,0.00,0.00,0.00,0.00,0.00,0.00,0.00,0.00,-149.31,-20.00,0.34,-0.29,-0.83,3.55,0.28,-0.77
01/04/2026,12:26:53,0,0.00,0.00,0.00,0.00,0.00,0.00,0.00,0.00,-149.45,-19.64,0.33,-0.28,-0.83,6.33,2.75,-0.75
01/04/2026,12:26:54,0,0.00,0.00,0.00,0.00,0.00,0.00,0.00,0.00,-149.38,-19.58,0.33,-0.29,-0.83,4.34,1.41,-0.94
01/04/2026,12:26:55,0,0.00,0.00,0.00,0.00,0.00,0.00,0.00,0.00,-149.55,-19.58,0.33,-0.29,-0.83,1.86,-2.30,1.25
01/04/2026,12:26:56,0,0.00,0.00,0.00,0.00,0.00,0.00,0.00,0.00,-149.51,-19.24,0.33,-0.29,-0.83,4.00,2.34,-1.38
01/04/2026,12:26:57,0,0.00,0.00,0.00,0.00,0.00,0.00,0.00,0.00,-149.30,-19.12,0.33,-0.30,-0.83,4.83,1.36,-1.41
01/04/2026,12:26:58,0,0.00,0.00,0.00,0.00,0.00,0.00,0.00,0.00,-149.60,-19.25,0.34,-0.30,-0.83,1.89,-0.28,-1.25
01/04/2026,12:26:59,0,0.00,0.00,0.00,0.00,0.00,0.00,0.00,0.00,-149.36,-19.27,0.33,-0.29,-0.83,6.03,1.06,-0.89
01/04/2026,12:27:00,0,0.00,0.00,0.00,0.00,0.00,0.00,0.00,0.00,-148.98,-19.04,0.33,-0.30,-0.82,8.45,4.27,-2.02
01/04/2026,12:27:01,0,0.00,0.00,0.00,0.00,0.00,0.00,0.00,0.00,-149.00,-19.02,0.33,-0.30,-0.82,4.55,-0.28,-0.25
01/04/2026,12:27:02,0,0.00,0.00,0.00,0.00,0.00,0.00,0.00,0.00,-148.81,-18.82,0.32,-0.31,-0.84,2.77,0.61,-1.73
01/04/2026,12:27:03,0,0.00,0.00,0.00,0.00,0.00,0.00,0.00,0.00,-148.72,-18.49,0.33,-0.30,-0.82,6.28,5.14,-2.75
01/04/2026,12:27:04,0,0.00,0.00,0.00,0.00,0.00,0.00,0.00,0.00,-149.65,-19.01,0.32,-0.31,-0.83,1.20,0.55,-1.95
01/04/2026,12:27:05,0,0.00,0.00,0.00,0.00,0.00,0.00,0.00,0.00,-158.67,-20.47,0.32,-0.21,-0.87,4.80,-1.97,3.33
01/04/2026,12:27:06,0,0.00,0.00,0.00,0.00,0.00,0.00,0.00,0.00,-158.24,-18.69,0.34,-0.21,-0.89,-8.50,1.98,-5.33
01/04/2026,12:27:07,0,0.00,0.00,0.00,0.00,0.00,0.00,0.00,0.00,-156.82,-18.90,0.32,-0.19,-0.85,7.50,2.67,-4.00
01/04/2026,12:27:08,0,0.00,0.00,0.00,0.00,0.00,0.00,0.00,0.00,-157.38,-18.85,0.33,-0.19,-0.88,5.08,-0.78,0.30
01/04/2026,12:27:09,0,0.00,0.00,0.00,0.00,0.00,0.00,0.00,0.00,-157.25,-18.82,0.33,-0.19,-0.86,7.41,0.34,0.53
01/04/2026,12:27:10,0,0.00,0.00,0.00,0.00,0.00,0.00,0.00,0.00,-156.71,-18.64,0.33,-0.19,-0.86,4.23,-0.50,-0.06
01/04/2026,12:27:11,0,0.00,0.00,0.00,0.00,0.00,0.00,0.00,0.00,-156.65,-18.53,0.33,-0.20,-0.87,2.98,0.30,-0.28
01/04/2026,12:27:12,0,0.00,0.00,0.00,0.00,0.00,0.00,0.00,0.00,-156.84,-19.01,0.32,-0.19,-0.87,6.98,1.39,1.83
01/04/2026,12:27:13,0,0.00,0.00,0.00,0.00,0.00,0.00,0.00,0.00,-156.60,-18.35,0.33,-0.19,-0.86,4.00,0.59,-0.55
01/04/2026,12:27:14,0,0.00,0.00,0.00,0.00,0.00,0.00,0.00,0.00,-156.62,-18.41,0.33,-0.19,-0.86,4.48,0.34,-0.94
01/04/2026,12:27:15,0,0.00,0.00,0.00,0.00,0.00,0.00,0.00,0.00,-156.60,-18.44,0.33,-0.19,-0.87,4.23,1.83,-0.16
01/04/2026,12:27:16,0,0.00,0.00,0.00,0.00,0.00,0.00,0.00,0.00,-158.18,-19.48,0.32,-0.18,-0.87,5.27,-0.06,0.14
01/04/2026,12:27:17,0,0.00,0.00,0.00,0.00,0.00,0.00,0.00,0.00,-157.28,-18.97,0.34,-0.18,-0.86,2.45,0.20,-1.11
01/04/2026,12:27:18,0,0.00,0.00,0.00,0.00,0.00,0.00,0.00,0.00,-157.22,-18.24,0.32,-0.19,-0.87,-2.42,4.39,-5.12
01/04/2026,12:27:20,0,0.00,0.00,0.00,0.00,0.00,0.00,0.00,0.00,-159.28,-16.79,0.38,-0.19,-0.88,2.22,-1.84,0.31
01/04/2026,12:27:21,0,0.00,0.00,0.00,0.00,0.00,0.00,0.00,0.00,-158.14,-18.73,0.35,-0.20,-0.88,-9.55,-1.34,-3.45
01/04/2026,12:27:22,0,0.00,0.00,0.00,0.00,0.00,0.00,0.00,0.00,-159.10,-18.51,0.37,-0.20,-0.87,-20.08,-2.91,-7.31
01/04/2026,12:27:23,0,0.00,0.00,0.00,0.00,0.00,0.00,0.00,0.00,-159.39,-18.34,0.35,-0.16,-0.87,14.06,2.92,0.77
01/04/2026,12:27:24,0,0.00,0.00,0.00,0.00,0.00,0.00,0.00,0.00,-159.71,-18.45,0.37,-0.16,-0.87,0.53,1.33,-2.17
01/04/2026,12:27:25,0,0.00,0.00,0.00,0.00,0.00,0.00,0.00,0.00,-159.42,-18.62,0.34,-0.15,-0.82,1.56,4.91,-5.20
01/04/2026,12:27:26,0,0.00,0.00,0.00,0.00,0.00,0.00,0.00,0.00,-157.19,-20.47,0.34,-0.17,-0.87,17.45,-11.92,13.02
01/04/2026,12:27:27,0,0.00,0.00,0.00,0.00,0.00,0.00,0.00,0.00,-156.13,-20.45,0.33,-0.20,-0.87,13.86,4.06,-0.03
01/04/2026,12:27:28,0,0.00,0.00,0.00,0.00,0.00,0.00,0.00,0.00,-156.32,-20.08,0.33,-0.19,-0.86,-2.02,-3.08,0.02
01/04/2026,12:27:29,0,0.00,0.00,0.00,0.00,0.00,0.00,0.00,0.00,-156.22,-19.65,0.32,-0.19,-0.84,-1.14,-0.03,-1.67
01/04/2026,12:27:30,0,0.00,0.00,0.00,0.00,0.00,0.00,0.00,0.00,-156.80,-19.71,0.34,-0.19,-0.87,3.59,-2.53,0.70
01/04/2026,12:27:31,0,0.00,0.00,0.00,0.00,0.00,0.00,0.00,0.00,-156.79,-18.78,0.35,-0.18,-0.88,11.30,10.28,-8.70
01/04/2026,12:27:32,0,0.00,0.00,0.00,0.00,0.00,0.00,0.00,0.00,-159.11,-17.68,0.34,-0.14,-0.85,14.06,-0.11,3.14
01/04/2026,12:27:33,0,0.00,0.00,0.00,0.00,0.00,0.00,0.00,0.00,-160.28,-17.57,0.39,-0.14,-0.88,6.19,-1.33,1.58
01/04/2026,12:27:34,0,0.00,0.00,0.00,0.00,0.00,0.00,0.00,0.00,-160.29,-19.11,0.36,-0.15,-0.84,-3.45,-0.59,-1.77
01/04/2026,12:27:35,0,0.00,0.00,0.00,0.00,0.00,0.00,0.00,0.00,-160.82,-19.93,0.38,-0.14,-0.85,6.89,1.05,0.00
01/04/2026,12:27:36,0,0.00,0.00,0.00,0.00,0.00,0.00,0.00,0.00,-160.94,-20.23,0.38,-0.14,-0.84,4.77,4.17,-3.44
01/04/2026,12:27:37,0,0.00,0.00,0.00,0.00,0.00,0.00,0.00,0.00,-157.98,-22.26,0.37,-0.14,-0.88,24.97,-6.30,9.64
01/04/2026,12:27:38,0,0.00,0.00,0.00,0.00,0.00,0.00,0.00,0.00,-156.14,-22.87,0.35,-0.19,-0.86,4.33,-1.25,0.83
01/04/2026,12:27:39,0,0.00,0.00,0.00,0.00,0.00,0.00,0.00,0.00,-156.26,-21.81,0.35,-0.19,-0.86,3.14,0.28,3.92
01/04/2026,12:27:40,0,0.00,0.00,0.00,0.00,0.00,0.00,0.00,0.00,-156.80,-21.03,0.35,-0.19,-0.86,3.73,2.02,-1.41
01/04/2026,12:27:41,0,0.00,0.00,0.00,0.00,0.00,0.00,0.00,0.00,-156.67,-20.71,0.34,-0.19,-0.86,4.44,0.41,-0.22
01/04/2026,12:27:42,0,0.00,0.00,0.00,0.00,0.00,0.00,0.00,0.00,-156.85,-20.40,0.34,-0.19,-0.86,4.14,0.52,-0.47
01/04/2026,12:27:43,0,0.00,0.00,0.00,0.00,0.00,0.00,0.00,0.00,-156.91,-20.13,0.34,-0.19,-0.86,2.00,1.86,-1.91
01/04/2026,12:27:44,0,0.00,0.00,0.00,0.00,0.00,0.00,0.00,0.00,-156.80,-20.02,0.35,-0.19,-0.86,4.70,0.36,0.25
01/04/2026,12:27:45,0,0.00,0.00,0.00,0.00,0.00,0.00,0.00,0.00,-156.94,-19.88,0.35,-0.19,-0.86,4.25,0.80,-0.84
01/04/2026,12:27:46,0,0.00,0.00,0.00,0.00,0.00,0.00,0.00,0.00,-157.03,-19.91,0.35,-0.18,-0.86,4.08,0.12,0.31
01/04/2026,12:27:47,0,0.00,0.00,0.00,0.00,0.00,0.00,0.00,0.00,-157.09,-19.89,0.34,-0.19,-0.86,4.28,0.45,-0.28
01/04/2026,12:27:48,0,0.00,0.00,0.00,0.00,0.00,0.00,0.00,0.00,-156.96,-19.91,0.34,-0.19,-0.86,5.05,1.47,-0.77
01/04/2026,12:27:49,0,0.00,0.00,0.00,0.00,0.00,0.00,0.00,0.00,-157.00,-19.62,0.35,-0.19,-0.86,4.09,1.39,-0.59
01/04/2026,12:27:50,0,0.00,0.00,0.00,0.00,0.00,0.00,0.00,0.00,-157.05,-19.57,0.35,-0.19,-0.86,2.97,1.19,-1.59
01/04/2026,12:27:51,0,0.00,0.00,0.00,0.00,0.00,0.00,0.00,0.00,-156.77,-19.53,0.35,-0.18,-0.86,5.09,0.52,-0.19
01/04/2026,12:27:52,0,0.00,0.00,0.00,0.00,0.00,0.00,0.00,0.00,-156.98,-19.48,0.34,-0.18,-0.86,5.06,0.66,-3.98
01/04/2026,12:27:53,0,0.00,0.00,0.00,0.00,0.00,0.00,0.00,0.00,-157.13,-19.73,0.34,-0.19,-0.86,3.23,-3.03,-0.27
01/04/2026,12:27:54,0,0.00,0.00,0.00,0.00,0.00,0.00,0.00,0.00,-156.85,-19.68,0.35,-0.18,-0.86,4.41,1.34,-0.66
01/04/2026,12:27:55,0,0.00,0.00,0.00,0.00,0.00,0.00,0.00,0.00,-157.04,-19.51,0.34,-0.18,-0.86,4.36,1.62,-1.09
01/04/2026,12:27:56,0,0.00,0.00,0.00,0.00,0.00,0.00,0.00,0.00,-157.08,-19.60,0.34,-0.19,-0.87,3.83,0.11,-0.36
01/04/2026,12:27:57,0,0.00,0.00,0.00,0.00,0.00,0.00,0.00,0.00,-156.85,-19.57,0.34,-0.19,-0.86,4.77,1.28,0.16
01/04/2026,12:27:58,0,0.00,0.00,0.00,0.00,0.00,0.00,0.00,0.00,-156.99,-19.63,0.34,-0.18,-0.86,4.27,-0.09,0.55
01/04/2026,12:27:59,0,0.00,0.00,0.00,0.00,0.00,0.00,0.00,0.00,-157.19,-19.49,0.34,-0.19,-0.86,5.33,-0.56,0.48
01/04/2026,12:28:00,27,0.00,0.00,0.00,0.00,0.00,0.00,0.00,0.00,-156.64,-19.83,0.34,-0.19,-0.87,7.44,0.27,0.36
01/04/2026,12:28:01,52,0.00,0.00,0.00,0.00,0.00,0.00,0.00,0.00,-156.48,-19.72,0.33,-0.19,-0.86,3.55,-2.75,1.64
01/04/2026,12:28:03,173,0.00,0.00,0.00,0.00,0.00,0.00,0.00,0.00,-156.62,-19.32,0.34,-0.19,-0.87,3.22,1.22,-1.50
01/04/2026,12:28:04,187,0.00,0.00,0.00,0.00,0.00,0.00,0.00,0.00,-156.72,-19.27,0.34,-0.19,-0.86,3.56,1.14,-1.77
01/04/2026,12:28:05,240,0.00,0.00,0.00,0.00,0.00,0.00,0.00,0.00,-156.77,-19.48,0.34,-0.19,-0.86,4.08,0.42,-0.72
01/04/2026,12:28:06,239,0.00,0.00,0.00,0.00,0.00,0.00,0.00,0.00,-156.99,-19.34,0.34,-0.19,-0.86,3.36,1.19,-1.39
01/04/2026,12:28:07,207,0.00,0.00,0.00,0.00,0.00,0.00,0.00,0.00,-156.85,-19.22,0.34,-0.19,-0.86,5.69,-0.36,0.58
01/04/2026,12:28:08,134,0.00,0.00,0.00,0.00,0.00,0.00,0.00,0.00,-156.91,-19.19,0.34,-0.19,-0.86,4.72,1.45,-1.39
01/04/2026,12:28:09,0,0.00,0.00,0.00,0.00,0.00,0.00,0.00,0.00,-156.76,-19.44,0.34,-0.18,-0.86,3.75,0.94,-1.22
01/04/2026,12:28:10,0,0.00,0.00,0.00,0.00,0.00,0.00,0.00,0.00,-156.71,-19.35,0.34,-0.19,-0.86,3.92,1.17,-0.62
01/04/2026,12:28:11,0,0.00,0.00,0.00,0.00,0.00,0.00,0.00,0.00,-156.89,-19.48,0.34,-0.19,-0.86,3.50,0.50,-0.73
01/04/2026,12:28:12,0,0.00,0.00,0.00,0.00,0.00,0.00,0.00,0.00,-156.95,-19.32,0.34,-0.18,-0.86,5.55,2.16,-1.78
01/04/2026,12:28:13,0,0.00,0.00,0.00,0.00,0.00,0.00,0.00,0.00,-156.94,-19.28,0.34,-0.19,-0.86,4.91,1.34,-1.06
01/04/2026,12:28:14,0,0.00,0.00,0.00,0.00,0.00,0.00,0.00,0.00,-156.90,-19.22,0.34,-0.19,-0.86,4.62,-0.08,-0.09
01/04/2026,12:28:15,0,0.00,0.00,0.00,0.00,0.00,0.00,0.00,0.00,-156.92,-19.18,0.34,-0.19,-0.86,4.86,1.95,-1.34
01/04/2026,12:28:16,0,0.00,0.00,0.00,0.00,0.00,0.00,0.00,0.00,-156.91,-19.18,0.34,-0.18,-0.86,4.61,0.41,0.12
01/04/2026,12:28:17,0,0.00,0.00,0.00,0.00,0.00,0.00,0.00,0.00,-157.03,-19.21,0.34,-0.19,-0.86,4.00,0.19,-0.23
01/04/2026,12:28:18,0,0.00,0.00,0.00,0.00,0.00,0.00,0.00,0.00,-156.99,-19.26,0.34,-0.19,-0.86,4.70,1.70,-1.06
01/04/2026,12:28:19,0,0.00,0.00,0.00,0.00,0.00,0.00,0.00,0.00,-156.96,-19.10,0.34,-0.19,-0.86,4.75,0.62,0.30
01/04/2026,12:28:20,0,0.00,0.00,0.00,0.00,0.00,0.00,0.00,0.00,-156.87,-19.01,0.34,-0.19,-0.86,4.61,1.78,-1.03
01/04/2026,12:28:21,0,0.00,0.00,0.00,0.00,0.00,0.00,0.00,0.00,-156.97,-19.16,0.34,-0.19,-0.86,4.50,0.73,-0.94
01/04/2026,12:28:22,0,0.00,0.00,0.00,0.00,0.00,0.00,0.00,0.00,-156.79,-19.23,0.34,-0.19,-0.87,8.33,1.06,-0.05
01/04/2026,12:28:23,0,0.00,0.00,0.00,0.00,0.00,0.00,0.00,0.00,-156.94,-19.36,0.34,-0.19,-0.86,2.11,-1.08,-0.77
01/04/2026,12:28:24,0,0.00,0.00,0.00,0.00,0.00,0.00,0.00,0.00,-156.60,-19.13,0.34,-0.19,-0.86,4.72,2.53,-1.56
01/04/2026,12:28:25,0,0.00,0.00,0.00,0.00,0.00,0.00,0.00,0.00,-156.68,-19.14,0.34,-0.19,-0.86,3.89,-0.59,-0.20
01/04/2026,12:28:26,0,0.00,0.00,0.00,0.00,0.00,0.00,0.00,0.00,-156.64,-19.26,0.34,-0.19,-0.86,3.81,0.16,-0.72
01/04/2026,12:28:27,0,0.00,0.00,0.00,0.00,0.00,0.00,0.00,0.00,-156.40,-19.19,0.34,-0.19,-0.86,5.70,1.58,-0.70
01/04/2026,12:28:28,0,0.00,0.00,0.00,0.00,0.00,0.00,0.00,0.00,-155.21,-19.13,0.34,-0.20,-0.86,5.39,1.28,-0.58
01/04/2026,12:28:29,0,0.00,0.00,0.00,0.00,0.00,0.00,0.00,0.00,-155.70,-19.59,0.36,-0.24,-0.88,-24.45,-16.70,3.70
01/04/2026,12:28:30,0,0.00,0.00,0.00,0.00,0.00,0.00,0.00,0.00,-155.23,-19.07,0.33,-0.22,-0.85,10.42,2.23,0.27
01/04/2026,12:28:31,0,0.00,0.00,0.00,0.00,0.00,0.00,0.00,0.00,-155.65,-19.00,0.32,-0.20,-0.87,2.66,-2.58,0.88
01/04/2026,12:28:32,0,0.00,0.00,0.00,0.00,0.00,0.00,0.00,0.00,-155.70,-18.88,0.33,-0.20,-0.87,6.28,-1.33,0.70
01/04/2026,12:28:33,0,0.00,0.00,0.00,0.00,0.00,0.00,0.00,0.00,-156.39,-18.99,0.33,-0.20,-0.85,0.69,0.91,-2.03
01/04/2026,12:28:34,0,0.00,0.00,0.00,0.00,0.00,0.00,0.00,0.00,-157.10,-19.11,0.34,-0.19,-0.86,1.94,-3.86,0.72
01/04/2026,12:28:35,0,0.00,0.00,0.00,0.00,0.00,0.00,0.00,0.00,-156.72,-18.88,0.33,-0.19,-0.87,7.59,1.20,0.59
01/04/2026,12:28:36,0,0.00,0.00,0.00,0.00,0.00,0.00,0.00,0.00,-157.01,-18.83,0.33,-0.20,-0.87,6.02,2.81,-1.62
01/04/2026,12:28:37,0,0.00,0.00,0.00,0.00,0.00,0.00,0.00,0.00,-156.92,-18.93,0.33,-0.19,-0.86,4.58,0.00,-0.42
01/04/2026,12:28:38,0,0.00,0.00,0.00,0.00,0.00,0.00,0.00,0.00,-156.32,-18.83,0.33,-0.19,-0.87,6.17,-0.31,0.75
01/04/2026,12:28:39,0,0.00,0.00,0.00,0.00,0.00,0.00,0.00,0.00,-156.32,-18.69,0.33,-0.19,-0.86,3.50,3.48,-2.27
01/04/2026,12:28:40,0,0.00,0.00,0.00,0.00,0.00,0.00,0.00,0.00,-155.42,-18.56,0.33,-0.20,-0.86,6.91,4.14,-2.22
01/04/2026,12:28:41,0,0.00,0.00,0.00,0.00,0.00,0.00,0.00,0.00,-154.96,-18.57,0.34,-0.21,-0.87,1.83,2.70,-4.78
01/04/2026,12:28:42,0,0.00,0.00,0.00,0.00,0.00,0.00,0.00,0.00,-155.29,-18.55,0.33,-0.20,-0.86,3.72,-0.55,0.19
01/04/2026,12:28:43,0,0.00,0.00,0.00,0.00,0.00,0.00,0.00,0.00,-157.49,-19.04,0.33,-0.18,-0.87,2.73,-0.44,-0.42
01/04/2026,12:28:45,0,0.00,0.00,0.00,0.00,0.00,0.00,0.00,0.00,-156.43,-19.52,0.31,-0.19,-0.87,5.16,-1.14,0.41
01/04/2026,12:28:46,0,0.00,0.00,0.00,0.00,0.00,0.00,0.00,0.00,-156.68,-19.48,0.32,-0.20,-0.88,-0.62,-3.86,1.38
01/04/2026,12:28:47,0,0.00,0.00,0.00,0.00,0.00,0.00,0.00,0.00,-156.74,-18.71,0.31,-0.19,-0.87,4.03,3.44,-1.28
01/04/2026,12:28:48,0,0.00,0.00,0.00,0.00,0.00,0.00,0.00,0.00,-156.64,-18.43,0.31,-0.19,-0.87,3.28,-0.91,0.11
01/04/2026,12:28:49,0,0.00,0.00,0.00,0.00,0.00,0.00,0.00,0.00,-156.08,-18.87,0.31,-0.20,-0.86,4.78,-9.20,4.08
01/04/2026,12:28:50,0,0.00,0.00,0.00,0.00,0.00,0.00,0.00,0.00,-155.85,-18.59,0.30,-0.20,-0.85,13.41,9.97,-6.09
01/04/2026,12:28:51,0,0.00,0.00,0.00,0.00,0.00,0.00,0.00,0.00,-156.41,-17.78,0.31,-0.19,-0.86,1.97,-0.84,-0.61
01/04/2026,12:28:52,0,0.00,0.00,0.00,0.00,0.00,0.00,0.00,0.00,-156.13,-17.52,0.30,-0.19,-0.87,3.36,-6.14,3.41
01/04/2026,12:28:53,0,0.00,0.00,0.00,0.00,0.00,0.00,0.00,0.00,-155.99,-17.00,0.30,-0.19,-0.88,4.14,2.38,-1.97
01/04/2026,12:28:54,0,0.00,0.00,0.00,0.00,0.00,0.00,0.00,0.00,-156.08,-17.07,0.31,-0.20,-0.87,2.62,-1.78,1.31
01/04/2026,12:28:55,0,0.00,0.00,0.00,0.00,0.00,0.00,0.00,0.00,-155.98,-16.51,0.30,-0.20,-0.88,12.27,11.78,-5.70
01/04/2026,12:28:56,74,0.00,0.00,0.00,0.00,0.00,0.00,0.00,0.00,-156.31,-16.92,0.31,-0.19,-0.87,0.95,-0.67,0.69
01/04/2026,12:28:57,133,0.00,0.00,0.00,0.00,0.00,0.00,0.00,0.00,-156.22,-16.97,0.30,-0.19,-0.88,8.41,6.92,-3.75
01/04/2026,12:28:58,209,0.00,0.00,0.00,0.00,0.00,0.00,0.00,0.00,-155.58,-17.07,0.30,-0.20,-0.88,1.19,-8.78,6.02
01/04/2026,12:28:59,245,0.00,0.00,0.00,0.00,0.00,0.00,0.00,0.00,-156.21,-16.14,0.30,-0.18,-0.85,0.33,-6.36,2.55
01/04/2026,12:29:00,259,0.00,0.00,0.00,0.00,0.00,0.00,0.00,0.00,-155.77,-15.91,0.31,-0.19,-0.88,7.81,-0.81,1.56
01/04/2026,12:29:01,275,0.00,0.00,0.00,0.00,0.00,0.00,0.00,0.00,-156.40,-16.29,0.31,-0.18,-0.86,6.77,-1.25,1.92
01/04/2026,12:29:02,217,0.00,0.00,0.00,0.00,0.00,0.00,0.00,0.00,-156.86,-16.43,0.31,-0.18,-0.87,3.45,1.92,-1.41
01/04/2026,12:29:03,237,0.00,0.00,0.00,0.00,0.00,0.00,0.00,0.00,-156.49,-16.32,0.31,-0.19,-0.87,8.03,4.98,-1.78
01/04/2026,12:29:04,186,0.00,0.00,0.00,0.00,0.00,0.00,0.00,0.00,-156.49,-16.21,0.30,-0.19,-0.87,6.06,6.48,-3.67
01/04/2026,12:29:05,198,0.00,0.00,0.00,0.00,0.00,0.00,0.00,0.00,-156.40,-16.69,0.31,-0.18,-0.86,2.70,-4.22,2.16
01/04/2026,12:29:06,266,0.00,0.00,0.00,0.00,0.00,0.00,0.00,0.00,-157.34,-15.62,0.31,-0.18,-0.87,6.23,3.17,-1.02
01/04/2026,12:29:07,265,0.00,0.00,0.00,0.00,0.00,0.00,0.00,0.00,-156.57,-14.77,0.33,-0.16,-0.86,4.95,3.16,-3.16
01/04/2026,12:29:08,336,0.00,0.00,0.00,0.00,0.00,0.00,0.00,0.00,-157.84,-15.06,0.34,-0.15,-0.88,1.72,-2.28,-2.02
01/04/2026,12:29:09,326,0.00,0.00,0.00,0.00,0.00,0.00,0.00,0.00,-158.93,-15.99,0.35,-0.14,-0.92,-0.45,-2.03,0.84
01/04/2026,12:29:10,330,0.00,0.00,0.00,0.00,0.00,0.00,0.00,0.00,-159.32,-16.33,0.35,-0.14,-0.89,3.42,-0.81,1.67
01/04/2026,12:29:11,315,0.00,0.00,0.00,0.00,0.00,0.00,0.00,0.00,-159.27,-17.02,0.34,-0.14,-0.85,5.69,3.92,-2.19
01/04/2026,12:29:12,301,0.00,0.00,0.00,0.00,0.00,0.00,0.00,0.00,-159.31,-17.69,0.34,-0.13,-0.86,13.42,3.19,1.75
01/04/2026,12:29:13,291,0.00,0.00,0.00,0.00,0.00,0.00,0.00,0.00,-159.75,-18.15,0.34,-0.14,-0.86,8.09,3.69,-0.89
01/04/2026,12:29:14,294,0.00,0.00,0.00,0.00,0.00,0.00,0.00,0.00,-159.82,-18.55,0.35,-0.13,-0.89,-1.05,-1.62,0.06
01/04/2026,12:29:15,298,0.00,0.00,0.00,0.00,0.00,0.00,0.00,0.00,-160.05,-18.84,0.34,-0.13,-0.85,6.05,2.48,-1.00
01/04/2026,12:29:16,295,0.00,0.00,0.00,0.00,0.00,0.00,0.00,0.00,-160.41,-19.30,0.32,-0.11,-0.83,7.78,3.53,1.36
01/04/2026,12:29:17,320,0.00,0.00,0.00,0.00,0.00,0.00,0.00,0.00,-160.55,-19.60,0.34,-0.13,-0.85,8.97,0.55,0.06
01/04/2026,12:29:18,336,0.00,0.00,0.00,0.00,0.00,0.00,0.00,0.00,-157.18,-20.52,0.34,-0.17,-0.87,0.81,0.97,-2.08
01/04/2026,12:29:19,304,0.00,0.00,0.00,0.00,0.00,0.00,0.00,0.00,-159.13,-19.16,0.34,-0.15,-0.87,4.38,1.47,-1.12
01/04/2026,12:29:20,304,0.00,0.00,0.00,0.00,0.00,0.00,0.00,0.00,-158.55,-18.92,0.35,-0.15,-0.90,-6.30,-2.61,-0.66
01/04/2026,12:29:21,325,0.00,0.00,0.00,0.00,0.00,0.00,0.00,0.00,-158.01,-19.59,0.33,-0.17,-0.87,5.14,-0.14,0.12
01/04/2026,12:29:22,240,0.00,0.00,0.00,0.00,0.00,0.00,0.00,0.00,-158.41,-19.34,0.33,-0.16,-0.86,-4.70,1.34,-4.28
01/04/2026,12:29:23,127,0.00,0.00,0.00,0.00,0.00,0.00,0.00,0.00,-156.60,-18.90,0.32,-0.17,-0.87,8.09,1.66,0.91
01/04/2026,12:29:24,90,0.00,0.00,0.00,0.00,0.00,0.00,0.00,0.00,-156.22,-20.20,0.37,-0.18,-0.87,5.30,1.80,-0.98
01/04/2026,12:29:25,73,0.00,0.00,0.00,0.00,0.00,0.00,0.00,0.00,-155.92,-20.08,0.31,-0.19,-0.89,-4.86,-6.02,3.73
01/04/2026,12:29:27,30,0.00,0.00,0.00,0.00,0.00,0.00,0.00,0.00,-156.74,-18.32,0.30,-0.19,-0.89,3.61,7.97,-5.34
01/04/2026,12:29:28,0,0.00,0.00,0.00,0.00,0.00,0.00,0.00,0.00,-155.98,-17.53,0.28,-0.19,-0.89,6.38,3.34,-1.47
01/04/2026,12:29:29,0,0.00,0.00,0.00,0.00,0.00,0.00,0.00,0.00,-160.50,-15.74,0.32,-0.14,-0.87,2.59,-1.97,0.67
01/04/2026,12:29:30,0,0.00,0.00,0.00,0.00,0.00,0.00,0.00,0.00,-159.85,-16.32,0.32,-0.15,-0.88,3.39,0.58,-1.45
01/04/2026,12:29:31,0,0.00,0.00,0.00,0.00,0.00,0.00,0.00,0.00,-159.29,-16.66,0.32,-0.15,-0.87,5.44,0.64,0.14
01/04/2026,12:29:32,0,0.00,0.00,0.00,0.00,0.00,0.00,0.00,0.00,-159.09,-16.95,0.32,-0.15,-0.88,4.50,0.73,-0.81
01/04/2026,12:29:33,0,0.00,0.00,0.00,0.00,0.00,0.00,0.00,0.00,-158.98,-17.23,0.32,-0.15,-0.88,4.39,1.33,-0.62
01/04/2026,12:29:34,0,0.00,0.00,0.00,0.00,0.00,0.00,0.00,0.00,-158.84,-17.27,0.32,-0.15,-0.88,5.05,1.17,-0.91
01/04/2026,12:29:35,0,0.00,0.00,0.00,0.00,0.00,0.00,0.00,0.00,-158.66,-17.48,0.32,-0.15,-0.88,4.97,0.52,-1.44
01/04/2026,12:29:36,0,0.00,0.00,0.00,0.00,0.00,0.00,0.00,0.00,-158.68,-17.55,0.32,-0.15,-0.88,5.42,0.95,-0.80
01/04/2026,12:29:37,0,0.00,0.00,0.00,0.00,0.00,0.00,0.00,0.00,-158.74,-17.61,0.32,-0.15,-0.88,4.80,0.86,-0.67
01/04/2026,12:29:38,0,0.00,0.00,0.00,0.00,0.00,0.00,0.00,0.00,-158.55,-17.67,0.32,-0.17,-0.88,8.08,-0.64,1.61
01/04/2026,12:29:39,0,0.00,0.00,0.00,0.00,0.00,0.00,0.00,0.00,-158.58,-17.66,0.32,-0.15,-0.88,4.45,0.59,-0.17
01/04/2026,12:29:40,0,0.00,0.00,0.00,0.00,0.00,0.00,0.00,0.00,-158.61,-17.63,0.32,-0.15,-0.88,4.84,0.73,-0.91
01/04/2026,12:29:41,0,0.00,0.00,0.00,0.00,0.00,0.00,0.00,0.00,-158.62,-17.65,0.31,-0.15,-0.88,4.69,0.30,-0.06
01/04/2026,12:29:42,0,0.00,0.00,0.00,0.00,0.00,0.00,0.00,0.00,-158.58,-17.66,0.32,-0.15,-0.88,4.78,0.22,-0.30
01/04/2026,12:29:43,0,0.00,0.00,0.00,0.00,0.00,0.00,0.00,0.00,-158.74,-17.60,0.32,-0.15,-0.88,4.47,0.94,-0.92
01/04/2026,12:29:44,0,0.00,0.00,0.00,0.00,0.00,0.00,0.00,0.00,-158.56,-17.56,0.32,-0.15,-0.88,4.34,-0.19,-0.77
01/04/2026,12:29:45,0,0.00,0.00,0.00,0.00,0.00,0.00,0.00,0.00,-158.61,-17.60,0.32,-0.15,-0.88,3.94,0.11,-0.73
01/04/2026,12:29:46,0,0.00,0.00,0.00,0.00,0.00,0.00,0.00,0.00,-158.43,-17.58,0.32,-0.16,-0.88,4.66,0.64,-0.52
01/04/2026,12:29:47,0,0.00,0.00,0.00,0.00,0.00,0.00,0.00,0.00,-158.65,-17.55,0.32,-0.16,-0.88,7.58,3.88,-1.02
01/04/2026,12:29:48,0,0.00,0.00,0.00,0.00,0.00,0.00,0.00,0.00,-158.32,-17.47,0.32,-0.15,-0.88,12.67,2.67,0.61
01/04/2026,12:29:49,0,0.00,0.00,0.00,0.00,0.00,0.00,0.00,0.00,-158.73,-17.57,0.32,-0.15,-0.89,4.00,-1.11,-0.09
01/04/2026,12:29:50,0,0.00,0.00,0.00,0.00,0.00,0.00,0.00,0.00,-158.34,-17.39,0.32,-0.15,-0.88,6.17,-0.28,0.20
01/04/2026,12:29:51,0,0.00,0.00,0.00,0.00,0.00,0.00,0.00,0.00,-158.61,-17.46,0.32,-0.15,-0.88,4.80,1.38,-1.36
01/04/2026,12:29:52,0,0.00,0.00,0.00,0.00,0.00,0.00,0.00,0.00,-158.62,-17.48,0.32,-0.15,-0.88,4.81,0.80,-1.05
01/04/2026,12:29:53,0,0.00,0.00,0.00,0.00,0.00,0.00,0.00,0.00,-158.67,-17.47,0.32,-0.15,-0.88,4.94,-0.20,0.25
01/04/2026,12:29:54,0,0.00,0.00,0.00,0.00,0.00,0.00,0.00,0.00,-158.57,-17.47,0.31,-0.15,-0.88,4.33,0.61,-0.73
01/04/2026,12:29:55,0,0.00,0.00,0.00,0.00,0.00,0.00,0.00,0.00,-158.57,-17.39,0.32,-0.15,-0.87,6.56,-1.69,1.72
01/04/2026,12:29:56,0,0.00,0.00,0.00,0.00,0.00,0.00,0.00,0.00,-158.22,-17.48,0.31,-0.15,-0.88,5.92,0.72,0.06
01/04/2026,12:29:57,0,0.00,0.00,0.00,0.00,0.00,0.00,0.00,0.00,-158.23,-17.47,0.31,-0.16,-0.88,4.48,0.58,-0.47
01/04/2026,12:29:58,0,0.00,0.00,0.00,0.00,0.00,0.00,0.00,0.00,-158.23,-17.63,0.31,-0.16,-0.88,4.39,0.20,-0.75
01/04/2026,12:29:59,0,0.00,0.00,0.00,0.00,0.00,0.00,0.00,0.00,-158.25,-17.61,0.31,-0.16,-0.88,5.28,1.03,-0.80
01/04/2026,12:30:00,0,0.00,0.00,0.00,0.00,0.00,0.00,0.00,0.00,-158.29,-17.71,0.37,-0.15,-0.88,5.41,0.34,-0.48
01/04/2026,12:30:01,0,0.00,0.00,0.00,0.00,0.00,0.00,0.00,0.00,-157.20,-17.04,0.29,-0.14,-0.87,7.38,-5.11,2.89
01/04/2026,12:30:02,0,0.00,0.00,0.00,0.00,0.00,0.00,0.00,0.00,-157.68,-17.09,0.32,-0.16,-0.88,3.97,0.22,-0.03
01/04/2026,12:30:03,0,0.00,0.00,0.00,0.00,0.00,0.00,0.00,0.00,-157.95,-17.17,0.31,-0.16,-0.88,4.23,1.42,-0.84
01/04/2026,12:30:04,0,0.00,0.00,0.00,0.00,0.00,0.00,0.00,0.00,-158.03,-17.22,0.31,-0.16,-0.88,4.81,1.50,-1.34
01/04/2026,12:30:05,0,0.00,0.00,0.00,0.00,0.00,0.00,0.00,0.00,-158.15,-17.21,0.31,-0.16,-0.88,4.44,0.05,-0.89
01/04/2026,12:30:06,0,0.00,0.00,0.00,0.00,0.00,0.00,0.00,0.00,-158.20,-17.31,0.31,-0.15,-0.88,4.39,1.14,-0.59
01/04/2026,12:30:07,0,0.00,0.00,0.00,0.00,0.00,0.00,0.00,0.00,-158.13,-17.32,0.31,-0.15,-0.88,4.16,1.00,-0.78
01/04/2026,12:30:08,0,0.00,0.00,0.00,0.00,0.00,0.00,0.00,0.00,-158.15,-17.41,0.31,-0.16,-0.88,4.38,0.73,-1.05
01/04/2026,12:30:10,0,0.00,0.00,0.00,0.00,0.00,0.00,0.00,0.00,-158.10,-17.31,0.32,-0.16,-0.88,4.91,-0.11,-0.61
01/04/2026,12:30:11,0,0.00,0.00,0.00,0.00,0.00,0.00,0.00,0.00,-158.05,-17.27,0.32,-0.16,-0.88,4.41,0.33,-0.59
01/04/2026,12:30:12,0,0.00,0.00,0.00,0.00,0.00,0.00,0.00,0.00,-158.05,-17.22,0.31,-0.16,-0.88,5.09,1.09,-0.25
01/04/2026,12:30:13,0,0.00,0.00,0.00,0.00,0.00,0.00,0.00,0.00,-158.10,-17.19,0.31,-0.16,-0.88,4.97,0.73,-0.70
01/04/2026,12:30:14,0,0.00,0.00,0.00,0.00,0.00,0.00,0.00,0.00,-158.15,-17.20,0.31,-0.16,-0.88,4.89,1.23,-0.58
01/04/2026,12:30:15,0,0.00,0.00,0.00,0.00,0.00,0.00,0.00,0.00,-158.17,-17.46,0.31,-0.16,-0.88,5.12,0.58,-0.42
01/04/2026,12:30:16,0,0.00,0.00,0.00,0.00,0.00,0.00,0.00,0.00,-158.17,-17.48,0.31,-0.16,-0.88,4.88,0.88,-0.38
01/04/2026,12:30:17,0,0.00,0.00,0.00,0.00,0.00,0.00,0.00,0.00,-158.15,-17.44,0.31,-0.16,-0.88,5.02,0.47,-0.47
01/04/2026,12:30:18,0,0.00,0.00,0.00,0.00,0.00,0.00,0.00,0.00,-158.15,-17.30,0.31,-0.16,-0.88,4.53,1.98,-0.61
01/04/2026,12:30:19,0,0.00,0.00,0.00,0.00,0.00,0.00,0.00,0.00,-158.13,-17.29,0.31,-0.16,-0.88,4.89,0.41,-0.27
01/04/2026,12:30:20,0,0.00,0.00,0.00,0.00,0.00,0.00,0.00,0.00,-158.08,-17.29,0.31,-0.16,-0.88,4.81,0.73,-0.88
01/04/2026,12:30:21,0,0.00,0.00,0.00,0.00,0.00,0.00,0.00,0.00,-158.09,-17.30,0.32,-0.16,-0.88,4.56,1.23,-0.48
01/04/2026,12:30:22,0,0.00,0.00,0.00,0.00,0.00,0.00,0.00,0.00,-158.20,-17.37,0.31,-0.16,-0.88,4.47,-0.12,-0.19
01/04/2026,12:30:23,0,0.00,0.00,0.00,0.00,0.00,0.00,0.00,0.00,-158.13,-17.42,0.31,-0.16,-0.88,4.88,0.59,-0.94
01/04/2026,12:30:24,0,0.00,0.00,0.00,0.00,0.00,0.00,0.00,0.00,-158.03,-17.25,0.31,-0.16,-0.88,5.14,1.19,-0.53
01/04/2026,12:30:25,0,0.00,0.00,0.00,0.00,0.00,0.00,0.00,0.00,-158.00,-17.10,0.31,-0.16,-0.88,5.22,1.30,-0.59
01/04/2026,12:30:26,0,0.00,0.00,0.00,0.00,0.00,0.00,0.00,0.00,-158.13,-17.18,0.31,-0.16,-0.88,4.81,0.84,-0.50
01/04/2026,12:30:27,0,0.00,0.00,0.00,0.00,0.00,0.00,0.00,0.00,-158.21,-17.39,0.31,-0.16,-0.88,4.62,1.06,-0.22
01/04/2026,12:30:28,0,0.00,0.00,0.00,0.00,0.00,0.00,0.00,0.00,-158.17,-17.32,0.31,-0.16,-0.88,4.53,0.97,-0.89
01/04/2026,12:30:29,0,0.00,0.00,0.00,0.00,0.00,0.00,0.00,0.00,-158.19,-17.15,0.31,-0.16,-0.88,4.47,1.34,-0.25
01/04/2026,12:30:30,0,0.00,0.00,0.00,0.00,0.00,0.00,0.00,0.00,-158.25,-17.29,0.32,-0.16,-0.88,5.33,0.30,0.05
01/04/2026,12:30:31,0,0.00,0.00,0.00,0.00,0.00,0.00,0.00,0.00,-158.28,-17.29,0.31,-0.15,-0.88,4.94,0.77,-0.52
01/04/2026,12:30:32,0,0.00,0.00,0.00,0.00,0.00,0.00,0.00,0.00,-158.13,-17.22,0.31,-0.16,-0.88,4.89,0.44,-0.80
01/04/2026,12:30:33,0,0.00,0.00,0.00,0.00,0.00,0.00,0.00,0.00,-158.03,-17.23,0.31,-0.16,-0.88,4.89,0.92,-0.53
01/04/2026,12:30:34,0,0.00,0.00,0.00,0.00,0.00,0.00,0.00,0.00,-158.08,-17.14,0.31,-0.16,-0.88,4.75,1.03,-0.73
01/04/2026,12:30:35,0,0.00,0.00,0.00,0.00,0.00,0.00,0.00,0.00,-157.97,-17.20,0.31,-0.16,-0.87,5.42,0.84,-0.78
01/04/2026,12:30:36,0,0.00,0.00,0.00,0.00,0.00,0.00,0.00,0.00,-158.02,-17.21,0.32,-0.16,-0.88,4.75,1.00,-0.19
01/04/2026,12:30:37,0,0.00,0.00,0.00,0.00,0.00,0.00,0.00,0.00,-158.15,-17.40,0.31,-0.15,-0.88,5.31,0.94,-0.25
01/04/2026,12:30:38,0,0.00,0.00,0.00,0.00,0.00,0.00,0.00,0.00,-158.14,-17.31,0.31,-0.16,-0.88,4.88,1.55,-0.33
01/04/2026,12:30:39,0,0.00,0.00,0.00,0.00,0.00,0.00,0.00,0.00,-158.12,-17.26,0.31,-0.16,-0.88,5.12,1.08,-0.34
01/04/2026,12:30:40,0,0.00,0.00,0.00,0.00,0.00,0.00,0.00,0.00,-158.07,-17.27,0.31,-0.16,-0.88,5.08,0.88,-0.98
01/04/2026,12:30:41,0,0.00,0.00,0.00,0.00,0.00,0.00,0.00,0.00,-157.97,-17.23,0.31,-0.16,-0.88,4.98,1.27,-1.08
01/04/2026,12:30:42,0,0.00,0.00,0.00,0.00,0.00,0.00,0.00,0.00,-158.11,-17.21,0.25,-0.16,-0.88,4.97,1.56,-0.55
01/04/2026,12:30:43,0,0.00,0.00,0.00,0.00,0.00,0.00,0.00,0.00,-158.00,-17.22,0.31,-0.16,-0.88,5.36,0.55,-0.33
01/04/2026,12:30:44,0,0.00,0.00,0.00,0.00,0.00,0.00,0.00,0.00,-158.13,-17.15,0.31,-0.16,-0.88,4.69,0.30,-0.28
01/04/2026,12:30:45,0,0.00,0.00,0.00,0.00,0.00,0.00,0.00,0.00,-158.06,-17.28,0.31,-0.16,-0.87,4.69,0.48,-0.62
01/04/2026,12:30:46,0,0.00,0.00,0.00,0.00,0.00,0.00,0.00,0.00,-158.05,-17.23,0.31,-0.16,-0.88,4.77,0.86,-0.58
01/04/2026,12:30:47,0,0.00,0.00,0.00,0.00,0.00,0.00,0.00,0.00,-158.10,-17.24,0.31,-0.16,-0.88,4.06,1.44,-0.50
01/04/2026,12:30:49,0,0.00,0.00,0.00,0.00,0.00,0.00,0.00,0.00,-158.10,-17.16,0.31,-0.16,-0.88,5.08,1.09,-0.83
01/04/2026,12:30:50,0,0.00,0.00,0.00,0.00,0.00,0.00,0.00,0.00,-158.05,-17.11,0.31,-0.16,-0.88,4.67,1.31,-0.22
01/04/2026,12:30:51,0,0.00,0.00,0.00,0.00,0.00,0.00,0.00,0.00,-158.03,-17.15,0.31,-0.16,-0.87,5.02,0.86,-0.31
01/04/2026,12:30:52,0,0.00,0.00,0.00,0.00,0.00,0.00,0.00,0.00,-158.05,-17.18,0.31,-0.16,-0.87,4.88,1.00,-0.02
01/04/2026,12:30:53,0,0.00,0.00,0.00,0.00,0.00,0.00,0.00,0.00,-157.93,-17.19,0.31,-0.16,-0.88,4.69,0.89,-0.27
01/04/2026,12:30:54,0,0.00,0.00,0.00,0.00,0.00,0.00,0.00,0.00,-158.08,-17.23,0.25,-0.16,-0.88,4.73,1.11,-0.58
01/04/2026,12:30:55,0,0.00,0.00,0.00,0.00,0.00,0.00,0.00,0.00,-158.15,-17.31,0.31,-0.15,-0.88,4.47,-0.59,-0.64
01/04/2026,12:30:56,0,0.00,0.00,0.00,0.00,0.00,0.00,0.00,0.00,-158.03,-17.49,0.31,-0.16,-0.88,5.09,-3.77,-0.50
01/04/2026,12:30:57,0,0.00,0.00,0.00,0.00,0.00,0.00,0.00,0.00,-158.09,-17.53,0.31,-0.16,-0.88,5.03,0.06,-0.53
01/04/2026,12:30:58,0,0.00,0.00,0.00,0.00,0.00,0.00,0.00,0.00,-158.01,-17.43,0.31,-0.16,-0.88,4.88,1.19,-0.50
01/04/2026,12:30:59,0,0.00,0.00,0.00,0.00,0.00,0.00,0.00,0.00,-158.00,-17.38,0.32,-0.16,-0.88,4.58,1.44,0.36
01/04/2026,12:31:00,0,0.00,0.00,0.00,0.00,0.00,0.00,0.00,0.00,-158.03,-17.50,0.31,-0.16,-0.88,4.45,0.53,-0.83
01/04/2026,12:31:01,0,0.00,0.00,0.00,0.00,0.00,0.00,0.00,0.00,-158.01,-17.34,0.31,-0.16,-0.88,5.55,0.77,-0.58
01/04/2026,12:31:02,0,0.00,0.00,0.00,0.00,0.00,0.00,0.00,0.00,-158.00,-17.26,0.31,-0.16,-0.88,5.44,0.88,-0.50
01/04/2026,12:31:03,0,0.00,0.00,0.00,0.00,0.00,0.00,0.00,0.00,-158.02,-17.13,0.31,-0.16,-0.88,5.11,0.81,-0.44
01/04/2026,12:31:04,0,0.00,0.00,0.00,0.00,0.00,0.00,0.00,0.00,-158.04,-17.10,0.31,-0.16,-0.88,4.86,0.75,-0.42
01/04/2026,12:31:05,0,0.00,0.00,0.00,0.00,0.00,0.00,0.00,0.00,-157.96,-17.12,0.31,-0.16,-0.88,4.42,0.61,-0.36
01/04/2026,12:31:06,0,0.00,0.00,0.00,0.00,0.00,0.00,0.00,0.00,-158.11,-17.17,0.31,-0.16,-0.88,4.84,1.55,-0.69
01/04/2026,12:31:07,0,0.00,0.00,0.00,0.00,0.00,0.00,0.00,0.00,-158.14,-17.22,0.31,-0.16,-0.88,5.16,0.52,0.00
01/04/2026,12:31:08,0,0.00,0.00,0.00,0.00,0.00,0.00,0.00,0.00,-158.12,-17.27,0.31,-0.16,-0.88,4.14,0.69,-0.12
01/04/2026,12:31:09,0,0.00,0.00,0.00,0.00,0.00,0.00,0.00,0.00,-158.11,-17.30,0.31,-0.16,-0.88,5.02,0.41,-0.44
01/04/2026,12:31:10,0,0.00,0.00,0.00,0.00,0.00,0.00,0.00,0.00,-158.13,-17.33,0.31,-0.16,-0.88,4.41,1.19,-0.48
01/04/2026,12:31:11,0,0.00,0.00,0.00,0.00,0.00,0.00,0.00,0.00,-158.00,-17.37,0.31,-0.15,-0.87,4.98,0.36,-1.00
01/04/2026,12:31:12,0,0.00,0.00,0.00,0.00,0.00,0.00,0.00,0.00,-158.05,-17.33,0.31,-0.16,-0.88,5.42,1.20,-0.19
01/04/2026,12:31:13,0,0.00,0.00,0.00,0.00,0.00,0.00,0.00,0.00,-157.96,-17.36,0.31,-0.16,-0.88,5.20,0.80,-0.19
01/04/2026,12:31:14,0,0.00,0.00,0.00,0.00,0.00,0.00,0.00,0.00,-157.98,-17.26,0.31,-0.16,-0.88,4.75,1.73,-0.92
01/04/2026,12:31:15,0,0.00,0.00,0.00,0.00,0.00,0.00,0.00,0.00,-157.96,-17.19,0.31,-0.16,-0.87,4.92,1.20,-0.58
01/04/2026,12:31:16,0,0.00,0.00,0.00,0.00,0.00,0.00,0.00,0.00,-157.94,-17.07,0.31,-0.16,-0.88,4.56,1.50,-0.14
01/04/2026,12:31:17,0,0.00,0.00,0.00,0.00,0.00,0.00,0.00,0.00,-157.90,-16.94,0.31,-0.16,-0.88,4.27,0.77,-0.73
01/04/2026,12:31:18,0,0.00,0.00,0.00,0.00,0.00,0.00,0.00,0.00,-158.02,-17.01,0.31,-0.16,-0.88,4.56,0.41,-0.53
01/04/2026,12:31:19,0,0.00,0.00,0.00,0.00,0.00,0.00,0.00,0.00,-158.00,-17.12,0.31,-0.16,-0.88,5.28,0.91,-0.64
01/04/2026,12:31:20,0,0.00,0.00,0.00,0.00,0.00,0.00,0.00,0.00,-158.33,-17.29,0.31,-0.16,-0.88,3.72,-0.17,-0.73
01/04/2026,12:31:21,0,0.00,0.00,0.00,0.00,0.00,0.00,0.00,0.00,-158.16,-17.14,0.31,-0.16,-0.88,3.97,0.97,-1.31
01/04/2026,12:31:22,0,0.00,0.00,0.00,0.00,0.00,0.00,0.00,0.00,-158.07,-17.05,0.31,-0.16,-0.88,5.03,1.61,-0.03
01/04/2026,12:31:23,0,0.00,0.00,0.00,0.00,0.00,0.00,0.00,0.00,-158.10,-17.15,0.31,-0.16,-0.88,5.22,-0.17,-0.08
01/04/2026,12:31:24,0,0.00,0.00,0.00,0.00,0.00,0.00,0.00,0.00,-158.10,-17.15,0.31,-0.16,-0.88,5.06,0.67,-1.19
01/04/2026,12:31:25,64,0.00,0.00,0.00,0.00,0.00,0.00,0.00,0.00,-158.04,-17.22,0.31,-0.16,-0.88,4.56,1.17,-0.98
01/04/2026,12:31:26,102,0.00,0.00,0.00,0.00,0.00,0.00,0.00,0.00,-158.07,-17.22,0.32,-0.16,-0.88,4.80,0.30,-0.28
01/04/2026,12:31:27,110,0.00,0.00,0.00,0.00,0.00,0.00,0.00,0.00,-157.91,-17.09,0.31,-0.16,-0.88,5.09,1.33,0.03
01/04/2026,12:31:28,109,0.00,0.00,0.00,0.00,0.00,0.00,0.00,0.00,-157.83,-17.15,0.31,-0.16,-0.88,5.06,0.66,-0.94
01/04/2026,12:31:30,100,0.00,0.00,0.00,0.00,0.00,0.00,0.00,0.00,-157.88,-17.14,0.31,-0.16,-0.88,4.62,0.44,-0.53
01/04/2026,12:31:31,87,0.00,0.00,0.00,0.00,0.00,0.00,0.00,0.00,-157.90,-17.21,0.31,-0.16,-0.88,4.52,1.22,-0.95
01/04/2026,12:31:32,113,0.00,0.00,0.00,0.00,0.00,0.00,0.00,0.00,-157.88,-17.24,0.31,-0.16,-0.88,5.67,0.36,-0.81
01/04/2026,12:31:33,63,0.00,0.00,0.00,0.00,0.00,0.00,0.00,0.00,-157.90,-17.13,0.31,-0.16,-0.87,5.08,0.69,-1.09
01/04/2026,12:31:34,107,0.00,0.00,0.00,0.00,0.00,0.00,0.00,0.00,-157.96,-17.26,0.31,-0.16,-0.88,4.36,0.52,-0.88
01/04/2026,12:31:35,57,0.00,0.00,0.00,0.00,0.00,0.00,0.00,0.00,-158.00,-17.15,0.31,-0.16,-0.88,4.69,1.42,-0.72
01/04/2026,12:31:36,6,0.00,0.00,0.00,0.00,0.00,0.00,0.00,0.00,-158.00,-17.27,0.31,-0.15,-0.88,4.66,0.84,-0.72
01/04/2026,12:31:37,0,0.00,0.00,0.00,0.00,0.00,0.00,0.00,0.00,-157.99,-17.28,0.31,-0.16,-0.88,5.02,1.12,-1.06
01/04/2026,12:31:38,0,0.00,0.00,0.00,0.00,0.00,0.00,0.00,0.00,-158.00,-17.22,0.31,-0.16,-0.88,5.05,1.59,-0.25
01/04/2026,12:31:39,0,0.00,0.00,0.00,0.00,0.00,0.00,0.00,0.00,-158.03,-17.13,0.31,-0.16,-0.87,5.16,0.59,-0.83
01/04/2026,12:31:40,0,0.00,0.00,0.00,0.00,0.00,0.00,0.00,0.00,-158.12,-17.13,0.31,-0.16,-0.88,4.44,0.75,-0.95
01/04/2026,12:31:41,0,0.00,0.00,0.00,0.00,0.00,0.00,0.00,0.00,-158.11,-17.12,0.31,-0.16,-0.88,4.95,0.58,-0.61
01/04/2026,12:31:42,0,0.00,0.00,0.00,0.00,0.00,0.00,0.00,0.00,-158.14,-17.18,0.31,-0.16,-0.88,4.81,0.14,-0.67
01/04/2026,12:31:43,0,0.00,0.00,0.00,0.00,0.00,0.00,0.00,0.00,-158.00,-17.14,0.31,-0.16,-0.88,5.03,0.53,-0.83
01/04/2026,12:31:44,0,0.00,0.00,0.00,0.00,0.00,0.00,0.00,0.00,-157.96,-17.05,0.31,-0.16,-0.88,4.69,0.39,-0.97
01/04/2026,12:31:45,0,0.00,0.00,0.00,0.00,0.00,0.00,0.00,0.00,-157.99,-17.11,0.31,-0.16,-0.87,4.33,0.91,-0.80
01/04/2026,12:31:46,0,0.00,0.00,0.00,0.00,0.00,0.00,0.00,0.00,-158.04,-17.20,0.31,-0.16,-0.88,4.89,0.98,-0.34
01/04/2026,12:31:47,0,0.00,0.00,0.00,0.00,0.00,0.00,0.00,0.00,-158.02,-17.18,0.32,-0.16,-0.88,5.06,1.75,-0.34
01/04/2026,12:31:48,0,0.00,0.00,0.00,0.00,0.00,0.00,0.00,0.00,-158.07,-17.14,0.31,-0.16,-0.88,4.00,1.30,-0.34
01/04/2026,12:31:49,0,0.00,0.00,0.00,0.00,0.00,0.00,0.00,0.00,-158.05,-17.24,0.31,-0.16,-0.88,3.69,0.20,-0.66
01/04/2026,12:31:50,0,0.00,0.00,0.00,0.00,0.00,0.00,0.00,0.00,-158.06,-17.37,0.31,-0.16,-0.88,5.00,0.11,-0.38
01/04/2026,12:31:51,0,0.00,0.00,0.00,0.00,0.00,0.00,0.00,0.00,-157.99,-17.31,0.31,-0.16,-0.88,4.84,1.02,-0.70
01/04/2026,12:31:52,0,0.00,0.00,0.00,0.00,0.00,0.00,0.00,0.00,-158.05,-17.29,0.31,-0.16,-0.88,4.47,1.33,-1.17
01/04/2026,12:31:53,0,0.00,0.00,0.00,0.00,0.00,0.00,0.00,0.00,-158.10,-17.14,0.31,-0.16,-0.88,5.23,1.14,-0.88
01/04/2026,12:31:54,0,0.00,0.00,0.00,0.00,0.00,0.00,0.00,0.00,-158.02,-17.23,0.31,-0.16,-0.88,5.06,1.19,-0.72
01/04/2026,12:31:55,0,0.00,0.00,0.00,0.00,0.00,0.00,0.00,0.00,-158.01,-17.26,0.31,-0.16,-0.88,4.84,1.08,-0.11
01/04/2026,12:31:56,0,0.00,0.00,0.00,0.00,0.00,0.00,0.00,0.00,-157.91,-17.19,0.31,-0.16,-0.88,4.88,-0.03,-0.33
01/04/2026,12:31:57,0,0.00,0.00,0.00,0.00,0.00,0.00,0.00,0.00,-157.92,-17.13,0.31,-0.16,-0.88,4.50,0.42,0.03
01/04/2026,12:31:58,0,0.00,0.00,0.00,0.00,0.00,0.00,0.00,0.00,-157.93,-17.14,0.31,-0.16,-0.88,4.86,0.78,-0.52
01/04/2026,12:31:59,0,0.00,0.00,0.00,0.00,0.00,0.00,0.00,0.00,-157.86,-17.22,0.31,-0.16,-0.88,5.03,1.03,-0.31
01/04/2026,12:32:00,0,0.00,0.00,0.00,0.00,0.00,0.00,0.00,0.00,-157.90,-17.15,0.31,-0.16,-0.88,4.45,0.95,-0.56
01/04/2026,12:32:01,0,0.00,0.00,0.00,0.00,0.00,0.00,0.00,0.00,-157.93,-17.25,0.31,-0.16,-0.88,4.38,1.06,-1.00
01/04/2026,12:32:02,0,0.00,0.00,0.00,0.00,0.00,0.00,0.00,0.00,-157.88,-17.19,0.31,-0.16,-0.88,5.28,0.45,-0.39
01/04/2026,12:32:03,0,0.00,0.00,0.00,0.00,0.00,0.00,0.00,0.00,-158.00,-17.18,0.31,-0.16,-0.88,2.08,-0.14,-1.39
01/04/2026,12:32:04,0,0.00,0.00,0.00,0.00,0.00,0.00,0.00,0.00,-157.88,-17.04,0.31,-0.15,-0.88,4.53,0.98,-0.73
01/04/2026,12:32:05,0,0.00,0.00,0.00,0.00,0.00,0.00,0.00,0.00,-157.85,-17.08,0.31,-0.16,-0.88,5.22,1.14,-0.58
01/04/2026,12:32:06,0,0.00,0.00,0.00,0.00,0.00,0.00,0.00,0.00,-157.94,-17.04,0.31,-0.16,-0.88,4.81,0.53,-0.47
01/04/2026,12:32:07,0,0.00,0.00,0.00,0.00,0.00,0.00,0.00,0.00,-157.91,-17.16,0.31,-0.16,-0.88,4.83,0.84,-1.03
01/04/2026,12:32:08,0,0.00,0.00,0.00,0.00,0.00,0.00,0.00,0.00,-157.98,-17.16,0.31,-0.16,-0.88,4.98,0.53,-0.39
01/04/2026,12:32:09,0,0.00,0.00,0.00,0.00,0.00,0.00,0.00,0.00,-157.95,-17.15,0.31,-0.16,-0.88,5.67,0.06,-1.11
01/04/2026,12:32:10,0,0.00,0.00,0.00,0.00,0.00,0.00,0.00,0.00,-157.90,-16.98,0.31,-0.16,-0.88,5.38,1.08,-0.70
01/04/2026,12:32:12,0,0.00,0.00,0.00,0.00,0.00,0.00,0.00,0.00,-157.98,-16.92,0.31,-0.16,-0.88,4.56,0.34,-0.39
01/04/2026,12:32:13,0,0.00,0.00,0.00,0.00,0.00,0.00,0.00,0.00,-158.01,-16.99,0.31,-0.16,-0.88,5.56,0.38,-0.19
01/04/2026,12:32:14,0,0.00,0.00,0.00,0.00,0.00,0.00,0.00,0.00,-158.03,-17.02,0.31,-0.16,-0.88,5.05,0.81,-0.48
01/04/2026,12:32:15,0,0.00,0.00,0.00,0.00,0.00,0.00,0.00,0.00,-158.06,-17.03,0.31,-0.16,-0.88,4.84,1.17,-0.81
01/04/2026,12:32:16,0,0.00,0.00,0.00,0.00,0.00,0.00,0.00,0.00,-156.93,-16.79,0.31,-0.16,-0.88,3.86,2.30,-1.41
01/04/2026,12:32:17,0,0.00,0.00,0.00,0.00,0.00,0.00,0.00,0.00,-157.33,-16.82,0.31,-0.16,-0.88,4.84,0.55,-0.77
01/04/2026,12:32:18,0,0.00,0.00,0.00,0.00,0.00,0.00,0.00,0.00,-157.55,-16.87,0.31,-0.16,-0.88,4.59,1.20,-0.27
01/04/2026,12:32:19,0,0.00,0.00,0.00,0.00,0.00,0.00,0.00,0.00,-157.74,-16.83,0.31,-0.16,-0.88,4.25,1.19,-0.53
01/04/2026,12:32:20,0,0.00,0.00,0.00,0.00,0.00,0.00,0.00,0.00,-157.75,-17.06,0.31,-0.16,-0.88,5.41,0.66,-0.80
01/04/2026,12:32:21,0,0.00,0.00,0.00,0.00,0.00,0.00,0.00,0.00,-157.84,-17.04,0.31,-0.16,-0.88,4.83,0.56,-1.03
01/04/2026,12:32:22,0,0.00,0.00,0.00,0.00,0.00,0.00,0.00,0.00,-157.89,-16.94,0.31,-0.16,-0.88,4.52,1.12,-0.41
01/04/2026,12:32:23,0,0.00,0.00,0.00,0.00,0.00,0.00,0.00,0.00,-157.87,-16.87,0.31,-0.16,-0.88,4.84,0.75,-0.44
01/04/2026,12:32:24,0,0.00,0.00,0.00,0.00,0.00,0.00,0.00,0.00,-157.92,-16.97,0.31,-0.16,-0.88,3.61,1.52,-0.73
01/04/2026,12:32:25,0,0.00,0.00,0.00,0.00,0.00,0.00,0.00,0.00,-157.95,-16.94,0.31,-0.16,-0.88,5.11,0.36,-0.81
01/04/2026,12:32:26,0,0.00,0.00,0.00,0.00,0.00,0.00,0.00,0.00,-157.98,-17.02,0.31,-0.16,-0.88,4.75,1.09,-0.38
01/04/2026,12:32:27,0,0.00,0.00,0.00,0.00,0.00,0.00,0.00,0.00,-157.92,-16.96,0.31,-0.16,-0.88,4.47,1.11,-1.09
01/04/2026,12:32:28,0,0.00,0.00,0.00,0.00,0.00,0.00,0.00,0.00,-157.85,-17.02,0.31,-0.16,-0.88,5.17,0.98,-0.08
01/04/2026,12:32:29,0,0.00,0.00,0.00,0.00,0.00,0.00,0.00,0.00,-157.89,-17.02,0.31,-0.16,-0.88,5.03,1.19,-0.69
01/04/2026,12:32:30,0,0.00,0.00,0.00,0.00,0.00,0.00,0.00,0.00,-157.87,-17.04,0.31,-0.16,-0.88,5.08,0.94,-0.08
01/04/2026,12:32:31,0,0.00,0.00,0.00,0.00,0.00,0.00,0.00,0.00,-157.97,-17.03,0.31,-0.16,-0.88,4.78,1.23,-0.16
01/04/2026,12:32:32,0,0.00,0.00,0.00,0.00,0.00,0.00,0.00,0.00,-157.93,-16.96,0.31,-0.16,-0.87,5.05,-0.19,-0.45
01/04/2026,12:32:33,0,0.00,0.00,0.00,0.00,0.00,0.00,0.00,0.00,-157.84,-17.05,0.31,-0.16,-0.88,4.66,0.52,-0.42
01/04/2026,12:32:34,0,0.00,0.00,0.00,0.00,0.00,0.00,0.00,0.00,-157.98,-17.08,0.31,-0.16,-0.88,4.27,1.25,-0.20
01/04/2026,12:32:35,0,0.00,0.00,0.00,0.00,0.00,0.00,0.00,0.00,-158.00,-17.02,0.31,-0.16,-0.88,4.34,0.86,-0.69
01/04/2026,12:32:36,0,0.00,0.00,0.00,0.00,0.00,0.00,0.00,0.00,-157.99,-17.06,0.31,-0.16,-0.88,4.78,0.94,-0.02
01/04/2026,12:32:37,0,0.00,0.00,0.00,0.00,0.00,0.00,0.00,0.00,-158.04,-17.12,0.31,-0.16,-0.88,5.05,0.62,-0.52
01/04/2026,12:32:38,0,0.00,0.00,0.00,0.00,0.00,0.00,0.00,0.00,-158.07,-17.08,0.31,-0.16,-0.88,4.67,0.81,-0.22
01/04/2026,12:32:39,12,0.00,0.00,0.00,0.00,0.00,0.00,0.00,0.00,-157.99,-17.08,0.31,-0.16,-0.88,4.94,1.52,-0.95
01/04/2026,12:32:40,48,0.00,0.00,0.00,0.00,0.00,0.00,0.00,0.00,-157.99,-16.99,0.31,-0.16,-0.88,4.52,0.72,-0.52
01/04/2026,12:32:41,92,0.00,0.00,0.00,0.00,0.00,0.00,0.00,0.00,-157.92,-16.92,0.31,-0.16,-0.88,4.84,0.94,-0.61
01/04/2026,12:32:42,112,0.00,0.00,0.00,0.00,0.00,0.00,0.00,0.00,-157.90,-17.00,0.31,-0.16,-0.88,4.88,0.53,-0.48
01/04/2026,12:32:43,126,0.00,0.00,0.00,0.00,0.00,0.00,0.00,0.00,-157.91,-16.93,0.31,-0.16,-0.88,4.44,1.42,-0.34
01/04/2026,12:32:44,155,0.00,0.00,0.00,0.00,0.00,0.00,0.00,0.00,-157.88,-16.93,0.31,-0.15,-0.88,4.86,0.98,-0.17
01/04/2026,12:32:45,167,0.00,0.00,0.00,0.00,0.00,0.00,0.00,0.00,-157.79,-16.96,0.31,-0.16,-0.88,4.83,1.38,-0.89
01/04/2026,12:32:46,186,0.00,0.00,0.00,0.00,0.00,0.00,0.00,0.00,-157.89,-17.00,0.31,-0.16,-0.87,5.08,0.61,-0.42
01/04/2026,12:32:47,177,0.00,0.00,0.00,0.00,0.00,0.00,0.00,0.00,-157.94,-17.22,0.31,-0.16,-0.88,4.81,0.53,-1.39
01/04/2026,12:32:48,194,0.00,0.00,0.00,0.00,0.00,0.00,0.00,0.00,-157.83,-17.16,0.31,-0.16,-0.88,4.80,0.91,-0.50
01/04/2026,12:32:49,204,0.00,0.00,0.00,0.00,0.00,0.00,0.00,0.00,-157.87,-17.13,0.31,-0.16,-0.88,5.19,1.06,-0.38
01/04/2026,12:32:50,214,0.00,0.00,0.00,0.00,0.00,0.00,0.00,0.00,-157.90,-17.10,0.31,-0.16,-0.88,4.61,1.12,-0.62
01/04/2026,12:32:51,240,0.00,0.00,0.00,0.00,0.00,0.00,0.00,0.00,-157.91,-17.11,0.31,-0.16,-0.88,5.27,0.30,-0.41
01/04/2026,12:32:53,220,0.00,0.00,0.00,0.00,0.00,0.00,0.00,0.00,-157.96,-17.12,0.31,-0.16,-0.88,4.64,0.25,-0.44
01/04/2026,12:32:54,222,0.00,0.00,0.00,0.00,0.00,0.00,0.00,0.00,-158.00,-17.03,0.31,-0.16,-0.88,4.34,0.86,-0.34
01/04/2026,12:32:55,213,0.00,0.00,0.00,0.00,0.00,0.00,0.00,0.00,-157.94,-17.02,0.31,-0.16,-0.88,5.19,0.03,-0.62
01/04/2026,12:32:56,226,0.00,0.00,0.00,0.00,0.00,0.00,0.00,0.00,-157.94,-17.01,0.31,-0.16,-0.88,4.98,1.17,-0.81
01/04/2026,12:32:57,250,0.00,0.00,0.00,0.00,0.00,0.00,0.00,0.00,-157.93,-17.03,0.31,-0.16,-0.88,4.66,1.00,-0.73
01/04/2026,12:32:58,182,0.00,0.00,0.00,0.00,0.00,0.00,0.00,0.00,-157.84,-17.10,0.31,-0.16,-0.87,5.02,0.78,-1.23
01/04/2026,12:32:59,182,0.00,0.00,0.00,0.00,0.00,0.00,0.00,0.00,-157.90,-16.96,0.31,-0.16,-0.88,5.19,1.58,-0.97
01/04/2026,12:33:00,134,0.00,0.00,0.00,0.00,0.00,0.00,0.00,0.00,-157.97,-16.99,0.31,-0.16,-0.88,3.95,1.09,-0.50
01/04/2026,12:33:01,48,0.00,0.00,0.00,0.00,0.00,0.00,0.00,0.00,-157.92,-16.95,0.31,-0.16,-0.88,4.69,0.95,-0.56
01/04/2026,12:33:02,0,0.00,0.00,0.00,0.00,0.00,0.00,0.00,0.00,-157.93,-17.04,0.31,-0.16,-0.88,5.11,-0.02,-0.81
01/04/2026,12:33:03,0,0.00,0.00,0.00,0.00,0.00,0.00,0.00,0.00,-157.92,-16.99,0.31,-0.16,-0.88,4.61,0.56,-0.09
01/04/2026,12:33:04,0,0.00,0.00,0.00,0.00,0.00,0.00,0.00,0.00,-157.80,-16.98,0.31,-0.16,-0.88,5.17,1.00,-0.23
01/04/2026,12:33:05,0,0.00,0.00,0.00,0.00,0.00,0.00,0.00,0.00,-157.82,-16.88,0.31,-0.16,-0.88,5.00,0.80,-0.58
01/04/2026,12:33:06,0,0.00,0.00,0.00,0.00,0.00,0.00,0.00,0.00,-157.88,-16.99,0.31,-0.16,-0.88,4.70,1.25,-0.59
01/04/2026,12:33:07,0,0.00,0.00,0.00,0.00,0.00,0.00,0.00,0.00,-157.85,-17.15,0.31,-0.16,-0.87,5.14,1.03,-0.42
01/04/2026,12:33:08,0,0.00,0.00,0.00,0.00,0.00,0.00,0.00,0.00,-157.82,-17.17,0.31,-0.16,-0.88,5.20,0.38,-0.56
01/04/2026,12:33:09,0,0.00,0.00,0.00,0.00,0.00,0.00,0.00,0.00,-157.89,-17.18,0.31,-0.16,-0.88,4.86,0.66,-0.06
01/04/2026,12:33:10,0,0.00,0.00,0.00,0.00,0.00,0.00,0.00,0.00,-157.73,-17.17,0.31,-0.16,-0.88,4.86,0.78,-0.83
01/04/2026,12:33:11,0,0.00,0.00,0.00,0.00,0.00,0.00,0.00,0.00,-157.81,-17.10,0.31,-0.16,-0.88,4.75,0.61,-0.70
01/04/2026,12:33:12,0,0.00,0.00,0.00,0.00,0.00,0.00,0.00,0.00,-157.77,-17.08,0.31,-0.16,-0.88,4.98,0.66,-0.41
01/04/2026,12:33:13,0,0.00,0.00,0.00,0.00,0.00,0.00,0.00,0.00,-157.82,-17.12,0.31,-0.16,-0.88,4.47,0.48,-0.55
01/04/2026,12:33:14,0,0.00,0.00,0.00,0.00,0.00,0.00,0.00,0.00,-157.84,-17.07,0.31,-0.16,-0.88,4.83,0.98,0.09
01/04/2026,12:33:15,0,0.00,0.00,0.00,0.00,0.00,0.00,0.00,0.00,-157.87,-17.04,0.31,-0.16,-0.88,5.38,1.62,-0.39
01/04/2026,12:33:16,0,0.00,0.00,0.00,0.00,0.00,0.00,0.00,0.00,-157.88,-17.02,0.31,-0.16,-0.88,4.95,0.45,-1.02
01/04/2026,12:33:17,0,0.00,0.00,0.00,0.00,0.00,0.00,0.00,0.00,-157.85,-16.92,0.31,-0.16,-0.88,4.73,1.34,-0.50
01/04/2026,12:33:18,0,0.00,0.00,0.00,0.00,0.00,0.00,0.00,0.00,-157.86,-16.94,0.31,-0.16,-0.88,5.16,0.56,-0.05
01/04/2026,12:33:19,0,0.00,0.00,0.00,0.00,0.00,0.00,0.00,0.00,-157.91,-17.02,0.31,-0.16,-0.88,5.16,0.64,-1.19
01/04/2026,12:33:20,0,0.00,0.00,0.00,0.00,0.00,0.00,0.00,0.00,-157.94,-16.89,0.31,-0.16,-0.88,5.05,0.69,-0.34
01/04/2026,12:33:21,0,0.00,0.00,0.00,0.00,0.00,0.00,0.00,0.00,-157.85,-16.86,0.31,-0.16,-0.94,5.31,1.39,-0.47
01/04/2026,12:33:22,0,0.00,0.00,0.00,0.00,0.00,0.00,0.00,0.00,-157.85,-16.74,0.31,-0.16,-0.88,5.00,1.45,-0.62
01/04/2026,12:33:23,0,0.00,0.00,0.00,0.00,0.00,0.00,0.00,0.00,-157.90,-16.84,0.31,-0.16,-0.88,3.78,0.50,0.31
01/04/2026,12:33:24,0,0.00,0.00,0.00,0.00,0.00,0.00,0.00,0.00,-157.91,-16.90,0.31,-0.16,-0.87,5.72,1.52,-0.28
01/04/2026,12:33:25,0,0.00,0.00,0.00,0.00,0.00,0.00,0.00,0.00,-157.78,-16.97,0.31,-0.15,-0.88,4.61,-0.39,0.12
01/04/2026,12:33:26,0,0.00,0.00,0.00,0.00,0.00,0.00,0.00,0.00,-157.81,-16.86,0.31,-0.16,-0.87,4.75,0.81,-0.45
01/04/2026,12:33:27,0,0.00,0.00,0.00,0.00,0.00,0.00,0.00,0.00,-157.81,-16.94,0.31,-0.16,-0.88,4.89,0.66,-0.61
01/04/2026,12:33:28,0,0.00,0.00,0.00,0.00,0.00,0.00,0.00,0.00,-157.71,-17.06,0.31,-0.16,-0.88,5.36,1.42,-0.91
01/04/2026,12:33:30,0,0.00,0.00,0.00,0.00,0.00,0.00,0.00,0.00,-157.90,-17.03,0.31,-0.16,-0.88,5.08,0.88,0.06
01/04/2026,12:33:31,0,0.00,0.00,0.00,0.00,0.00,0.00,0.00,0.00,-157.92,-17.23,0.31,-0.16,-0.88,4.61,0.88,-0.61
01/04/2026,12:33:32,0,0.00,0.00,0.00,0.00,0.00,0.00,0.00,0.00,-157.87,-17.04,0.31,-0.16,-0.88,4.84,0.89,-0.20
01/04/2026,12:33:33,0,0.00,0.00,0.00,0.00,0.00,0.00,0.00,0.00,-157.87,-16.99,0.31,-0.16,-0.88,5.00,1.34,-1.11
01/04/2026,12:33:34,0,0.00,0.00,0.00,0.00,0.00,0.00,0.00,0.00,-157.99,-17.05,0.31,-0.16,-0.87,4.14,0.19,-1.03
01/04/2026,12:33:35,0,0.00,0.00,0.00,0.00,0.00,0.00,0.00,0.00,-158.04,-17.04,0.31,-0.16,-0.88,4.28,1.11,-1.27
01/04/2026,12:33:36,0,0.00,0.00,0.00,0.00,0.00,0.00,0.00,0.00,-157.98,-17.04,0.31,-0.16,-0.88,5.20,1.00,-0.83
01/04/2026,12:33:37,0,0.00,0.00,0.00,0.00,0.00,0.00,0.00,0.00,-158.26,-17.07,0.30,-0.15,-0.88,-2.64,-1.14,-2.88
01/04/2026,12:33:38,0,0.00,0.00,0.00,0.00,0.00,0.00,0.00,0.00,-172.36,-15.94,0.05,-0.08,-0.91,30.05,-31.97,13.41
01/04/2026,12:33:39,0,0.00,0.00,0.00,0.00,0.00,0.00,0.00,0.00,-172.18,-18.05,-0.06,-0.03,-0.94,3.95,0.25,-0.25
01/04/2026,12:33:40,0,0.00,0.00,0.00,0.00,0.00,0.00,0.00,0.00,-171.18,-10.89,-0.07,-0.02,-0.94,6.06,-1.77,-0.03
01/04/2026,12:33:41,0,0.00,0.00,0.00,0.00,0.00,0.00,0.00,0.00,-169.72,-4.98,-0.07,-0.02,-0.94,3.64,-0.19,-1.23
01/04/2026,12:33:42,0,0.00,0.00,0.00,0.00,0.00,0.00,0.00,0.00,-169.45,-1.24,-0.07,-0.01,-0.94,5.09,2.19,-0.27
01/04/2026,12:33:43,0,0.00,0.00,0.00,0.00,0.00,0.00,0.00,0.00,-169.65,0.31,-0.08,-0.01,-0.94,4.48,0.36,0.28
01/04/2026,12:33:44,0,0.00,0.00,0.00,0.00,0.00,0.00,0.00,0.00,-168.58,2.20,-0.08,-0.01,-0.94,4.73,0.19,-0.59
01/04/2026,12:33:45,0,0.00,0.00,0.00,0.00,0.00,0.00,0.00,0.00,-168.93,3.13,-0.09,-0.01,-0.94,5.69,-0.33,-0.06
01/04/2026,12:33:46,0,0.00,0.00,0.00,0.00,0.00,0.00,0.00,0.00,-168.62,4.05,-0.09,-0.01,-0.94,1.78,-0.48,-0.81
01/04/2026,12:33:47,0,0.00,0.00,0.00,0.00,0.00,0.00,0.00,0.00,-169.27,5.79,-0.08,-0.01,-0.94,5.20,2.39,-0.20
01/04/2026,12:33:48,0,0.00,0.00,0.00,0.00,0.00,0.00,0.00,0.00,-163.22,6.03,-0.09,-0.00,-0.94,6.11,1.78,0.23
01/04/2026,12:33:49,0,0.00,0.00,0.00,0.00,0.00,0.00,0.00,0.00,-164.92,5.85,-0.09,-0.01,-0.94,4.09,-0.89,-1.06
01/04/2026,12:33:50,0,0.00,0.00,0.00,0.00,0.00,0.00,0.00,0.00,-95.04,-1.93,-0.16,0.04,-0.93,-4.98,-28.98,-17.20
01/04/2026,12:33:51,0,0.00,0.00,0.00,0.00,0.00,0.00,0.00,0.00,-25.10,18.83,-0.01,0.02,-0.95,11.42,18.53,4.36
01/04/2026,12:33:52,0,0.00,0.00,0.00,0.00,0.00,0.00,0.00,0.00,36.84,4.14,-0.10,0.05,-0.98,8.06,-9.98,-2.47
01/04/2026,12:33:53,0,0.00,0.00,0.00,0.00,0.00,0.00,0.00,0.00,22.85,7.04,-0.09,-0.02,-0.97,-13.91,2.98,1.08
01/04/2026,12:33:54,0,0.00,0.00,0.00,0.00,0.00,0.00,0.00,0.00,11.42,11.49,-0.03,-0.23,-0.89,37.14,4.16,-5.84
01/04/2026,12:33:55,0,0.00,0.00,0.00,0.00,0.00,0.00,0.00,0.00,-40.40,9.59,-0.01,-0.28,-0.89,1.14,2.33,-0.19
01/04/2026,12:33:56,0,0.00,0.00,0.00,0.00,0.00,0.00,0.00,0.00,-78.58,6.92,-0.02,-0.27,-0.89,2.50,0.34,0.31
01/04/2026,12:33:57,0,0.00,0.00,0.00,0.00,0.00,0.00,0.00,0.00,-102.23,5.50,-0.02,-0.27,-0.87,7.94,-0.98,-0.31
01/04/2026,12:33:58,0,0.00,0.00,0.00,0.00,0.00,0.00,0.00,0.00,-119.61,5.57,-0.00,-0.28,-0.87,2.28,0.84,-1.14
01/04/2026,12:33:59,0,0.00,0.00,0.00,0.00,0.00,0.00,0.00,0.00,-129.68,4.43,-0.00,-0.28,-0.88,5.22,0.97,0.86
01/04/2026,12:34:00,0,0.00,0.00,0.00,0.00,0.00,0.00,0.00,0.00,-136.62,3.65,-0.01,-0.28,-0.87,7.66,-0.09,-0.66
01/04/2026,12:34:01,0,0.00,0.00,0.00,0.00,0.00,0.00,0.00,0.00,-140.96,3.36,-0.01,-0.29,-0.88,6.45,-0.27,-0.75
01/04/2026,12:34:02,0,0.00,0.00,0.00,0.00,0.00,0.00,0.00,0.00,-144.23,3.19,-0.01,-0.29,-0.88,5.88,0.55,-1.70
01/04/2026,12:34:03,0,0.00,0.00,0.00,0.00,0.00,0.00,0.00,0.00,-146.47,2.87,-0.01,-0.29,-0.88,-2.31,0.59,-0.66
01/04/2026,12:34:04,13,0.00,0.00,0.00,0.00,0.00,0.00,0.00,0.00,-147.35,3.16,-0.01,-0.26,-0.86,0.34,3.03,0.17
01/04/2026,12:34:05,151,0.00,0.00,0.00,0.00,0.00,0.00,0.00,0.00,-148.25,2.62,-0.01,-0.29,-0.88,10.42,0.47,0.02
01/04/2026,12:34:06,221,0.00,0.00,0.00,0.00,0.00,0.00,0.00,0.00,-149.05,2.36,-0.01,-0.29,-0.88,3.27,1.02,-0.45
01/04/2026,12:34:07,313,0.00,0.00,0.00,0.00,0.00,0.00,0.00,0.00,-149.32,2.22,-0.01,-0.29,-0.87,1.23,0.44,-1.70
01/04/2026,12:34:08,336,0.00,0.00,0.00,0.00,0.00,0.00,0.00,0.00,-149.45,2.58,-0.01,-0.30,-0.86,3.30,1.59,-0.92
01/04/2026,12:34:09,336,0.00,0.00,0.00,0.00,0.00,0.00,0.00,0.00,-149.80,2.73,-0.01,-0.30,-0.88,2.83,1.11,-0.39
01/04/2026,12:34:11,356,0.00,0.00,0.00,0.00,0.00,0.00,0.00,0.00,-149.50,2.50,-0.01,-0.29,-0.88,11.23,-0.03,-0.25
01/04/2026,12:34:12,391,0.00,0.00,0.00,0.00,0.00,0.00,0.00,0.00,-149.91,2.42,-0.01,-0.29,-0.87,1.47,1.91,-0.48
01/04/2026,12:34:13,385,0.00,0.00,0.00,0.00,0.00,0.00,0.00,0.00,-149.92,2.63,-0.01,-0.29,-0.87,2.39,1.84,1.08
01/04/2026,12:34:14,471,0.00,0.00,0.00,0.00,0.00,0.00,0.00,0.00,-148.86,2.30,-0.01,-0.31,-0.88,9.22,-2.56,2.05
01/04/2026,12:34:15,262,0.00,0.00,0.00,0.00,0.00,0.00,0.00,0.00,-148.49,10.31,0.05,-0.30,-0.88,62.11,41.17,-15.84
01/04/2026,12:34:16,320,0.00,0.00,0.00,0.00,0.00,0.00,0.00,0.00,-163.04,3.85,0.06,-0.17,-0.92,-49.33,-4.58,-7.52
01/04/2026,12:34:17,331,0.00,0.00,0.00,0.00,0.00,0.00,0.00,0.00,-160.13,2.97,0.08,-0.16,-0.93,17.34,-1.12,1.02
01/04/2026,12:34:18,378,0.00,0.00,0.00,0.00,0.00,0.00,0.00,0.00,-159.95,1.49,0.08,-0.18,-0.92,6.41,1.39,-0.34
01/04/2026,12:34:19,409,0.00,0.00,0.00,0.00,0.00,0.00,0.00,0.00,-160.13,0.02,0.07,-0.15,-0.92,4.95,0.72,-0.86
01/04/2026,12:34:20,360,0.00,0.00,0.00,0.00,0.00,0.00,0.00,0.00,-159.36,-0.92,0.08,-0.16,-0.92,6.23,3.25,-1.27
01/04/2026,12:34:21,258,0.00,0.00,0.00,0.00,0.00,0.00,0.00,0.00,-158.66,-1.32,0.08,-0.17,-0.91,3.05,1.03,-0.50
01/04/2026,12:34:22,32,0.00,0.00,0.00,0.00,0.00,0.00,0.00,0.00,-158.44,-2.13,0.08,-0.18,-0.94,13.06,2.61,0.94
01/04/2026,12:34:23,0,0.00,0.00,0.00,0.00,0.00,0.00,0.00,0.00,-158.22,-1.99,0.10,-0.19,-0.93,0.50,1.03,-0.58
01/04/2026,12:34:24,0,0.00,0.00,0.00,0.00,0.00,0.00,0.00,0.00,-157.63,-3.30,0.08,-0.17,-0.92,9.22,2.55,-1.72
01/04/2026,12:34:25,0,0.00,0.00,0.00,0.00,0.00,0.00,0.00,0.00,-158.23,-3.27,0.08,-0.17,-0.92,4.20,1.41,-0.03
01/04/2026,12:34:26,0,0.00,0.00,0.00,0.00,0.00,0.00,0.00,0.00,-158.08,-3.23,0.09,-0.18,-0.92,2.52,-0.41,-0.59
01/04/2026,12:34:27,0,0.00,0.00,0.00,0.00,0.00,0.00,0.00,0.00,-157.64,-3.20,0.09,-0.17,-0.92,2.39,0.28,-0.38
01/04/2026,12:34:28,0,0.00,0.00,0.00,0.00,0.00,0.00,0.00,0.00,-157.65,-3.37,0.08,-0.18,-0.92,-15.11,-1.55,-2.16
01/04/2026,12:34:29,0,0.00,0.00,0.00,0.00,0.00,0.00,0.00,0.00,-153.66,0.44,0.08,-0.18,-0.92,5.22,11.38,-2.64
01/04/2026,12:34:30,0,0.00,0.00,0.00,0.00,0.00,0.00,0.00,0.00,-148.94,1.85,0.13,-0.28,-0.89,-7.75,16.19,-1.88
01/04/2026,12:34:31,0,0.00,0.00,0.00,0.00,0.00,0.00,0.00,0.00,-149.16,-0.97,0.11,-0.27,-0.87,10.03,0.27,-2.83
01/04/2026,12:34:32,0,0.00,0.00,0.00,0.00,0.00,0.00,0.00,0.00,-150.09,-2.24,0.13,-0.27,-0.88,1.67,2.16,0.14
01/04/2026,12:34:33,0,0.00,0.00,0.00,0.00,0.00,0.00,0.00,0.00,-150.23,-2.81,0.13,-0.26,-0.88,7.08,1.16,-0.47
01/04/2026,12:34:34,0,0.00,0.00,0.00,0.00,0.00,0.00,0.00,0.00,-151.46,-4.15,0.12,-0.27,-0.88,2.67,3.00,-0.20
01/04/2026,12:34:35,0,0.00,0.00,0.00,0.00,0.00,0.00,0.00,0.00,-152.16,-5.15,0.13,-0.27,-0.88,4.59,-0.31,-0.02
01/04/2026,12:34:36,0,0.00,0.00,0.00,0.00,0.00,0.00,0.00,0.00,-151.29,-4.51,0.14,-0.28,-0.87,5.23,1.39,-1.02
01/04/2026,12:34:37,0,0.00,0.00,0.00,0.00,0.00,0.00,0.00,0.00,-150.87,-5.56,0.13,-0.28,-0.87,5.08,1.11,0.91
01/04/2026,12:34:38,0,0.00,0.00,0.00,0.00,0.00,0.00,0.00,0.00,-151.28,-4.74,0.15,-0.27,-0.87,-1.66,-1.34,1.52
01/04/2026,12:34:39,0,0.00,0.00,0.00,0.00,0.00,0.00,0.00,0.00,-150.87,-6.74,0.12,-0.27,-0.87,-1.66,-12.58,2.95
01/04/2026,12:34:40,0,0.00,0.00,0.00,0.00,0.00,0.00,0.00,0.00,-149.43,-7.62,0.11,-0.29,-0.87,5.02,5.89,-5.92
01/04/2026,12:34:41,0,0.00,0.00,0.00,0.00,0.00,0.00,0.00,0.00,-150.23,-5.18,0.12,-0.29,-0.87,5.23,2.44,1.02
01/04/2026,12:34:42,0,0.00,0.00,0.00,0.00,0.00,0.00,0.00,0.00,-150.19,-5.40,0.12,-0.30,-0.87,4.06,1.84,-1.86
01/04/2026,12:34:43,0,0.00,0.00,0.00,0.00,0.00,0.00,0.00,0.00,-149.89,-5.03,0.13,-0.30,-0.87,5.69,0.61,-0.06
01/04/2026,12:34:44,0,0.00,0.00,0.00,0.00,0.00,0.00,0.00,0.00,-150.17,-5.05,0.13,-0.30,-0.87,3.88,0.53,-0.38
01/04/2026,12:34:45,0,0.00,0.00,0.00,0.00,0.00,0.00,0.00,0.00,-151.04,-5.49,0.12,-0.28,-0.87,3.59,0.31,-0.02
01/04/2026,12:34:46,0,0.00,0.00,0.00,0.00,0.00,0.00,0.00,0.00,-150.76,-5.54,0.13,-0.28,-0.87,5.42,1.25,0.12
01/04/2026,12:34:47,0,0.00,0.00,0.00,0.00,0.00,0.00,0.00,0.00,-151.31,-5.49,0.12,-0.28,-0.87,1.33,1.59,0.05
01/04/2026,12:34:48,0,0.00,0.00,0.00,0.00,0.00,0.00,0.00,0.00,-150.66,-5.39,0.12,-0.28,-0.87,6.61,0.03,-0.41
01/04/2026,12:34:49,0,0.00,0.00,0.00,0.00,0.00,0.00,0.00,0.00,-150.77,-5.33,0.13,-0.29,-0.87,5.34,1.81,-1.28
01/04/2026,12:34:50,0,0.00,0.00,0.00,0.00,0.00,0.00,0.00,0.00,-150.92,-5.37,0.12,-0.29,-0.87,4.12,0.81,0.16
01/04/2026,12:34:51,0,0.00,0.00,0.00,0.00,0.00,0.00,0.00,0.00,-149.87,-5.21,0.13,-0.29,-0.87,5.77,0.55,0.25
01/04/2026,12:34:52,0,0.00,0.00,0.00,0.00,0.00,0.00,0.00,0.00,-150.46,-5.41,0.13,-0.29,-0.87,4.42,0.66,-0.80
01/04/2026,12:34:54,0,0.00,0.00,0.00,0.00,0.00,0.00,0.00,0.00,-151.02,-5.39,0.13,-0.29,-0.88,6.22,0.30,-0.72
01/04/2026,12:34:55,0,0.00,0.00,0.00,0.00,0.00,0.00,0.00,0.00,-150.82,-5.66,0.14,-0.29,-0.87,1.95,0.75,-0.50
01/04/2026,12:34:56,0,0.00,0.00,0.00,0.00,0.00,0.00,0.00,0.00,-151.17,-5.85,0.13,-0.29,-0.87,6.12,0.81,-0.77
01/04/2026,12:34:57,47,0.00,0.00,0.00,0.00,0.00,0.00,0.00,0.00,-151.97,-5.77,0.14,-0.29,-0.87,2.81,-3.38,0.20
01/04/2026,12:34:58,222,0.00,0.00,0.00,0.00,0.00,0.00,0.00,0.00,-151.62,-5.74,0.13,-0.28,-0.87,4.69,0.97,-0.72
01/04/2026,12:34:59,930,0.00,0.00,0.00,0.00,0.00,0.00,0.00,0.00,-151.81,-5.78,0.13,-0.29,-0.87,2.34,0.41,0.31
01/04/2026,12:35:00,1473,0.00,0.00,0.00,0.00,0.00,0.00,0.00,0.00,-151.77,-5.96,0.13,-0.28,-0.88,4.77,0.92,-0.83
01/04/2026,12:35:01,1755,0.00,0.00,0.00,0.00,0.00,0.00,0.00,0.00,-151.44,-5.64,0.13,-0.29,-0.87,5.86,2.03,-0.47
01/04/2026,12:35:02,1802,0.00,0.00,0.00,0.00,0.00,0.00,0.00,0.00,-151.15,-5.66,0.14,-0.29,-0.87,3.16,1.64,-0.47
01/04/2026,12:35:03,1729,0.00,0.00,0.00,0.00,0.00,0.00,0.00,0.00,-151.43,-5.67,0.13,-0.29,-0.87,4.58,0.73,-0.17
01/04/2026,12:35:04,1661,0.00,0.00,0.00,0.00,0.00,0.00,0.00,0.00,-151.70,-6.14,0.13,-0.29,-0.87,5.45,0.31,0.17
01/04/2026,12:35:05,1741,0.00,0.00,0.00,0.00,0.00,0.00,0.00,0.00,-150.80,-6.22,0.13,-0.29,-0.87,6.12,0.41,-0.75
01/04/2026,12:35:06,1742,0.00,0.00,0.00,0.00,0.00,0.00,0.00,0.00,-150.67,-5.84,0.13,-0.29,-0.87,3.20,0.62,-0.58
01/04/2026,12:35:07,1679,0.00,0.00,0.00,0.00,0.00,0.00,0.00,0.00,-150.88,-6.07,0.13,-0.29,-0.87,4.25,0.39,-0.45
01/04/2026,12:35:08,1633,0.00,0.00,0.00,0.00,0.00,0.00,0.00,0.00,-151.02,-5.93,0.13,-0.29,-0.88,5.34,0.27,0.02
01/04/2026,12:35:09,1582,0.00,0.00,0.00,0.00,0.00,0.00,0.00,0.00,-150.37,-5.74,0.13,-0.29,-0.87,5.72,0.70,-0.81
01/04/2026,12:35:10,1609,0.00,0.00,0.00,0.00,0.00,0.00,0.00,0.00,-150.66,-5.67,0.13,-0.29,-0.87,4.16,2.12,-0.59
01/04/2026,12:35:11,1527,0.00,0.00,0.00,0.00,0.00,0.00,0.00,0.00,-150.39,-5.75,0.13,-0.29,-0.87,4.45,0.75,-0.22
01/04/2026,12:35:12,1520,0.00,0.00,0.00,0.00,0.00,0.00,0.00,0.00,-150.60,-5.99,0.13,-0.29,-0.88,4.11,0.86,-0.58
01/04/2026,12:35:13,1535,0.00,0.00,0.00,0.00,0.00,0.00,0.00,0.00,-150.73,-5.80,0.12,-0.29,-0.87,5.03,1.16,-0.56
01/04/2026,12:35:14,1445,0.00,0.00,0.00,0.00,0.00,0.00,0.00,0.00,-150.85,-5.52,0.13,-0.28,-0.87,7.64,-0.12,-0.70
01/04/2026,12:35:15,1387,0.00,0.00,0.00,0.00,0.00,0.00,0.00,0.00,-150.20,-5.52,0.13,-0.29,-0.86,6.55,0.66,-0.33
01/04/2026,12:35:16,1394,0.00,0.00,0.00,0.00,0.00,0.00,0.00,0.00,-150.25,-5.35,0.13,-0.29,-0.87,4.30,1.48,-0.94
01/04/2026,12:35:17,1325,0.00,0.00,0.00,0.00,0.00,0.00,0.00,0.00,-150.61,-5.53,0.12,-0.29,-0.87,5.47,0.28,-0.67
01/04/2026,12:35:18,1205,0.00,0.00,0.00,0.00,0.00,0.00,0.00,0.00,-150.40,-5.19,0.13,-0.29,-0.87,5.00,0.91,-0.97
01/04/2026,12:35:19,1141,0.00,0.00,0.00,0.00,0.00,0.00,0.00,0.00,-150.99,-4.44,0.14,-0.29,-0.87,5.64,1.83,-0.44
01/04/2026,12:35:20,1053,0.00,0.00,0.00,0.00,0.00,0.00,0.00,0.00,-150.71,-5.03,0.14,-0.29,-0.87,4.53,0.97,-0.53
01/04/2026,12:35:21,1104,0.00,0.00,0.00,0.00,0.00,0.00,0.00,0.00,-150.46,-5.40,0.14,-0.30,-0.87,5.20,1.44,0.03
01/04/2026,12:35:22,1023,0.00,0.00,0.00,0.00,0.00,0.00,0.00,0.00,-149.84,-5.55,0.13,-0.29,-0.87,4.39,1.67,-1.08
01/04/2026,12:35:23,917,0.00,0.00,0.00,0.00,0.00,0.00,0.00,0.00,-150.21,-5.97,0.14,-0.29,-0.87,4.27,-0.58,-0.64
01/04/2026,12:35:24,883,0.00,0.00,0.00,0.00,0.00,0.00,0.00,0.00,-150.00,-5.96,0.13,-0.29,-0.86,5.06,1.17,-0.83
01/04/2026,12:35:25,821,0.00,0.00,0.00,0.00,0.00,0.00,0.00,0.00,-150.22,-5.91,0.13,-0.30,-0.86,4.84,1.45,-0.69
01/04/2026,12:35:26,713,0.00,0.00,0.00,0.00,0.00,0.00,0.00,0.00,-150.20,-5.84,0.14,-0.30,-0.87,4.11,1.12,-0.97
01/04/2026,12:35:27,603,0.00,0.00,0.00,0.00,0.00,0.00,0.00,0.00,-150.08,-5.94,0.14,-0.30,-0.87,4.30,1.72,-0.34
01/04/2026,12:35:28,533,0.00,0.00,0.00,0.00,0.00,0.00,0.00,0.00,-149.90,-5.84,0.14,-0.30,-0.87,4.33,0.88,-0.33
01/04/2026,12:35:29,400,0.00,0.00,0.00,0.00,0.00,0.00,0.00,0.00,-149.92,-5.89,0.13,-0.30,-0.87,8.52,0.64,-1.17
01/04/2026,12:35:30,259,0.00,0.00,0.00,0.00,0.00,0.00,0.00,0.00,-150.28,-5.67,0.14,-0.30,-0.86,1.17,-1.23,0.50
01/04/2026,12:35:31,257,0.00,0.00,0.00,0.00,0.00,0.00,0.00,0.00,-149.94,-5.68,0.14,-0.30,-0.86,9.42,0.25,-0.38
01/04/2026,12:35:32,270,0.00,0.00,0.00,0.00,0.00,0.00,0.00,0.00,-150.10,-6.06,0.13,-0.30,-0.87,3.64,1.45,-0.28
01/04/2026,12:35:33,238,0.00,0.00,0.00,0.00,0.00,0.00,0.00,0.00,-149.82,-5.86,0.13,-0.31,-0.87,5.52,1.72,-0.89
01/04/2026,12:35:35,219,0.00,0.00,0.00,0.00,0.00,0.00,0.00,0.00,-149.80,-5.74,0.14,-0.30,-0.86,3.42,1.94,-0.58
01/04/2026,12:35:36,167,0.00,0.00,0.00,0.00,0.00,0.00,0.00,0.00,-149.94,-5.73,0.14,-0.30,-0.87,4.16,1.44,-0.83
01/04/2026,12:35:37,205,0.00,0.00,0.00,0.00,0.00,0.00,0.00,0.00,-150.09,-5.77,0.14,-0.30,-0.87,4.02,0.14,-0.30
01/04/2026,12:35:38,210,0.00,0.00,0.00,0.00,0.00,0.00,0.00,0.00,-149.92,-5.75,0.14,-0.30,-0.86,3.95,1.66,-0.44
01/04/2026,12:35:39,102,0.00,0.00,0.00,0.00,0.00,0.00,0.00,0.00,-149.76,-5.98,0.14,-0.30,-0.87,3.78,1.83,-0.81
01/04/2026,12:35:40,0,0.00,0.00,0.00,0.00,0.00,0.00,0.00,0.00,-149.82,-5.91,0.14,-0.30,-0.86,10.09,-0.27,-2.75
01/04/2026,12:35:41,0,0.00,0.00,0.00,0.00,0.00,0.00,0.00,0.00,-155.21,12.75,0.04,0.14,-0.73,165.19,37.02,55.84
01/04/2026,12:35:42,0,0.00,0.00,0.00,0.00,0.00,0.00,0.00,0.00,-140.91,1.71,0.17,-0.16,-0.92,5.39,0.59,-0.81
01/04/2026,12:35:43,0,0.00,0.00,0.00,0.00,0.00,0.00,0.00,0.00,-145.81,-1.04,0.17,-0.15,-0.92,5.16,2.19,-1.30
01/04/2026,12:35:44,0,0.00,0.00,0.00,0.00,0.00,0.00,0.00,0.00,-149.12,-2.87,0.17,-0.17,-0.92,5.47,1.25,-0.89
01/04/2026,12:35:45,0,0.00,0.00,0.00,0.00,0.00,0.00,0.00,0.00,-151.46,-5.11,0.17,-0.18,-0.91,5.73,-0.17,0.09
01/04/2026,12:35:46,0,0.00,0.00,0.00,0.00,0.00,0.00,0.00,0.00,-153.54,-6.26,0.17,-0.18,-0.92,1.91,-0.64,-0.22
01/04/2026,12:35:47,0,0.00,0.00,0.00,0.00,0.00,0.00,0.00,0.00,-154.97,-7.40,0.17,-0.16,-0.88,7.09,2.33,-1.64
01/04/2026,12:35:48,0,0.00,0.00,0.00,0.00,0.00,0.00,0.00,0.00,-155.38,-7.38,0.18,-0.17,-0.91,7.30,2.42,-1.73
01/04/2026,12:35:49,0,0.00,0.00,0.00,0.00,0.00,0.00,0.00,0.00,-156.17,-7.83,0.18,-0.18,-0.92,-1.41,-0.53,-0.95
01/04/2026,12:35:50,0,0.00,0.00,0.00,0.00,0.00,0.00,0.00,0.00,-156.18,-7.96,0.18,-0.18,-0.90,5.06,1.81,-1.00
01/04/2026,12:35:51,0,0.00,0.00,0.00,0.00,0.00,0.00,0.00,0.00,-156.72,-8.34,0.17,-0.18,-0.92,-0.48,-1.59,-0.92
01/04/2026,12:35:52,0,0.00,0.00,0.00,0.00,0.00,0.00,0.00,0.00,-156.77,-8.22,0.18,-0.18,-0.92,0.58,1.11,-0.80
01/04/2026,12:35:53,0,0.00,0.00,0.00,0.00,0.00,0.00,0.00,0.00,-156.80,-8.72,0.18,-0.19,-0.92,2.59,0.67,-0.20
01/04/2026,12:35:54,0,0.00,0.00,0.00,0.00,0.00,0.00,0.00,0.00,-156.59,-8.28,0.18,-0.18,-0.91,2.09,1.59,-1.59
01/04/2026,12:35:55,0,0.00,0.00,0.00,0.00,0.00,0.00,0.00,0.00,-156.85,-8.49,0.18,-0.18,-0.91,8.16,1.89,-0.16
01/04/2026,12:35:56,0,0.00,0.00,0.00,0.00,0.00,0.00,0.00,0.00,-156.71,-8.25,0.18,-0.18,-0.91,5.23,1.38,-1.41
01/04/2026,12:35:57,0,0.00,0.00,0.00,0.00,0.00,0.00,0.00,0.00,-157.17,-8.45,0.18,-0.18,-0.92,-0.38,-0.23,-0.97
01/04/2026,12:35:58,0,0.00,0.00,0.00,0.00,0.00,0.00,0.00,0.00,-158.20,-8.64,0.18,-0.16,-0.91,4.41,2.20,-0.91
01/04/2026,12:35:59,0,0.00,0.00,0.00,0.00,0.00,0.00,0.00,0.00,-162.05,-8.92,0.18,-0.13,-0.92,-6.80,0.69,-2.69
01/04/2026,12:36:00,0,0.00,0.00,0.00,0.00,0.00,0.00,0.00,0.00,-161.03,-8.71,0.17,-0.14,-0.89,4.72,3.88,-1.53
01/04/2026,12:36:01,0,0.00,0.00,0.00,0.00,0.00,0.00,0.00,0.00,-157.63,-10.38,0.15,-0.17,-0.92,10.47,0.89,0.39
01/04/2026,12:36:02,0,0.00,0.00,0.00,0.00,0.00,0.00,0.00,0.00,-147.09,18.83,0.33,-0.22,-0.76,21.45,186.42,23.39
01/04/2026,12:36:03,0,0.00,0.00,0.00,0.00,0.00,0.00,0.00,0.00,-193.89,47.47,0.69,-0.21,-0.41,117.77,-36.81,-161.41
01/04/2026,12:36:04,0,0.00,0.00,0.00,0.00,0.00,0.00,0.00,0.00,-172.74,-42.14,-0.19,0.19,-1.02,-192.62,-78.59,42.59
01/04/2026,12:36:05,0,0.00,0.00,0.00,0.00,0.00,0.00,0.00,0.00,-111.71,-22.15,-0.26,-0.04,-0.91,22.05,22.64,10.81
01/04/2026,12:36:06,0,0.00,0.00,0.00,0.00,0.00,0.00,0.00,0.00,-57.38,-12.41,-0.30,0.07,-0.89,-0.50,-16.94,-8.84
01/04/2026,12:36:07,0,0.00,0.00,0.00,0.00,0.00,0.00,0.00,0.00,22.90,-6.33,-0.33,0.08,-0.90,27.05,6.81,-1.59
01/04/2026,12:36:08,0,0.00,0.00,0.00,0.00,0.00,0.00,0.00,0.00,82.32,2.31,-0.34,0.03,-0.89,10.38,2.81,-2.33
01/04/2026,12:36:09,0,0.00,0.00,0.00,0.00,0.00,0.00,0.00,0.00,67.23,11.19,-0.34,-0.00,-0.87,-2.06,-1.81,1.81
01/04/2026,12:36:10,0,0.00,0.00,0.00,0.00,0.00,0.00,0.00,0.00,72.03,28.02,-0.18,-0.35,-0.87,104.88,22.84,-37.11
01/04/2026,12:36:11,0,0.00,0.00,0.00,0.00,0.00,0.00,0.00,0.00,97.80,33.93,-0.20,-0.85,0.04,-19.73,-51.33,25.94
01/04/2026,12:36:12,0,0.00,0.00,0.00,0.00,0.00,0.00,0.00,0.00,-70.97,51.40,0.02,-0.38,-0.95,-250.30,25.66,88.45
01/04/2026,12:36:13,0,0.00,0.00,0.00,0.00,0.00,0.00,0.00,0.00,-104.69,-37.60,-0.72,-0.35,-0.47,-66.55,215.09,-12.73
01/04/2026,12:36:14,0,0.00,0.00,0.00,0.00,0.00,0.00,0.00,0.00,-118.44,72.49,0.04,-0.40,-0.85,6.94,41.44,11.56
01/04/2026,12:36:15,0,0.00,0.00,0.00,0.00,0.00,0.00,0.00,0.00,-121.30,44.14,0.11,-0.46,-0.79,50.31,22.91,-107.67
01/04/2026,12:36:17,0,0.00,0.00,0.00,0.00,0.00,0.00,0.00,0.00,-137.54,21.40,0.21,-0.44,-0.80,62.83,-30.50,-36.23
01/04/2026,12:36:18,0,0.00,0.00,0.00,0.00,0.00,0.00,0.00,0.00,-134.05,13.46,0.15,-0.42,-0.81,-5.27,18.36,0.22
01/04/2026,12:36:19,0,0.00,0.00,0.00,0.00,0.00,0.00,0.00,0.00,-144.21,11.65,0.24,-0.38,-0.84,24.80,4.92,-8.05
01/04/2026,12:36:20,0,0.00,0.00,0.00,0.00,0.00,0.00,0.00,0.00,-134.62,3.25,0.22,-0.51,-0.74,18.86,7.05,-1.12
01/04/2026,12:36:21,0,0.00,0.00,0.00,0.00,0.00,0.00,0.00,0.00,-146.46,-12.39,0.10,-0.47,-0.84,-47.28,-14.56,-0.44
01/04/2026,12:36:22,0,0.00,0.00,0.00,0.00,0.00,0.00,0.00,0.00,-153.11,-4.85,0.13,-0.39,-0.86,-1.81,-5.89,0.52
01/04/2026,12:36:23,0,0.00,0.00,0.00,0.00,0.00,0.00,0.00,0.00,-152.90,-4.81,0.04,-0.28,-0.80,-8.19,18.97,-2.42
01/04/2026,12:36:24,0,0.00,0.00,0.00,0.00,0.00,0.00,0.00,0.00,-141.01,-22.88,-0.00,-0.42,-0.83,34.09,-4.77,-30.56
01/04/2026,12:36:25,0,0.00,0.00,0.00,0.00,0.00,0.00,0.00,0.00,-138.72,-4.13,0.10,-0.44,-0.78,-9.78,-15.28,19.48
01/04/2026,12:36:26,0,0.00,0.00,0.00,0.00,0.00,0.00,0.00,0.00,-138.52,-8.07,0.07,-0.45,-0.77,10.73,-2.16,-1.64
01/04/2026,12:36:27,0,0.00,0.00,0.00,0.00,0.00,0.00,0.00,0.00,-136.37,-5.26,0.11,-0.49,-0.76,9.98,-0.72,1.59
01/04/2026,12:36:28,0,0.00,0.00,0.00,0.00,0.00,0.00,0.00,0.00,-150.92,-5.68,0.11,-0.25,-0.75,38.12,-100.67,-29.41
01/04/2026,12:36:29,0,0.00,0.00,0.00,0.00,0.00,0.00,0.00,0.00,-142.58,-16.18,-0.10,-0.37,-0.85,10.19,4.17,-2.84
01/04/2026,12:36:30,0,0.00,0.00,0.00,0.00,0.00,0.00,0.00,0.00,-144.73,-8.18,-0.10,-0.37,-0.80,-1.92,-6.20,4.53
01/04/2026,12:36:31,0,0.00,0.00,0.00,0.00,0.00,0.00,0.00,0.00,-143.27,-1.74,-0.09,-0.39,-0.83,1.89,-4.72,-0.62
01/04/2026,12:36:32,0,0.00,0.00,0.00,0.00,0.00,0.00,0.00,0.00,-144.94,1.33,-0.09,-0.38,-0.82,0.16,-2.98,1.98
01/04/2026,12:36:33,0,0.00,0.00,0.00,0.00,0.00,0.00,0.00,0.00,-145.57,3.55,-0.09,-0.38,-0.82,2.91,-2.00,-1.12
01/04/2026,12:36:34,0,0.00,0.00,0.00,0.00,0.00,0.00,0.00,0.00,-146.20,5.84,-0.08,-0.39,-0.83,4.64,-2.41,-1.70
01/04/2026,12:36:35,0,0.00,0.00,0.00,0.00,0.00,0.00,0.00,0.00,-145.71,7.18,-0.08,-0.39,-0.81,2.62,6.30,-0.30
01/04/2026,12:36:36,0,0.00,0.00,0.00,0.00,0.00,0.00,0.00,0.00,-146.76,6.74,-0.07,-0.39,-0.83,4.47,-2.44,-1.23
01/04/2026,12:36:37,0,0.00,0.00,0.00,0.00,0.00,0.00,0.00,0.00,-147.12,6.81,-0.07,-0.41,-0.81,1.55,-2.05,2.67
01/04/2026,12:36:38,0,0.00,0.00,0.00,0.00,0.00,0.00,0.00,0.00,-147.45,6.58,-0.07,-0.39,-0.82,4.80,2.91,-4.36
01/04/2026,12:36:39,0,0.00,0.00,0.00,0.00,0.00,0.00,0.00,0.00,-147.87,6.30,-0.08,-0.39,-0.81,1.73,-1.91,2.38
01/04/2026,12:36:40,0,0.00,0.00,0.00,0.00,0.00,0.00,0.00,0.00,-148.10,6.20,-0.07,-0.41,-0.81,1.92,1.58,-0.94
01/04/2026,12:36:41,0,0.00,0.00,0.00,0.00,0.00,0.00,0.00,0.00,-148.34,6.17,-0.08,-0.40,-0.81,4.08,0.77,-1.98
01/04/2026,12:36:42,16,0.00,0.00,0.00,0.00,0.00,0.00,0.00,0.00,-148.19,6.24,-0.07,-0.41,-0.81,3.36,-1.45,-2.28
01/04/2026,12:36:43,174,0.00,0.00,0.00,0.00,0.00,0.00,0.00,0.00,-148.04,6.61,-0.07,-0.40,-0.82,2.45,-1.48,-0.77
01/04/2026,12:36:44,336,0.00,0.00,0.00,0.00,0.00,0.00,0.00,0.00,-148.37,6.47,-0.07,-0.40,-0.82,1.09,0.33,-1.22
01/04/2026,12:36:45,368,0.00,0.00,0.00,0.00,0.00,0.00,0.00,0.00,-148.09,6.18,-0.07,-0.39,-0.82,3.92,3.55,-1.48
01/04/2026,12:36:46,499,0.00,0.00,0.00,0.00,0.00,0.00,0.00,0.00,-147.83,6.37,-0.08,-0.39,-0.83,2.56,2.30,-3.23
01/04/2026,12:36:47,490,0.00,0.00,0.00,0.00,0.00,0.00,0.00,0.00,-148.03,6.51,-0.07,-0.40,-0.81,2.34,1.69,-1.12
01/04/2026,12:36:48,538,0.00,0.00,0.00,0.00,0.00,0.00,0.00,0.00,-149.38,2.49,-0.23,-0.44,-0.76,6.44,-54.98,-38.20
01/04/2026,12:36:49,581,0.00,0.00,0.00,0.00,0.00,0.00,0.00,0.00,-149.41,4.10,-0.20,-0.34,-0.81,7.47,5.28,4.05
01/04/2026,12:36:50,597,0.00,0.00,0.00,0.00,0.00,0.00,0.00,0.00,-142.60,10.99,-0.17,-0.39,-0.80,11.42,-2.48,1.44
01/04/2026,12:36:51,590,0.00,0.00,0.00,0.00,0.00,0.00,0.00,0.00,-142.72,11.31,-0.19,-0.38,-0.81,4.69,-0.27,1.89
01/04/2026,12:36:52,539,0.00,0.00,0.00,0.00,0.00,0.00,0.00,0.00,-142.70,12.60,-0.19,-0.38,-0.80,3.62,-0.66,2.70
01/04/2026,12:36:53,464,0.00,0.00,0.00,0.00,0.00,0.00,0.00,0.00,-143.08,13.20,-0.18,-0.39,-0.79,5.66,4.55,-3.16
01/04/2026,12:36:55,373,0.00,0.00,0.00,0.00,0.00,0.00,0.00,0.00,-143.44,13.40,-0.17,-0.42,-0.79,2.75,-0.14,1.02
01/04/2026,12:36:56,228,0.00,0.00,0.00,0.00,0.00,0.00,0.00,0.00,-142.89,13.95,-0.17,-0.41,-0.78,5.44,-0.03,1.58
01/04/2026,12:36:57,143,0.00,0.00,0.00,0.00,0.00,0.00,0.00,0.00,-143.21,14.25,-0.15,-0.43,-0.80,2.12,-1.98,-2.39
01/04/2026,12:36:58,6,0.00,0.00,0.00,0.00,0.00,0.00,0.00,0.00,-143.68,13.51,-0.15,-0.43,-0.79,4.55,-1.92,-3.69
01/04/2026,12:36:59,0,0.00,0.00,0.00,0.00,0.00,0.00,0.00,0.00,-143.65,12.71,-0.15,-0.42,-0.78,3.45,0.78,-0.14
01/04/2026,12:37:00,0,0.00,0.00,0.00,0.00,0.00,0.00,0.00,0.00,-143.93,12.12,-0.15,-0.43,-0.79,4.11,-0.33,-2.11
01/04/2026,12:37:01,0,0.00,0.00,0.00,0.00,0.00,0.00,0.00,0.00,-144.23,11.60,-0.14,-0.43,-0.80,2.19,1.17,-1.50
01/04/2026,12:37:02,0,0.00,0.00,0.00,0.00,0.00,0.00,0.00,0.00,-141.66,-4.45,-0.35,-0.47,-0.52,-61.17,194.09,-36.84
01/04/2026,12:37:03,0,0.00,0.00,0.00,0.00,0.00,0.00,0.00,0.00,-142.76,27.11,-0.08,-0.53,-0.77,-6.81,-11.17,68.97
01/04/2026,12:37:04,0,0.00,0.00,0.00,0.00,0.00,0.00,0.00,0.00,-146.49,17.47,-0.12,-0.43,-0.80,1.53,10.17,1.67
01/04/2026,12:37:05,0,0.00,0.00,0.00,0.00,0.00,0.00,0.00,0.00,-143.80,15.05,-0.08,-0.43,-0.80,5.23,7.73,0.03
01/04/2026,12:37:06,0,0.00,0.00,0.00,0.00,0.00,0.00,0.00,0.00,-146.37,-0.07,-0.11,-0.42,-0.95,150.30,-45.12,19.19
01/04/2026,12:37:07,0,0.00,0.00,0.00,0.00,0.00,0.00,0.00,0.00,-126.01,-64.16,-0.78,-0.42,-0.27,-0.98,-3.97,4.27
01/04/2026,12:37:08,0,0.00,0.00,0.00,0.00,0.00,0.00,0.00,0.00,-120.04,-20.76,-0.82,-0.35,-0.24,1.34,-7.55,-6.31
01/04/2026,12:37:09,0,0.00,0.00,0.00,0.00,0.00,0.00,0.00,0.00,-134.68,77.54,-0.17,-0.32,-0.84,0.92,1.94,3.55
01/04/2026,12:37:10,0,0.00,0.00,0.00,0.00,0.00,0.00,0.00,0.00,-141.63,54.09,-0.20,-0.29,-0.86,4.38,-0.75,-4.50
01/04/2026,12:37:11,0,0.00,0.00,0.00,0.00,0.00,0.00,0.00,0.00,-124.41,-32.09,-0.83,-0.35,-0.28,-8.80,-16.77,-4.09
01/04/2026,12:37:12,0,0.00,0.00,0.00,0.00,0.00,0.00,0.00,0.00,-126.83,-0.97,-0.80,-0.35,-0.30,-6.33,6.45,-0.67
01/04/2026,12:37:13,0,0.00,0.00,0.00,0.00,0.00,0.00,0.00,0.00,-131.81,90.82,-0.17,-0.35,-0.86,-0.09,10.61,10.06
01/04/2026,12:37:14,0,0.00,0.00,0.00,0.00,0.00,0.00,0.00,0.00,48.77,-23.03,-0.63,0.08,0.62,51.36,-174.11,31.48
01/04/2026,12:37:15,0,0.00,0.00,0.00,0.00,0.00,0.00,0.00,0.00,5.99,-4.50,-0.46,-0.18,0.85,-135.48,83.05,1.84
01/04/2026,12:37:16,39,0.00,0.00,0.00,0.00,0.00,0.00,0.00,0.00,-132.64,35.08,-0.85,-0.30,-0.20,7.22,0.91,-0.06
01/04/2026,12:37:17,267,0.00,0.00,0.00,0.00,0.00,0.00,0.00,0.00,-88.32,122.27,-0.39,-0.60,-0.47,104.06,42.09,26.27
01/04/2026,12:37:18,455,0.00,0.00,0.00,0.00,0.00,0.00,0.00,0.00,-154.27,-3.95,-0.83,-0.02,-0.07,-102.41,-157.17,11.69
01/04/2026,12:37:19,537,0.00,0.00,0.00,0.00,0.00,0.00,0.00,0.00,-166.98,14.71,-0.94,-0.12,-0.29,7.44,-11.39,6.56
01/04/2026,12:37:20,458,0.00,0.00,0.00,0.00,0.00,0.00,0.00,0.00,-142.50,65.66,-0.71,-0.35,-0.25,106.50,288.52,-123.05
01/04/2026,12:37:21,336,0.00,0.00,0.00,0.00,0.00,0.00,0.00,0.00,-139.99,92.65,-0.27,-0.41,-0.80,-3.81,12.61,10.83
01/04/2026,12:37:22,15,0.00,0.00,0.00,0.00,0.00,0.00,0.00,0.00,-142.07,63.10,-0.37,-0.37,-0.77,0.69,2.88,1.66
01/04/2026,12:37:23,0,0.00,0.00,0.00,0.00,0.00,0.00,0.00,0.00,-134.50,46.60,-0.24,-0.34,-0.70,338.47,-57.75,-51.00
01/04/2026,12:37:24,0,0.00,0.00,0.00,0.00,0.00,0.00,0.00,0.00,-187.98,41.58,-0.39,-0.12,-0.86,24.92,33.78,23.77
01/04/2026,12:37:25,0,0.00,0.00,0.00,0.00,0.00,0.00,0.00,0.00,-171.98,41.72,-0.11,-0.19,-1.04,4.64,-11.30,2.02
01/04/2026,12:37:26,0,0.00,0.00,0.00,0.00,0.00,0.00,0.00,0.00,-144.59,-11.32,-0.71,-0.24,-0.59,3.94,-5.12,-2.67
01/04/2026,12:37:27,0,0.00,0.00,0.00,0.00,0.00,0.00,0.00,0.00,-149.48,15.50,-0.68,-0.21,-0.57,62.59,-4.41,17.09
01/04/2026,12:37:28,0,0.00,0.00,0.00,0.00,0.00,0.00,0.00,0.00,-98.77,65.51,-0.21,-0.34,-0.85,23.34,54.22,15.45
01/04/2026,12:37:29,0,0.00,0.00,0.00,0.00,0.00,0.00,0.00,0.00,-111.71,54.00,-0.12,-0.40,-0.83,-46.89,30.19,-21.70
01/04/2026,12:37:30,0,0.00,0.00,0.00,0.00,0.00,0.00,0.00,0.00,-128.08,43.15,-0.09,-0.35,-0.84,0.23,1.70,0.36
01/04/2026,12:37:31,0,0.00,0.00,0.00,0.00,0.00,0.00,0.00,0.00,-136.57,32.28,-0.08,-0.35,-0.84,3.28,-1.12,0.69
01/04/2026,12:37:32,0,0.00,0.00,0.00,0.00,0.00,0.00,0.00,0.00,-141.06,24.80,-0.06,-0.35,-0.84,5.30,-3.42,-0.67
01/04/2026,12:37:34,0,0.00,0.00,0.00,0.00,0.00,0.00,0.00,0.00,-141.06,24.80,-0.06,-0.35,-0.84,5.30,-3.42,-0.67
01/04/2026,12:37:35,0,0.00,0.00,0.00,0.00,0.00,0.00,0.00,0.00,-141.06,24.80,-0.06,-0.35,-0.84,5.30,-3.42,-0.67
01/04/2026,12:37:36,48,0.00,0.00,0.00,0.00,0.00,0.00,0.00,0.00,-141.06,24.80,-0.06,-0.35,-0.84,5.30,-3.42,-0.67
01/04/2026,12:37:37,243,0.00,0.00,0.00,0.00,0.00,0.00,0.00,0.00,-141.06,24.80,-0.06,-0.35,-0.84,5.30,-3.42,-0.67
01/04/2026,12:37:38,386,0.00,0.00,0.00,0.00,0.00,0.00,0.00,0.00,-141.06,24.80,-0.06,-0.35,-0.84,5.30,-3.42,-0.67
01/04/2026,12:37:39,432,0.00,0.00,0.00,0.00,0.00,0.00,0.00,0.00,-141.06,24.80,-0.06,-0.35,-0.84,5.30,-3.42,-0.67
01/04/2026,12:37:40,511,0.00,0.00,0.00,0.00,0.00,0.00,0.00,0.00,-141.06,24.80,-0.06,-0.35,-0.84,5.30,-3.42,-0.67
01/04/2026,12:37:41,560,0.00,0.00,0.00,0.00,0.00,0.00,0.00,0.00,-141.06,24.80,-0.06,-0.35,-0.84,5.30,-3.42,-0.67
01/04/2026,12:37:42,564,0.00,0.00,0.00,0.00,0.00,0.00,0.00,0.00,-141.06,24.80,-0.06,-0.35,-0.84,5.30,-3.42,-0.67
01/04/2026,12:37:43,528,0.00,0.00,0.00,0.00,0.00,0.00,0.00,0.00,-141.06,24.80,-0.06,-0.35,-0.84,5.30,-3.42,-0.67
01/04/2026,12:37:44,529,0.00,0.00,0.00,0.00,0.00,0.00,0.00,0.00,-141.06,24.80,-0.06,-0.35,-0.84,5.30,-3.42,-0.67
01/04/2026,12:37:45,579,0.00,0.00,0.00,0.00,0.00,0.00,0.00,0.00,-141.06,24.80,-0.06,-0.35,-0.84,5.30,-3.42,-0.67
01/04/2026,12:37:46,592,0.00,0.00,0.00,0.00,0.00,0.00,0.00,0.00,-141.06,24.80,-0.06,-0.35,-0.84,5.30,-3.42,-0.67
01/04/2026,12:37:47,528,0.00,0.00,0.00,0.00,0.00,0.00,0.00,0.00,-141.06,24.80,-0.06,-0.35,-0.84,5.30,-3.42,-0.67
01/04/2026,12:37:48,465,0.00,0.00,0.00,0.00,0.00,0.00,0.00,0.00,-141.06,24.80,-0.06,-0.35,-0.84,5.30,-3.42,-0.67
01/04/2026,12:37:49,378,0.00,0.00,0.00,0.00,0.00,0.00,0.00,0.00,-141.06,24.80,-0.06,-0.35,-0.84,5.30,-3.42,-0.67
01/04/2026,12:37:50,269,0.00,0.00,0.00,0.00,0.00,0.00,0.00,0.00,-141.06,24.80,-0.06,-0.35,-0.84,5.30,-3.42,-0.67
01/04/2026,12:37:51,215,0.00,0.00,0.00,0.00,0.00,0.00,0.00,0.00,-141.06,24.80,-0.06,-0.35,-0.84,5.30,-3.42,-0.67
01/04/2026,12:37:52,119,0.00,0.00,0.00,0.00,0.00,0.00,0.00,0.00,-141.06,24.80,-0.06,-0.35,-0.84,5.30,-3.42,-0.67
01/04/2026,12:37:53,279,0.00,0.00,0.00,0.00,0.00,0.00,0.00,0.00,-141.06,24.80,-0.06,-0.35,-0.84,5.30,-3.42,-0.67
01/04/2026,12:37:54,25,0.00,0.00,0.00,0.00,0.00,0.00,0.00,0.00,-141.06,24.80,-0.06,-0.35,-0.84,5.30,-3.42,-0.67
01/04/2026,12:37:55,0,0.00,0.00,0.00,0.00,0.00,0.00,0.00,0.00,-141.06,24.80,-0.06,-0.35,-0.84,5.30,-3.42,-0.67
01/04/2026,12:37:56,16,0.00,0.00,0.00,0.00,0.00,0.00,0.00,0.00,-141.06,24.80,-0.06,-0.35,-0.84,5.30,-3.42,-0.67
01/04/2026,12:37:57,0,0.00,0.00,0.00,0.00,0.00,0.00,0.00,0.00,-141.06,24.80,-0.06,-0.35,-0.84,5.30,-3.42,-0.67
01/04/2026,12:37:58,0,0.00,0.00,0.00,0.00,0.00,0.00,0.00,0.00,-141.06,24.80,-0.06,-0.35,-0.84,5.30,-3.42,-0.67
01/04/2026,12:37:59,0,0.00,0.00,0.00,0.00,0.00,0.00,0.00,0.00,-141.06,24.80,-0.06,-0.35,-0.84,5.30,-3.42,-0.67
01/04/2026,12:38:00,0,0.00,0.00,0.00,0.00,0.00,0.00,0.00,0.00,-141.06,24.80,-0.06,-0.35,-0.84,5.30,-3.42,-0.67
01/04/2026,12:38:01,0,0.00,0.00,0.00,0.00,0.00,0.00,0.00,0.00,-141.06,24.80,-0.06,-0.35,-0.84,5.30,-3.42,-0.67
01/04/2026,12:38:02,0,0.00,0.00,0.00,0.00,0.00,0.00,0.00,0.00,-141.06,24.80,-0.06,-0.35,-0.84,5.30,-3.42,-0.67
01/04/2026,12:38:03,0,0.00,0.00,0.00,0.00,0.00,0.00,0.00,0.00,-141.06,24.80,-0.06,-0.35,-0.84,5.30,-3.42,-0.67
01/04/2026,12:38:04,0,0.00,0.00,0.00,0.00,0.00,0.00,0.00,0.00,-141.06,24.80,-0.06,-0.35,-0.84,5.30,-3.42,-0.67
01/04/2026,12:38:05,0,0.00,0.00,0.00,0.00,0.00,0.00,0.00,0.00,-141.06,24.80,-0.06,-0.35,-0.84,5.30,-3.42,-0.67
01/04/2026,12:38:06,0,0.00,0.00,0.00,0.00,0.00,0.00,0.00,0.00,-141.06,24.80,-0.06,-0.35,-0.84,5.30,-3.42,-0.67
01/04/2026,12:38:07,0,0.00,0.00,0.00,0.00,0.00,0.00,0.00,0.00,-141.06,24.80,-0.06,-0.35,-0.84,5.30,-3.42,-0.67
01/04/2026,12:38:08,0,0.00,0.00,0.00,0.00,0.00,0.00,0.00,0.00,-141.06,24.80,-0.06,-0.35,-0.84,5.30,-3.42,-0.67
01/04/2026,12:38:09,0,0.00,0.00,0.00,0.00,0.00,0.00,0.00,0.00,-141.06,24.80,-0.06,-0.35,-0.84,5.30,-3.42,-0.67
01/04/2026,12:38:10,0,0.00,0.00,0.00,0.00,0.00,0.00,0.00,0.00,-141.06,24.80,-0.06,-0.35,-0.84,5.30,-3.42,-0.67
01/04/2026,12:38:11,0,0.00,0.00,0.00,0.00,0.00,0.00,0.00,0.00,-141.06,24.80,-0.06,-0.35,-0.84,5.30,-3.42,-0.67
01/04/2026,12:38:12,0,0.00,0.00,0.00,0.00,0.00,0.00,0.00,0.00,-141.06,24.80,-0.06,-0.35,-0.84,5.30,-3.42,-0.67
01/04/2026,12:38:13,0,0.00,0.00,0.00,0.00,0.00,0.00,0.00,0.00,-141.06,24.80,-0.06,-0.35,-0.84,5.30,-3.42,-0.67
01/04/2026,12:38:14,0,0.00,0.00,0.00,0.00,0.00,0.00,0.00,0.00,-141.06,24.80,-0.06,-0.35,-0.84,5.30,-3.42,-0.67
01/04/2026,12:38:15,0,0.00,0.00,0.00,0.00,0.00,0.00,0.00,0.00,-141.06,24.80,-0.06,-0.35,-0.84,5.30,-3.42,-0.67
01/04/2026,12:38:16,0,0.00,0.00,0.00,0.00,0.00,0.00,0.00,0.00,-141.06,24.80,-0.06,-0.35,-0.84,5.30,-3.42,-0.67
01/04/2026,12:38:18,0,0.00,0.00,0.00,0.00,0.00,0.00,0.00,0.00,-141.06,24.80,-0.06,-0.35,-0.84,5.30,-3.42,-0.67
01/04/2026,12:38:19,0,0.00,0.00,0.00,0.00,0.00,0.00,0.00,0.00,-141.06,24.80,-0.06,-0.35,-0.84,5.30,-3.42,-0.67
01/04/2026,12:38:20,0,0.00,0.00,0.00,0.00,0.00,0.00,0.00,0.00,-141.06,24.80,-0.06,-0.35,-0.84,5.30,-3.42,-0.67
01/04/2026,12:38:21,0,0.00,0.00,0.00,0.00,0.00,0.00,0.00,0.00,-141.06,24.80,-0.06,-0.35,-0.84,5.30,-3.42,-0.67
01/04/2026,12:38:22,0,0.00,0.00,0.00,0.00,0.00,0.00,0.00,0.00,-141.06,24.80,-0.06,-0.35,-0.84,5.30,-3.42,-0.67
01/04/2026,12:38:23,0,0.00,0.00,0.00,0.00,0.00,0.00,0.00,0.00,-141.06,24.80,-0.06,-0.35,-0.84,5.30,-3.42,-0.67
01/04/2026,12:38:24,0,0.00,0.00,0.00,0.00,0.00,0.00,0.00,0.00,-141.06,24.80,-0.06,-0.35,-0.84,5.30,-3.42,-0.67
01/04/2026,12:38:25,0,0.00,0.00,0.00,0.00,0.00,0.00,0.00,0.00,-141.06,24.80,-0.06,-0.35,-0.84,5.30,-3.42,-0.67
01/04/2026,12:38:26,0,0.00,0.00,0.00,0.00,0.00,0.00,0.00,0.00,-141.06,24.80,-0.06,-0.35,-0.84,5.30,-3.42,-0.67
01/04/2026,12:38:27,0,0.00,0.00,0.00,0.00,0.00,0.00,0.00,0.00,-141.06,24.80,-0.06,-0.35,-0.84,5.30,-3.42,-0.67
01/04/2026,12:38:28,0,0.00,0.00,0.00,0.00,0.00,0.00,0.00,0.00,-141.06,24.80,-0.06,-0.35,-0.84,5.30,-3.42,-0.67
01/04/2026,12:38:29,0,0.00,0.00,0.00,0.00,0.00,0.00,0.00,0.00,-141.06,24.80,-0.06,-0.35,-0.84,5.30,-3.42,-0.67
01/04/2026,12:38:30,0,0.00,0.00,0.00,0.00,0.00,0.00,0.00,0.00,-141.06,24.80,-0.06,-0.35,-0.84,5.30,-3.42,-0.67
01/04/2026,12:38:31,0,0.00,0.00,0.00,0.00,0.00,0.00,0.00,0.00,-141.06,24.80,-0.06,-0.35,-0.84,5.30,-3.42,-0.67
01/04/2026,12:38:32,0,0.00,0.00,0.00,0.00,0.00,0.00,0.00,0.00,-141.06,24.80,-0.06,-0.35,-0.84,5.30,-3.42,-0.67
01/04/2026,12:38:33,0,0.00,0.00,0.00,0.00,0.00,0.00,0.00,0.00,-141.06,24.80,-0.06,-0.35,-0.84,5.30,-3.42,-0.67
01/04/2026,12:38:34,0,0.00,0.00,0.00,0.00,0.00,0.00,0.00,0.00,-141.06,24.80,-0.06,-0.35,-0.84,5.30,-3.42,-0.67
01/04/2026,12:38:35,0,0.00,0.00,0.00,0.00,0.00,0.00,0.00,0.00,-141.06,24.80,-0.06,-0.35,-0.84,5.30,-3.42,-0.67
01/04/2026,12:38:36,0,0.00,0.00,0.00,0.00,0.00,0.00,0.00,0.00,-141.06,24.80,-0.06,-0.35,-0.84,5.30,-3.42,-0.67
01/04/2026,12:38:37,0,0.00,0.00,0.00,0.00,0.00,0.00,0.00,0.00,-141.06,24.80,-0.06,-0.35,-0.84,5.30,-3.42,-0.67
01/04/2026,12:38:38,0,0.00,0.00,0.00,0.00,0.00,0.00,0.00,0.00,-141.06,24.80,-0.06,-0.35,-0.84,5.30,-3.42,-0.67
01/04/2026,12:38:39,0,0.00,0.00,0.00,0.00,0.00,0.00,0.00,0.00,-141.06,24.80,-0.06,-0.35,-0.84,5.30,-3.42,-0.67
01/04/2026,12:38:40,0,0.00,0.00,0.00,0.00,0.00,0.00,0.00,0.00,-141.06,24.80,-0.06,-0.35,-0.84,5.30,-3.42,-0.67
01/04/2026,12:38:41,0,0.00,0.00,0.00,0.00,0.00,0.00,0.00,0.00,-141.06,24.80,-0.06,-0.35,-0.84,5.30,-3.42,-0.67
01/04/2026,12:38:42,0,0.00,0.00,0.00,0.00,0.00,0.00,0.00,0.00,-141.06,24.80,-0.06,-0.35,-0.84,5.30,-3.42,-0.67
01/04/2026,12:38:43,0,0.00,0.00,0.00,0.00,0.00,0.00,0.00,0.00,-141.06,24.80,-0.06,-0.35,-0.84,5.30,-3.42,-0.67
01/04/2026,12:38:44,0,0.00,0.00,0.00,0.00,0.00,0.00,0.00,0.00,-141.06,24.80,-0.06,-0.35,-0.84,5.30,-3.42,-0.67
01/04/2026,12:38:45,0,0.00,0.00,0.00,0.00,0.00,0.00,0.00,0.00,-141.06,24.80,-0.06,-0.35,-0.84,5.30,-3.42,-0.67
01/04/2026,12:38:46,154,0.00,0.00,0.00,0.00,0.00,0.00,0.00,0.00,-141.06,24.80,-0.06,-0.35,-0.84,5.30,-3.42,-0.67
01/04/2026,12:38:47,213,0.00,0.00,0.00,0.00,0.00,0.00,0.00,0.00,-141.06,24.80,-0.06,-0.35,-0.84,5.30,-3.42,-0.67
01/04/2026,12:38:48,354,0.00,0.00,0.00,0.00,0.00,0.00,0.00,0.00,-141.06,24.80,-0.06,-0.35,-0.84,5.30,-3.42,-0.67
01/04/2026,12:38:49,318,0.00,0.00,0.00,0.00,0.00,0.00,0.00,0.00,-141.06,24.80,-0.06,-0.35,-0.84,5.30,-3.42,-0.67
01/04/2026,12:38:50,366,0.00,0.00,0.00,0.00,0.00,0.00,0.00,0.00,-141.06,24.80,-0.06,-0.35,-0.84,5.30,-3.42,-0.67
01/04/2026,12:38:51,363,0.00,0.00,0.00,0.00,0.00,0.00,0.00,0.00,-141.06,24.80,-0.06,-0.35,-0.84,5.30,-3.42,-0.67
01/04/2026,12:38:52,373,0.00,0.00,0.00,0.00,0.00,0.00,0.00,0.00,-141.06,24.80,-0.06,-0.35,-0.84,5.30,-3.42,-0.67
01/04/2026,12:38:53,275,0.00,0.00,0.00,0.00,0.00,0.00,0.00,0.00,-141.06,24.80,-0.06,-0.35,-0.84,5.30,-3.42,-0.67
01/04/2026,12:38:54,333,0.00,0.00,0.00,0.00,0.00,0.00,0.00,0.00,-141.06,24.80,-0.06,-0.35,-0.84,5.30,-3.42,-0.67
01/04/2026,12:38:55,285,0.00,0.00,0.00,0.00,0.00,0.00,0.00,0.00,-141.06,24.80,-0.06,-0.35,-0.84,5.30,-3.42,-0.67
01/04/2026,12:38:56,257,0.00,0.00,0.00,0.00,0.00,0.00,0.00,0.00,-141.06,24.80,-0.06,-0.35,-0.84,5.30,-3.42,-0.67
01/04/2026,12:38:57,249,0.00,0.00,0.00,0.00,0.00,0.00,0.00,0.00,-141.06,24.80,-0.06,-0.35,-0.84,5.30,-3.42,-0.67
01/04/2026,12:38:58,592,0.00,0.00,0.00,0.00,0.00,0.00,0.00,0.00,-141.06,24.80,-0.06,-0.35,-0.84,5.30,-3.42,-0.67
01/04/2026,12:38:59,1408,0.00,0.00,0.00,0.00,0.00,0.00,0.00,0.00,-141.06,24.80,-0.06,-0.35,-0.84,5.30,-3.42,-0.67
01/04/2026,12:39:00,1008,0.00,0.00,0.00,0.00,0.00,0.00,0.00,0.00,-141.06,24.80,-0.06,-0.35,-0.84,5.30,-3.42,-0.67
01/04/2026,12:39:02,878,0.00,0.00,0.00,0.00,0.00,0.00,0.00,0.00,-141.06,24.80,-0.06,-0.35,-0.84,5.30,-3.42,-0.67
01/04/2026,12:39:03,850,0.00,0.00,0.00,0.00,0.00,0.00,0.00,0.00,-141.06,24.80,-0.06,-0.35,-0.84,5.30,-3.42,-0.67
01/04/2026,12:39:04,675,0.00,0.00,0.00,0.00,0.00,0.00,0.00,0.00,-141.06,24.80,-0.06,-0.35,-0.84,5.30,-3.42,-0.67
01/04/2026,12:39:05,532,0.00,0.00,0.00,0.00,0.00,0.00,0.00,0.00,-141.06,24.80,-0.06,-0.35,-0.84,5.30,-3.42,-0.67
01/04/2026,12:39:06,506,0.00,0.00,0.00,0.00,0.00,0.00,0.00,0.00,-141.06,24.80,-0.06,-0.35,-0.84,5.30,-3.42,-0.67
01/04/2026,12:39:07,698,0.00,0.00,0.00,0.00,0.00,0.00,0.00,0.00,-141.06,24.80,-0.06,-0.35,-0.84,5.30,-3.42,-0.67
01/04/2026,12:39:08,652,0.00,0.00,0.00,0.00,0.00,0.00,0.00,0.00,-141.06,24.80,-0.06,-0.35,-0.84,5.30,-3.42,-0.67
01/04/2026,12:39:09,663,0.00,0.00,0.00,0.00,0.00,0.00,0.00,0.00,-141.06,24.80,-0.06,-0.35,-0.84,5.30,-3.42,-0.67
01/04/2026,12:39:10,616,0.00,0.00,0.00,0.00,0.00,0.00,0.00,0.00,-141.06,24.80,-0.06,-0.35,-0.84,5.30,-3.42,-0.67
01/04/2026,12:39:11,666,0.00,0.00,0.00,0.00,0.00,0.00,0.00,0.00,-141.06,24.80,-0.06,-0.35,-0.84,5.30,-3.42,-0.67
01/04/2026,12:39:12,1443,0.00,0.00,0.00,0.00,0.00,0.00,0.00,0.00,-141.06,24.80,-0.06,-0.35,-0.84,5.30,-3.42,-0.67
01/04/2026,12:39:13,1254,0.00,0.00,0.00,0.00,0.00,0.00,0.00,0.00,-141.06,24.80,-0.06,-0.35,-0.84,5.30,-3.42,-0.67
01/04/2026,12:39:14,1285,0.00,0.00,0.00,0.00,0.00,0.00,0.00,0.00,-141.06,24.80,-0.06,-0.35,-0.84,5.30,-3.42,-0.67
01/04/2026,12:39:15,1171,0.00,0.00,0.00,0.00,0.00,0.00,0.00,0.00,-141.06,24.80,-0.06,-0.35,-0.84,5.30,-3.42,-0.67
01/04/2026,12:39:16,1120,0.00,0.00,0.00,0.00,0.00,0.00,0.00,0.00,-141.06,24.80,-0.06,-0.35,-0.84,5.30,-3.42,-0.67
01/04/2026,12:39:17,1014,0.00,0.00,0.00,0.00,0.00,0.00,0.00,0.00,-141.06,24.80,-0.06,-0.35,-0.84,5.30,-3.42,-0.67
01/04/2026,12:39:18,1073,0.00,0.00,0.00,0.00,0.00,0.00,0.00,0.00,-141.06,24.80,-0.06,-0.35,-0.84,5.30,-3.42,-0.67
01/04/2026,12:39:19,1175,0.00,0.00,0.00,0.00,0.00,0.00,0.00,0.00,-141.06,24.80,-0.06,-0.35,-0.84,5.30,-3.42,-0.67
01/04/2026,12:39:20,1104,0.00,0.00,0.00,0.00,0.00,0.00,0.00,0.00,-141.06,24.80,-0.06,-0.35,-0.84,5.30,-3.42,-0.67
01/04/2026,12:39:21,1152,0.00,0.00,0.00,0.00,0.00,0.00,0.00,0.00,-141.06,24.80,-0.06,-0.35,-0.84,5.30,-3.42,-0.67
01/04/2026,12:39:22,1115,0.00,0.00,0.00,0.00,0.00,0.00,0.00,0.00,-141.06,24.80,-0.06,-0.35,-0.84,5.30,-3.42,-0.67
01/04/2026,12:39:23,1197,0.00,0.00,0.00,0.00,0.00,0.00,0.00,0.00,-141.06,24.80,-0.06,-0.35,-0.84,5.30,-3.42,-0.67
01/04/2026,12:39:24,1154,0.00,0.00,0.00,0.00,0.00,0.00,0.00,0.00,-141.06,24.80,-0.06,-0.35,-0.84,5.30,-3.42,-0.67
01/04/2026,12:39:25,523,0.00,0.00,0.00,0.00,0.00,0.00,0.00,0.00,-141.06,24.80,-0.06,-0.35,-0.84,5.30,-3.42,-0.67
01/04/2026,12:39:26,359,0.00,0.00,0.00,0.00,0.00,0.00,0.00,0.00,-141.06,24.80,-0.06,-0.35,-0.84,5.30,-3.42,-0.67
01/04/2026,12:39:27,130,0.00,0.00,0.00,0.00,0.00,0.00,0.00,0.00,-141.06,24.80,-0.06,-0.35,-0.84,5.30,-3.42,-0.67
01/04/2026,12:39:28,0,0.00,0.00,0.00,0.00,0.00,0.00,0.00,0.00,-141.06,24.80,-0.06,-0.35,-0.84,5.30,-3.42,-0.67
01/04/2026,12:39:29,0,0.00,0.00,0.00,0.00,0.00,0.00,0.00,0.00,-141.06,24.80,-0.06,-0.35,-0.84,5.30,-3.42,-0.67
01/04/2026,12:39:30,0,0.00,0.00,0.00,0.00,0.00,0.00,0.00,0.00,-141.06,24.80,-0.06,-0.35,-0.84,5.30,-3.42,-0.67
01/04/2026,12:39:31,0,0.00,0.00,0.00,0.00,0.00,0.00,0.00,0.00,-141.06,24.80,-0.06,-0.35,-0.84,5.30,-3.42,-0.67
01/04/2026,12:39:32,0,0.00,0.00,0.00,0.00,0.00,0.00,0.00,0.00,-141.06,24.80,-0.06,-0.35,-0.84,5.30,-3.42,-0.67
01/04/2026,12:39:33,0,0.00,0.00,0.00,0.00,0.00,0.00,0.00,0.00,-141.06,24.80,-0.06,-0.35,-0.84,5.30,-3.42,-0.67
01/04/2026,12:39:34,0,0.00,0.00,0.00,0.00,0.00,0.00,0.00,0.00,-141.06,24.80,-0.06,-0.35,-0.84,5.30,-3.42,-0.67
01/04/2026,12:39:35,0,0.00,0.00,0.00,0.00,0.00,0.00,0.00,0.00,-141.06,24.80,-0.06,-0.35,-0.84,5.30,-3.42,-0.67
01/04/2026,12:39:36,0,0.00,0.00,0.00,0.00,0.00,0.00,0.00,0.00,-141.06,24.80,-0.06,-0.35,-0.84,5.30,-3.42,-0.67
01/04/2026,12:39:37,0,0.00,0.00,0.00,0.00,0.00,0.00,0.00,0.00,-141.06,24.80,-0.06,-0.35,-0.84,5.30,-3.42,-0.67
01/04/2026,12:39:38,0,0.00,0.00,0.00,0.00,0.00,0.00,0.00,0.00,-141.06,24.80,-0.06,-0.35,-0.84,5.30,-3.42,-0.67
01/04/2026,12:39:39,0,0.00,0.00,0.00,0.00,0.00,0.00,0.00,0.00,-141.06,24.80,-0.06,-0.35,-0.84,5.30,-3.42,-0.67
01/04/2026,12:39:40,0,0.00,0.00,0.00,0.00,0.00,0.00,0.00,0.00,-141.06,24.80,-0.06,-0.35,-0.84,5.30,-3.42,-0.67
01/04/2026,12:39:41,0,0.00,0.00,0.00,0.00,0.00,0.00,0.00,0.00,-141.06,24.80,-0.06,-0.35,-0.84,5.30,-3.42,-0.67
01/04/2026,12:39:43,0,0.00,0.00,0.00,0.00,0.00,0.00,0.00,0.00,-141.06,24.80,-0.06,-0.35,-0.84,5.30,-3.42,-0.67
01/04/2026,12:39:44,0,0.00,0.00,0.00,0.00,0.00,0.00,0.00,0.00,-141.06,24.80,-0.06,-0.35,-0.84,5.30,-3.42,-0.67
01/04/2026,12:39:45,71,0.00,0.00,0.00,0.00,0.00,0.00,0.00,0.00,-141.06,24.80,-0.06,-0.35,-0.84,5.30,-3.42,-0.67
01/04/2026,12:39:46,194,0.00,0.00,0.00,0.00,0.00,0.00,0.00,0.00,-141.06,24.80,-0.06,-0.35,-0.84,5.30,-3.42,-0.67
01/04/2026,12:39:47,417,0.00,0.00,0.00,0.00,0.00,0.00,0.00,0.00,-141.06,24.80,-0.06,-0.35,-0.84,5.30,-3.42,-0.67
01/04/2026,12:39:48,493,0.00,0.00,0.00,0.00,0.00,0.00,0.00,0.00,-141.06,24.80,-0.06,-0.35,-0.84,5.30,-3.42,-0.67
01/04/2026,12:39:49,511,0.00,0.00,0.00,0.00,0.00,0.00,0.00,0.00,-141.06,24.80,-0.06,-0.35,-0.84,5.30,-3.42,-0.67
01/04/2026,12:39:50,549,0.00,0.00,0.00,0.00,0.00,0.00,0.00,0.00,-141.06,24.80,-0.06,-0.35,-0.84,5.30,-3.42,-0.67
01/04/2026,12:39:51,451,0.00,0.00,0.00,0.00,0.00,0.00,0.00,0.00,-141.06,24.80,-0.06,-0.35,-0.84,5.30,-3.42,-0.67
01/04/2026,12:39:52,343,0.00,0.00,0.00,0.00,0.00,0.00,0.00,0.00,-141.06,24.80,-0.06,-0.35,-0.84,5.30,-3.42,-0.67
01/04/2026,12:39:53,163,0.00,0.00,0.00,0.00,0.00,0.00,0.00,0.00,-141.06,24.80,-0.06,-0.35,-0.84,5.30,-3.42,-0.67
01/04/2026,12:39:54,24,0.00,0.00,0.00,0.00,0.00,0.00,0.00,0.00,-141.06,24.80,-0.06,-0.35,-0.84,5.30,-3.42,-0.67
01/04/2026,12:39:55,0,0.00,0.00,0.00,0.00,0.00,0.00,0.00,0.00,-141.06,24.80,-0.06,-0.35,-0.84,5.30,-3.42,-0.67
01/04/2026,12:39:56,0,0.00,0.00,0.00,0.00,0.00,0.00,0.00,0.00,-141.06,24.80,-0.06,-0.35,-0.84,5.30,-3.42,-0.67
01/04/2026,12:39:57,0,0.00,0.00,0.00,0.00,0.00,0.00,0.00,0.00,-141.06,24.80,-0.06,-0.35,-0.84,5.30,-3.42,-0.67
01/04/2026,12:39:58,0,0.00,0.00,0.00,0.00,0.00,0.00,0.00,0.00,-141.06,24.80,-0.06,-0.35,-0.84,5.30,-3.42,-0.67
01/04/2026,12:39:59,0,0.00,0.00,0.00,0.00,0.00,0.00,0.00,0.00,-141.06,24.80,-0.06,-0.35,-0.84,5.30,-3.42,-0.67
01/04/2026,12:40:00,0,0.00,0.00,0.00,0.00,0.00,0.00,0.00,0.00,-141.06,24.80,-0.06,-0.35,-0.84,5.30,-3.42,-0.67
01/04/2026,12:40:01,0,0.00,0.00,0.00,0.00,0.00,0.00,0.00,0.00,-141.06,24.80,-0.06,-0.35,-0.84,5.30,-3.42,-0.67
01/04/2026,12:40:02,0,0.00,0.00,0.00,0.00,0.00,0.00,0.00,0.00,-141.06,24.80,-0.06,-0.35,-0.84,5.30,-3.42,-0.67
01/04/2026,12:40:03,0,0.00,0.00,0.00,0.00,0.00,0.00,0.00,0.00,-141.06,24.80,-0.06,-0.35,-0.84,5.30,-3.42,-0.67
01/04/2026,12:40:04,0,0.00,0.00,0.00,0.00,0.00,0.00,0.00,0.00,-141.06,24.80,-0.06,-0.35,-0.84,5.30,-3.42,-0.67
01/04/2026,12:40:05,0,0.00,0.00,0.00,0.00,0.00,0.00,0.00,0.00,-141.06,24.80,-0.06,-0.35,-0.84,5.30,-3.42,-0.67
01/04/2026,12:40:06,0,0.00,0.00,0.00,0.00,0.00,0.00,0.00,0.00,-141.06,24.80,-0.06,-0.35,-0.84,5.30,-3.42,-0.67
01/04/2026,12:40:07,0,0.00,0.00,0.00,0.00,0.00,0.00,0.00,0.00,-141.06,24.80,-0.06,-0.35,-0.84,5.30,-3.42,-0.67
01/04/2026,12:40:08,0,0.00,0.00,0.00,0.00,0.00,0.00,0.00,0.00,-141.06,24.80,-0.06,-0.35,-0.84,5.30,-3.42,-0.67
01/04/2026,12:40:09,0,0.00,0.00,0.00,0.00,0.00,0.00,0.00,0.00,-141.06,24.80,-0.06,-0.35,-0.84,5.30,-3.42,-0.67
01/04/2026,12:40:10,0,0.00,0.00,0.00,0.00,0.00,0.00,0.00,0.00,-141.06,24.80,-0.06,-0.35,-0.84,5.30,-3.42,-0.67
01/04/2026,12:40:11,0,0.00,0.00,0.00,0.00,0.00,0.00,0.00,0.00,-141.06,24.80,-0.06,-0.35,-0.84,5.30,-3.42,-0.67
01/04/2026,12:40:12,0,0.00,0.00,0.00,0.00,0.00,0.00,0.00,0.00,-141.06,24.80,-0.06,-0.35,-0.84,5.30,-3.42,-0.67
01/04/2026,12:40:13,0,0.00,0.00,0.00,0.00,0.00,0.00,0.00,0.00,-141.06,24.80,-0.06,-0.35,-0.84,5.30,-3.42,-0.67
01/04/2026,12:40:14,0,0.00,0.00,0.00,0.00,0.00,0.00,0.00,0.00,-141.06,24.80,-0.06,-0.35,-0.84,5.30,-3.42,-0.67
01/04/2026,12:40:15,0,0.00,0.00,0.00,0.00,0.00,0.00,0.00,0.00,-141.06,24.80,-0.06,-0.35,-0.84,5.30,-3.42,-0.67
01/04/2026,12:40:16,0,0.00,0.00,0.00,0.00,0.00,0.00,0.00,0.00,-141.06,24.80,-0.06,-0.35,-0.84,5.30,-3.42,-0.67
01/04/2026,12:40:17,0,0.00,0.00,0.00,0.00,0.00,0.00,0.00,0.00,-141.06,24.80,-0.06,-0.35,-0.84,5.30,-3.42,-0.67
01/04/2026,12:40:18,0,0.00,0.00,0.00,0.00,0.00,0.00,0.00,0.00,-141.06,24.80,-0.06,-0.35,-0.84,5.30,-3.42,-0.67
01/04/2026,12:40:19,0,0.00,0.00,0.00,0.00,0.00,0.00,0.00,0.00,-141.06,24.80,-0.06,-0.35,-0.84,5.30,-3.42,-0.67
01/04/2026,12:40:20,0,0.00,0.00,0.00,0.00,0.00,0.00,0.00,0.00,-32.69,13.69,-0.41,-0.05,-0.86,-4.08,-2.36,-7.78
01/04/2026,12:40:21,0,0.00,0.00,0.00,0.00,0.00,0.00,0.00,0.00,-31.26,20.72,-0.39,-0.01,-0.86,11.97,-1.59,-0.25
01/04/2026,12:40:22,0,0.00,0.00,0.00,0.00,0.00,0.00,0.00,0.00,16.53,24.28,-0.34,0.01,-0.87,17.20,-2.77,-5.67
01/04/2026,12:40:23,0,0.00,0.00,0.00,0.00,0.00,0.00,0.00,0.00,73.53,28.74,-0.31,0.11,-0.90,4.52,4.12,0.42
01/04/2026,12:40:24,0,0.00,0.00,0.00,0.00,0.00,0.00,0.00,0.00,111.57,28.42,-0.29,0.09,-0.92,6.23,9.44,-2.34
01/04/2026,12:40:25,0,0.00,0.00,0.00,0.00,0.00,0.00,0.00,0.00,137.09,25.25,-0.30,0.08,-0.91,7.16,-4.33,2.11
01/04/2026,12:40:27,0,0.00,0.00,0.00,0.00,0.00,0.00,0.00,0.00,154.77,24.48,-0.31,0.11,-0.89,5.17,-0.06,0.34
01/04/2026,12:40:28,0,0.00,0.00,0.00,0.00,0.00,0.00,0.00,0.00,165.95,24.70,-0.31,0.10,-0.91,5.81,1.89,-1.06
01/04/2026,12:40:29,0,0.00,0.00,0.00,0.00,0.00,0.00,0.00,0.00,173.56,24.38,-0.31,0.11,-0.91,5.67,-5.77,-0.55
01/04/2026,12:40:30,0,0.00,0.00,0.00,0.00,0.00,0.00,0.00,0.00,177.56,25.33,-0.30,0.14,-0.92,-22.83,31.78,-3.17
01/04/2026,12:40:31,0,0.00,0.00,0.00,0.00,0.00,0.00,0.00,0.00,174.64,42.37,0.05,-0.72,-0.72,21.41,-16.19,36.47
01/04/2026,12:40:32,0,0.00,0.00,0.00,0.00,0.00,0.00,0.00,0.00,75.15,28.52,0.02,-0.69,-0.69,13.25,-7.61,8.05
01/04/2026,12:40:33,0,0.00,0.00,0.00,0.00,0.00,0.00,0.00,0.00,67.32,27.65,0.01,-0.63,-0.67,5.44,1.30,1.47
01/04/2026,12:40:34,0,0.00,0.00,0.00,0.00,0.00,0.00,0.00,0.00,67.32,27.65,0.01,-0.63,-0.67,5.44,1.30,1.47
01/04/2026,12:40:35,0,0.00,0.00,0.00,0.00,0.00,0.00,0.00,0.00,67.32,27.65,0.01,-0.63,-0.67,5.44,1.30,1.47
01/04/2026,12:40:36,0,0.00,0.00,0.00,0.00,0.00,0.00,0.00,0.00,67.32,27.65,0.01,-0.63,-0.67,5.44,1.30,1.47
01/04/2026,12:40:37,0,0.00,0.00,0.00,0.00,0.00,0.00,0.00,0.00,67.32,27.65,0.01,-0.63,-0.67,5.44,1.30,1.47
01/04/2026,12:40:38,0,0.00,0.00,0.00,0.00,0.00,0.00,0.00,0.00,67.32,27.65,0.01,-0.63,-0.67,5.44,1.30,1.47
01/04/2026,12:40:39,0,0.00,0.00,0.00,0.00,0.00,0.00,0.00,0.00,67.32,27.65,0.01,-0.63,-0.67,5.44,1.30,1.47
00/01/1900,00:00:00,0,0.00,0.00,0.00,0.00,0.00,0.00,0.00,0.00,0.00,0.00,0.00,0.00,0.00,0.00,0.00,0.00
00/01/1900,00:00:00,64,0.00,0.00,0.00,0.00,0.00,0.00,0.00,0.00,0.00,0.00,0.00,0.00,0.00,0.00,0.00,0.00
00/01/1900,00:00:00,16,0.00,0.00,0.00,0.00,0.00,0.00,0.00,0.00,0.00,0.00,0.00,0.00,0.00,0.00,0.00,0.00
00/01/1900,00:00:00,0,0.00,0.00,0.00,0.00,0.00,0.00,0.00,0.00,0.00,0.00,0.00,0.00,0.00,0.00,0.00,0.00
01/04/2026,12:40:49,0,0.00,0.00,0.00,0.00,0.00,0.00,0.00,0.00,0.00,0.00,0.00,0.00,0.00,0.00,0.00,0.00
01/04/2026,12:40:50,0,0.00,0.00,0.00,0.00,0.00,0.00,0.00,0.00,0.00,0.00,0.00,0.00,0.00,0.00,0.00,0.00
01/04/2026,12:40:51,0,0.00,0.00,0.00,0.00,0.00,0.00,0.00,0.00,0.00,0.00,0.00,0.00,0.00,0.00,0.00,0.00
01/04/2026,12:40:52,0,0.00,0.00,0.00,0.00,0.00,0.00,0.00,0.00,0.00,0.00,0.00,0.00,0.00,0.00,0.00,0.00
01/04/2026,12:40:53,0,0.00,0.00,0.00,0.00,0.00,0.00,0.00,0.00,0.00,0.00,0.00,0.00,0.00,0.00,0.00,0.00
01/04/2026,12:40:54,0,0.00,0.00,0.00,0.00,0.00,0.00,0.00,0.00,0.00,0.00,0.00,0.00,0.00,0.00,0.00,0.00
01/04/2026,12:40:55,0,0.00,0.00,0.00,0.00,0.00,0.00,0.00,0.00,0.00,0.00,0.00,0.00,0.00,0.00,0.00,0.00
01/04/2026,12:40:56,0,0.00,0.00,0.00,0.00,0.00,0.00,0.00,0.00,-9.77,3.26,-0.23,-0.82,0.35,5.19,0.16,-1.95
01/04/2026,12:40:57,0,0.00,0.00,0.00,0.00,0.00,0.00,0.00,0.00,-40.57,4.02,-0.16,-0.89,0.41,-258.75,79.91,94.42
01/04/2026,12:40:58,0,0.00,0.00,0.00,0.00,0.00,0.00,0.00,0.00,-167.62,16.63,-0.24,-0.55,-0.75,-24.08,64.64,-79.47
01/04/2026,12:40:59,0,0.00,0.00,0.00,0.00,0.00,0.00,0.00,0.00,-166.00,31.95,-0.10,-0.43,-0.77,-72.27,-6.39,-60.77
01/04/2026,12:41:00,0,0.00,0.00,0.00,0.00,0.00,0.00,0.00,0.00,-217.63,34.52,-0.04,0.38,-0.71,-158.67,140.61,84.22
01/04/2026,12:41:01,0,0.00,0.00,0.00,0.00,0.00,0.00,0.00,0.00,-58.59,-27.42,-0.21,0.33,-1.09,125.27,-210.12,-32.83
01/04/2026,12:41:02,0,0.00,0.00,0.00,0.00,0.00,0.00,0.00,0.00,-31.75,-113.62,-0.97,-0.13,0.20,9.77,-5.41,-6.08
01/04/2026,12:41:03,0,0.00,0.00,0.00,0.00,0.00,0.00,0.00,0.00,49.61,73.79,0.27,-1.49,-1.29,10.48,108.83,-146.41
01/04/2026,12:41:04,0,0.00,0.00,0.00,0.00,0.00,0.00,0.00,0.00,-37.50,48.95,-0.02,-0.29,-0.88,3.03,1.73,-1.31
01/04/2026,12:41:05,0,0.00,0.00,0.00,0.00,0.00,0.00,0.00,0.00,-79.96,31.44,-0.05,-0.25,-0.88,12.77,0.09,0.28
01/04/2026,12:41:06,0,0.00,0.00,0.00,0.00,0.00,0.00,0.00,0.00,-104.19,22.93,-0.05,-0.24,-0.90,7.12,0.38,-0.50
01/04/2026,12:41:07,0,0.00,0.00,0.00,0.00,0.00,0.00,0.00,0.00,-120.74,17.09,-0.05,-0.24,-0.90,4.16,1.72,-0.80
01/04/2026,12:41:08,0,0.00,0.00,0.00,0.00,0.00,0.00,0.00,0.00,-130.94,13.57,-0.05,-0.24,-0.89,7.72,0.78,-0.45
01/04/2026,12:41:09,0,0.00,0.00,0.00,0.00,0.00,0.00,0.00,0.00,-138.26,10.78,-0.05,-0.23,-0.88,9.83,-0.12,-0.48
01/04/2026,12:41:10,0,0.00,0.00,0.00,0.00,0.00,0.00,0.00,0.00,-143.20,9.13,-0.05,-0.23,-0.90,4.48,1.84,-0.39
01/04/2026,12:41:11,0,0.00,0.00,0.00,0.00,0.00,0.00,0.00,0.00,-146.42,8.03,-0.05,-0.23,-0.90,3.59,1.00,-0.55
01/04/2026,12:41:12,0,0.00,0.00,0.00,0.00,0.00,0.00,0.00,0.00,-148.17,7.31,-0.05,-0.23,-0.90,4.42,1.34,-1.14
01/04/2026,12:41:13,0,0.00,0.00,0.00,0.00,0.00,0.00,0.00,0.00,-149.57,6.74,-0.05,-0.23,-0.89,3.27,1.36,-0.84
01/04/2026,12:41:14,0,0.00,0.00,0.00,0.00,0.00,0.00,0.00,0.00,-147.01,10.28,-0.02,-0.26,-0.90,-8.64,5.28,-1.66
01/04/2026,12:41:15,0,0.00,0.00,0.00,0.00,0.00,0.00,0.00,0.00,-147.73,7.98,-0.02,-0.26,-0.88,5.31,0.50,-0.62
01/04/2026,12:41:16,0,0.00,0.00,0.00,0.00,0.00,0.00,0.00,0.00,-148.45,6.73,-0.02,-0.26,-0.88,4.27,2.02,-0.92
01/04/2026,12:41:17,0,0.00,0.00,0.00,0.00,0.00,0.00,0.00,0.00,-148.91,5.64,-0.02,-0.27,-0.88,6.20,1.23,-0.56
01/04/2026,12:41:18,0,0.00,0.00,0.00,0.00,0.00,0.00,0.00,0.00,-149.07,4.96,-0.02,-0.26,-0.89,6.91,1.53,-1.03
01/04/2026,12:41:19,0,0.00,0.00,0.00,0.00,0.00,0.00,0.00,0.00,-149.22,4.43,-0.02,-0.26,-0.89,5.77,1.36,-0.48
01/04/2026,12:41:20,0,0.00,0.00,0.00,0.00,0.00,0.00,0.00,0.00,-149.45,4.10,-0.02,-0.26,-0.89,4.97,1.77,-0.36
01/04/2026,12:41:21,0,0.00,0.00,0.00,0.00,0.00,0.00,0.00,0.00,-149.57,3.89,-0.02,-0.26,-0.89,5.92,0.52,-0.62
01/04/2026,12:41:22,0,0.00,0.00,0.00,0.00,0.00,0.00,0.00,0.00,-149.68,3.58,-0.02,-0.27,-0.89,4.83,-0.09,0.02
01/04/2026,12:41:23,0,0.00,0.00,0.00,0.00,0.00,0.00,0.00,0.00,-149.74,3.48,-0.02,-0.26,-0.89,5.58,0.36,-1.05
01/04/2026,12:41:24,0,0.00,0.00,0.00,0.00,0.00,0.00,0.00,0.00,-149.86,3.34,-0.02,-0.27,-0.89,4.92,0.78,-0.17
01/04/2026,12:41:25,0,0.00,0.00,0.00,0.00,0.00,0.00,0.00,0.00,-149.85,3.22,-0.02,-0.26,-0.88,6.06,0.47,-1.08
01/04/2026,12:41:26,0,0.00,0.00,0.00,0.00,0.00,0.00,0.00,0.00,-149.79,3.14,-0.02,-0.26,-0.88,7.17,0.88,-0.56
01/04/2026,12:41:27,0,0.00,0.00,0.00,0.00,0.00,0.00,0.00,0.00,-149.75,3.17,-0.02,-0.27,-0.89,5.72,1.02,-0.47
01/04/2026,12:41:28,0,0.00,0.00,0.00,0.00,0.00,0.00,0.00,0.00,-149.86,3.29,-0.02,-0.26,-0.88,4.80,1.53,-1.27
01/04/2026,12:41:29,0,0.00,0.00,0.00,0.00,0.00,0.00,0.00,0.00,-149.81,3.25,-0.02,-0.27,-0.89,5.25,0.97,-0.83
01/04/2026,12:41:30,0,0.00,0.00,0.00,0.00,0.00,0.00,0.00,0.00,-149.79,3.09,-0.02,-0.27,-0.88,6.08,0.73,-0.73
01/04/2026,12:41:31,0,0.00,0.00,0.00,0.00,0.00,0.00,0.00,0.00,-149.81,3.00,-0.02,-0.27,-0.88,6.77,0.42,-0.45
01/04/2026,12:41:33,0,0.00,0.00,0.00,0.00,0.00,0.00,0.00,0.00,-149.89,3.02,-0.02,-0.27,-0.89,5.61,1.23,-0.05
01/04/2026,12:41:34,0,0.00,0.00,0.00,0.00,0.00,0.00,0.00,0.00,-149.72,2.91,-0.02,-0.26,-0.89,8.50,0.23,-0.02
01/04/2026,12:41:35,0,0.00,0.00,0.00,0.00,0.00,0.00,0.00,0.00,-149.91,2.90,-0.02,-0.27,-0.89,5.39,0.52,-0.42
01/04/2026,12:41:36,0,0.00,0.00,0.00,0.00,0.00,0.00,0.00,0.00,-149.89,2.85,-0.02,-0.26,-0.89,6.20,1.11,-0.06
01/04/2026,12:41:37,0,0.00,0.00,0.00,0.00,0.00,0.00,0.00,0.00,-149.87,2.82,-0.02,-0.27,-0.88,5.48,1.11,-0.06
01/04/2026,12:41:38,0,0.00,0.00,0.00,0.00,0.00,0.00,0.00,0.00,-149.86,2.85,-0.02,-0.26,-0.88,5.72,0.94,-1.16
01/04/2026,12:41:39,0,0.00,0.00,0.00,0.00,0.00,0.00,0.00,0.00,-149.88,2.77,-0.01,-0.26,-0.89,4.70,0.59,-0.62
01/04/2026,12:41:40,0,0.00,0.00,0.00,0.00,0.00,0.00,0.00,0.00,-149.87,2.80,-0.02,-0.26,-0.89,6.80,0.61,-0.36
01/04/2026,12:41:41,0,0.00,0.00,0.00,0.00,0.00,0.00,0.00,0.00,-150.02,2.79,-0.02,-0.27,-0.88,6.20,0.59,-0.33
01/04/2026,12:41:42,0,0.00,0.00,0.00,0.00,0.00,0.00,0.00,0.00,-127.72,3.19,-0.18,-0.44,-0.93,36.94,21.58,-9.86
01/04/2026,12:41:43,0,0.00,0.00,0.00,0.00,0.00,0.00,0.00,0.00,-172.57,-19.13,-0.40,-0.05,-0.92,-25.06,59.98,-6.00
01/04/2026,12:41:44,0,0.00,0.00,0.00,0.00,0.00,0.00,0.00,0.00,-116.13,10.14,-0.22,-0.03,-0.79,37.59,29.61,-9.23
01/04/2026,12:41:45,0,0.00,0.00,0.00,0.00,0.00,0.00,0.00,0.00,-103.64,14.35,-0.48,-0.14,-0.56,163.31,-8.53,-70.58
01/04/2026,12:41:46,0,0.00,0.00,0.00,0.00,0.00,0.00,0.00,0.00,-93.01,28.90,-0.05,-0.25,-0.89,-10.00,0.73,-1.03
01/04/2026,12:41:47,0,0.00,0.00,0.00,0.00,0.00,0.00,0.00,0.00,-115.56,17.84,-0.02,-0.22,-0.92,-19.95,-4.59,6.17
01/04/2026,12:41:48,0,0.00,0.00,0.00,0.00,0.00,0.00,0.00,0.00,-127.42,13.93,-0.05,-0.23,-0.90,5.92,0.02,-0.36
01/04/2026,12:41:49,0,0.00,0.00,0.00,0.00,0.00,0.00,0.00,0.00,-135.82,10.77,-0.05,-0.23,-0.89,5.08,0.75,-0.97
01/04/2026,12:41:50,0,0.00,0.00,0.00,0.00,0.00,0.00,0.00,0.00,-141.67,8.61,-0.05,-0.23,-0.89,7.55,-0.05,-0.81
01/04/2026,12:41:51,0,0.00,0.00,0.00,0.00,0.00,0.00,0.00,0.00,-145.57,7.25,-0.05,-0.23,-0.90,6.73,0.50,-0.66
01/04/2026,12:41:52,48,0.00,0.00,0.00,0.00,0.00,0.00,0.00,0.00,-148.40,6.17,-0.05,-0.23,-0.90,6.50,0.38,0.06
01/04/2026,12:41:53,82,0.00,0.00,0.00,0.00,0.00,0.00,0.00,0.00,-150.09,5.51,-0.04,-0.23,-0.90,5.12,0.42,-0.81
01/04/2026,12:41:54,145,0.00,0.00,0.00,0.00,0.00,0.00,0.00,0.00,-151.07,5.17,-0.05,-0.23,-0.90,4.39,0.98,0.02
01/04/2026,12:41:55,148,0.00,0.00,0.00,0.00,0.00,0.00,0.00,0.00,-151.92,4.91,-0.04,-0.23,-0.90,3.33,1.64,-0.25
01/04/2026,12:41:56,205,0.00,0.00,0.00,0.00,0.00,0.00,0.00,0.00,-152.32,5.39,-0.04,-0.23,-0.91,7.27,-0.89,-0.62
01/04/2026,12:41:57,176,0.00,0.00,0.00,0.00,0.00,0.00,0.00,0.00,-152.52,5.07,-0.04,-0.23,-0.89,6.19,0.16,-0.47
01/04/2026,12:41:58,247,0.00,0.00,0.00,0.00,0.00,0.00,0.00,0.00,-153.37,4.60,-0.04,-0.23,-0.90,-3.78,2.06,-0.62
01/04/2026,12:41:59,224,0.00,0.00,0.00,0.00,0.00,0.00,0.00,0.00,-153.25,4.35,-0.04,-0.22,-0.90,3.84,0.72,-0.80
01/04/2026,12:42:00,229,0.00,0.00,0.00,0.00,0.00,0.00,0.00,0.00,-153.13,4.41,-0.04,-0.23,-0.90,5.16,0.47,-1.03
01/04/2026,12:42:01,198,0.00,0.00,0.00,0.00,0.00,0.00,0.00,0.00,-153.12,4.33,-0.04,-0.23,-0.90,5.39,0.56,-0.06
01/04/2026,12:42:02,226,0.00,0.00,0.00,0.00,0.00,0.00,0.00,0.00,-153.22,4.07,-0.04,-0.23,-0.90,5.58,0.95,-0.11
01/04/2026,12:42:03,256,0.00,0.00,0.00,0.00,0.00,0.00,0.00,0.00,-153.18,4.14,-0.04,-0.23,-0.90,4.92,-0.09,-0.48
01/04/2026,12:42:04,237,0.00,0.00,0.00,0.00,0.00,0.00,0.00,0.00,-153.21,4.11,-0.04,-0.23,-0.90,5.30,0.58,-0.77
01/04/2026,12:42:05,151,0.00,0.00,0.00,0.00,0.00,0.00,0.00,0.00,-153.21,4.06,-0.04,-0.23,-0.91,5.36,-0.08,-0.52
01/04/2026,12:42:06,84,0.00,0.00,0.00,0.00,0.00,0.00,0.00,0.00,-153.29,4.10,-0.04,-0.23,-0.90,4.05,1.12,-0.67
01/04/2026,12:42:07,48,0.00,0.00,0.00,0.00,0.00,0.00,0.00,0.00,-151.30,-2.54,-0.08,-0.24,-0.89,11.59,-2.53,-4.64
01/04/2026,12:42:08,0,0.00,0.00,0.00,0.00,0.00,0.00,0.00,0.00,-154.32,0.50,-0.05,-0.22,-0.90,5.41,0.16,-0.19
01/04/2026,12:42:09,0,0.00,0.00,0.00,0.00,0.00,0.00,0.00,0.00,-154.31,2.07,-0.05,-0.22,-0.90,3.59,1.12,-1.16
01/04/2026,12:42:10,0,0.00,0.00,0.00,0.00,0.00,0.00,0.00,0.00,-154.16,2.84,-0.05,-0.22,-0.90,5.66,-0.64,0.62
01/04/2026,12:42:11,0,0.00,0.00,0.00,0.00,0.00,0.00,0.00,0.00,-154.25,3.03,-0.05,-0.22,-0.90,3.05,0.61,-0.28
01/04/2026,12:42:12,0,0.00,0.00,0.00,0.00,0.00,0.00,0.00,0.00,-154.21,3.53,-0.05,-0.22,-0.90,5.25,1.39,-1.14
01/04/2026,12:42:13,0,0.00,0.00,0.00,0.00,0.00,0.00,0.00,0.00,-154.27,3.82,-0.05,-0.22,-0.90,5.77,0.05,-0.28
01/04/2026,12:42:14,0,0.00,0.00,0.00,0.00,0.00,0.00,0.00,0.00,-154.24,4.56,-0.05,-0.22,-0.90,8.47,1.77,-1.45
01/04/2026,12:42:15,0,0.00,0.00,0.00,0.00,0.00,0.00,0.00,0.00,-154.37,4.64,-0.04,-0.22,-0.90,5.02,0.80,-0.61
01/04/2026,12:42:17,0,0.00,0.00,0.00,0.00,0.00,0.00,0.00,0.00,-154.31,4.39,-0.05,-0.22,-0.90,5.23,0.38,-0.95
01/04/2026,12:42:18,0,0.00,0.00,0.00,0.00,0.00,0.00,0.00,0.00,-154.39,4.33,-0.05,-0.22,-0.90,4.59,0.83,-0.80
01/04/2026,12:42:19,0,0.00,0.00,0.00,0.00,0.00,0.00,0.00,0.00,-156.18,5.80,-0.03,-0.20,-0.90,6.36,0.88,-0.92
01/04/2026,12:42:20,0,0.00,0.00,0.00,0.00,0.00,0.00,0.00,0.00,-156.31,5.26,-0.05,-0.21,-0.92,5.84,-0.03,-2.36
01/04/2026,12:42:21,0,0.00,0.00,0.00,0.00,0.00,0.00,0.00,0.00,-162.70,-9.69,-0.19,-0.11,-0.92,26.03,19.47,5.19
01/04/2026,12:42:22,0,0.00,0.00,0.00,0.00,0.00,0.00,0.00,0.00,-159.34,5.00,-0.06,-0.16,-0.92,0.70,-0.38,0.64
01/04/2026,12:42:23,0,0.00,0.00,0.00,0.00,0.00,0.00,0.00,0.00,-158.49,5.12,-0.06,-0.16,-0.92,4.39,-0.22,0.16
01/04/2026,12:42:24,0,0.00,0.00,0.00,0.00,0.00,0.00,0.00,0.00,-157.43,5.28,-0.08,-0.14,-0.91,8.14,-2.56,-0.08
01/04/2026,12:42:25,0,0.00,0.00,0.00,0.00,0.00,0.00,0.00,0.00,-157.58,5.37,-0.06,-0.15,-0.92,4.62,-0.30,-1.00
01/04/2026,12:42:26,0,0.00,0.00,0.00,0.00,0.00,0.00,0.00,0.00,-158.03,7.40,-0.03,-0.15,-0.89,24.77,7.70,-1.42
01/04/2026,12:42:27,0,0.00,0.00,0.00,0.00,0.00,0.00,0.00,0.00,-158.06,6.26,-0.04,-0.14,-0.92,6.58,0.12,-1.55
01/04/2026,12:42:28,0,0.00,0.00,0.00,0.00,0.00,0.00,0.00,0.00,-158.45,5.96,-0.04,-0.14,-0.92,4.48,1.52,-0.92
01/04/2026,12:42:29,0,0.00,0.00,0.00,0.00,0.00,0.00,0.00,0.00,-158.53,5.66,-0.04,-0.14,-0.92,4.66,0.94,-0.75
01/04/2026,12:42:30,0,0.00,0.00,0.00,0.00,0.00,0.00,0.00,0.00,-158.42,5.24,-0.05,-0.14,-0.92,5.28,-0.94,0.73
01/04/2026,12:42:31,0,0.00,0.00,0.00,0.00,0.00,0.00,0.00,0.00,-157.72,5.07,-0.04,-0.13,-0.92,4.48,-1.05,2.12
01/04/2026,12:42:32,0,0.00,0.00,0.00,0.00,0.00,0.00,0.00,0.00,-157.93,4.85,-0.04,-0.14,-0.92,4.48,0.77,-0.73
01/04/2026,12:42:33,122,0.00,0.00,0.00,0.00,0.00,0.00,0.00,0.00,-157.85,4.73,-0.04,-0.14,-0.92,5.02,1.84,-0.80
01/04/2026,12:42:34,195,0.00,0.00,0.00,0.00,0.00,0.00,0.00,0.00,-157.81,4.75,-0.04,-0.14,-0.92,7.05,-0.27,-0.61
01/04/2026,12:42:35,315,0.00,0.00,0.00,0.00,0.00,0.00,0.00,0.00,-157.77,4.69,-0.04,-0.14,-0.92,4.44,0.59,-0.27
01/04/2026,12:42:36,290,0.00,0.00,0.00,0.00,0.00,0.00,0.00,0.00,-157.96,4.69,-0.04,-0.14,-0.92,5.20,0.55,-0.66
01/04/2026,12:42:37,378,0.00,0.00,0.00,0.00,0.00,0.00,0.00,0.00,-157.81,4.74,-0.04,-0.14,-0.92,4.94,1.48,-1.23
01/04/2026,12:42:38,487,0.00,0.00,0.00,0.00,0.00,0.00,0.00,0.00,-157.73,4.63,-0.04,-0.14,-0.92,5.50,0.27,-0.91
01/04/2026,12:42:39,418,0.00,0.00,0.00,0.00,0.00,0.00,0.00,0.00,-157.93,4.55,-0.04,-0.14,-0.92,4.72,-0.78,0.06
01/04/2026,12:42:40,363,0.00,0.00,0.00,0.00,0.00,0.00,0.00,0.00,-158.07,4.39,-0.04,-0.14,-0.92,4.62,1.36,-0.53
01/04/2026,12:42:41,301,0.00,0.00,0.00,0.00,0.00,0.00,0.00,0.00,-157.61,4.37,-0.04,-0.14,-0.92,5.27,1.09,-0.72
01/04/2026,12:42:42,182,0.00,0.00,0.00,0.00,0.00,0.00,0.00,0.00,-157.01,4.64,-0.04,-0.14,-0.92,4.67,1.03,-0.34
01/04/2026,12:42:43,21,0.00,0.00,0.00,0.00,0.00,0.00,0.00,0.00,-140.06,6.27,-0.03,-0.19,-0.89,9.50,1.33,-1.03
01/04/2026,12:51:10,276,0.00,0.00,0.00,0.00,0.00,0.00,0.00,0.00,-133.48,13.89,-0.17,-0.51,-0.72,3.80,1.52,-1.33
01/04/2026,12:51:10,321,0.00,0.00,0.00,0.00,0.00,0.00,0.00,0.00,-133.47,13.74,-0.17,-0.51,-0.73,6.27,0.47,-0.08
01/04/2026,12:51:10,331,0.00,0.00,0.00,0.00,0.00,0.00,0.00,0.00,-133.44,13.61,-0.17,-0.51,-0.72,4.67,1.50,-0.80
01/04/2026,12:51:10,370,0.00,0.00,0.00,0.00,0.00,0.00,0.00,0.00,-133.47,13.41,-0.17,-0.51,-0.73,6.36,0.59,-0.39
01/04/2026,12:51:10,365,0.00,0.00,0.00,0.00,0.00,0.00,0.00,0.00,-133.29,13.58,-0.17,-0.51,-0.72,10.30,1.25,-0.22
01/04/2026,12:51:15,336,0.00,0.00,0.00,0.00,0.00,0.00,0.00,0.00,-133.28,13.74,-0.17,-0.50,-0.72,-9.75,4.62,-0.98
01/04/2026,12:51:15,277,0.00,0.00,0.00,0.00,0.00,0.00,0.00,0.00,-133.22,13.62,-0.17,-0.52,-0.73,0.14,2.61,-0.23
01/04/2026,12:51:15,189,0.00,0.00,0.00,0.00,0.00,0.00,0.00,0.00,-133.19,13.50,-0.16,-0.51,-0.73,2.83,1.39,-0.19
01/04/2026,12:51:15,48,0.00,0.00,0.00,0.00,0.00,0.00,0.00,0.00,-133.14,13.43,-0.17,-0.51,-0.73,3.80,1.03,-0.45
01/04/2026,12:51:15,0,0.00,0.00,0.00,0.00,0.00,0.00,0.00,0.00,-133.16,13.55,-0.17,-0.51,-0.72,2.84,1.75,-0.19
01/04/2026,12:51:20,0,0.00,0.00,0.00,0.00,0.00,0.00,0.00,0.00,-133.04,13.51,-0.17,-0.51,-0.72,7.73,0.77,-0.22
01/04/2026,12:51:20,0,0.00,0.00,0.00,0.00,0.00,0.00,0.00,0.00,-133.12,13.44,-0.17,-0.51,-0.72,5.88,1.61,-0.44
01/04/2026,12:51:20,0,0.00,0.00,0.00,0.00,0.00,0.00,0.00,0.00,-133.03,13.45,-0.17,-0.51,-0.72,7.80,0.50,-0.09
01/04/2026,12:51:20,0,0.00,0.00,0.00,0.00,0.00,0.00,0.00,0.00,-133.13,13.37,-0.17,-0.52,-0.72,0.75,1.81,0.11
01/04/2026,12:51:20,0,0.00,0.00,0.00,0.00,0.00,0.00,0.00,0.00,-133.08,13.34,-0.17,-0.52,-0.72,2.75,1.25,-0.30
01/04/2026,12:51:25,0,0.00,0.00,0.00,0.00,0.00,0.00,0.00,0.00,-132.94,13.28,-0.17,-0.52,-0.71,7.78,0.48,-0.62
01/04/2026,12:51:25,0,0.00,0.00,0.00,0.00,0.00,0.00,0.00,0.00,-132.57,13.62,-0.16,-0.52,-0.72,9.73,3.05,-1.88
01/04/2026,12:51:25,0,0.00,0.00,0.00,0.00,0.00,0.00,0.00,0.00,-132.24,13.57,-0.16,-0.52,-0.72,1.02,1.89,-0.69
01/04/2026,12:51:25,0,0.00,0.00,0.00,0.00,0.00,0.00,0.00,0.00,-124.54,8.03,-0.08,-0.48,-0.76,-7.30,-26.53,-20.55
01/04/2026,12:51:25,0,0.00,0.00,0.00,0.00,0.00,0.00,0.00,0.00,-103.99,-7.91,0.02,-0.73,-0.50,54.02,-0.09,14.73
01/04/2026,12:51:30,0,0.00,0.00,0.00,0.00,0.00,0.00,0.00,0.00,-154.93,-64.47,-0.29,0.01,-0.95,-166.23,28.91,-38.36
01/04/2026,12:51:30,0,0.00,0.00,0.00,0.00,0.00,0.00,0.00,0.00,-83.71,-57.24,-0.52,-0.03,-0.90,-16.91,-14.95,-13.41
01/04/2026,12:51:30,0,0.00,0.00,0.00,0.00,0.00,0.00,0.00,0.00,-96.65,-29.88,-0.57,-0.10,-0.73,8.41,-0.81,-6.16
01/04/2026,12:51:30,0,0.00,0.00,0.00,0.00,0.00,0.00,0.00,0.00,-119.54,-10.08,-0.59,-0.08,-0.72,11.03,-9.56,-8.39
01/04/2026,12:51:30,0,0.00,0.00,0.00,0.00,0.00,0.00,0.00,0.00,-137.88,7.84,-0.54,-0.06,-0.73,5.83,0.77,-0.94
01/04/2026,12:51:35,0,0.00,0.00,0.00,0.00,0.00,0.00,0.00,0.00,-144.01,18.33,-0.57,-0.13,-0.71,-0.48,0.58,-1.47
01/04/2026,12:51:35,0,0.00,0.00,0.00,0.00,0.00,0.00,0.00,0.00,-148.19,25.07,-0.55,-0.14,-0.73,4.00,1.06,-4.61
01/04/2026,12:51:35,0,0.00,0.00,0.00,0.00,0.00,0.00,0.00,0.00,-149.59,30.39,-0.55,-0.17,-0.72,11.20,5.91,-3.91
01/04/2026,12:51:35,0,0.00,0.00,0.00,0.00,0.00,0.00,0.00,0.00,-100.93,18.39,-0.55,-0.44,-0.53,405.45,-65.06,3.39
01/04/2026,12:51:35,0,0.00,0.00,0.00,0.00,0.00,0.00,0.00,0.00,-26.73,25.36,-0.70,-0.58,0.14,-51.47,18.31,-22.64
01/04/2026,12:51:40,0,0.00,0.00,0.00,0.00,0.00,0.00,0.00,0.00,-159.52,42.08,-0.54,-0.27,-0.67,-20.11,9.94,-4.73
01/04/2026,12:51:40,0,0.00,0.00,0.00,0.00,0.00,0.00,0.00,0.00,-157.17,41.87,-0.53,-0.29,-0.73,2.55,0.53,-6.31
01/04/2026,12:51:40,0,0.00,0.00,0.00,0.00,0.00,0.00,0.00,0.00,-160.88,63.27,-0.36,-0.17,-0.96,67.69,37.14,6.77
01/04/2026,12:51:40,0,0.00,0.00,0.00,0.00,0.00,0.00,0.00,0.00,-164.47,53.01,-0.35,-0.19,-0.83,4.89,1.28,-0.75
01/04/2026,12:51:40,0,0.00,0.00,0.00,0.00,0.00,0.00,0.00,0.00,-162.70,42.33,-0.36,-0.17,-0.83,11.08,-4.89,-4.64
01/04/2026,12:51:45,0,0.00,0.00,0.00,0.00,0.00,0.00,0.00,0.00,-162.73,36.36,-0.36,-0.18,-0.84,3.16,1.45,-2.83
01/04/2026,12:51:45,0,0.00,0.00,0.00,0.00,0.00,0.00,0.00,0.00,-162.74,32.50,-0.36,-0.15,-0.84,5.08,2.05,-7.81
01/04/2026,12:51:45,0,0.00,0.00,0.00,0.00,0.00,0.00,0.00,0.00,-162.79,30.09,-0.35,-0.15,-0.84,1.66,-0.55,4.42
01/04/2026,12:51:45,0,0.00,0.00,0.00,0.00,0.00,0.00,0.00,0.00,-162.90,27.37,-0.37,-0.16,-0.85,1.77,-2.69,2.02
01/04/2026,12:51:45,21,0.00,0.00,0.00,0.00,0.00,0.00,0.00,0.00,-163.65,26.90,-0.37,-0.13,-0.83,-0.81,-2.55,-2.67
01/04/2026,12:51:50,119,0.00,0.00,0.00,0.00,0.00,0.00,0.00,0.00,-162.91,26.36,-0.37,-0.14,-0.83,4.70,2.23,-0.56
01/04/2026,12:51:50,197,0.00,0.00,0.00,0.00,0.00,0.00,0.00,0.00,-162.84,26.72,-0.36,-0.14,-0.83,0.47,-0.94,-0.22
01/04/2026,12:51:50,270,0.00,0.00,0.00,0.00,0.00,0.00,0.00,0.00,-162.45,26.50,-0.38,-0.16,-0.83,1.81,-2.72,0.27
01/04/2026,12:51:50,348,0.00,0.00,0.00,0.00,0.00,0.00,0.00,0.00,-162.16,26.67,-0.37,-0.15,-0.83,5.80,1.55,-2.83
01/04/2026,12:51:50,386,0.00,0.00,0.00,0.00,0.00,0.00,0.00,0.00,-161.74,26.58,-0.37,-0.15,-0.85,4.14,0.56,1.23
01/04/2026,12:51:55,275,0.00,0.00,0.00,0.00,0.00,0.00,0.00,0.00,-161.70,26.22,-0.38,-0.18,-0.83,1.94,-1.97,1.69
01/04/2026,12:51:55,168,0.00,0.00,0.00,0.00,0.00,0.00,0.00,0.00,-161.36,26.32,-0.35,-0.15,-0.86,4.66,2.75,-1.28
01/04/2026,12:51:55,19,0.00,0.00,0.00,0.00,0.00,0.00,0.00,0.00,-161.06,25.90,-0.38,-0.17,-0.84,0.34,4.22,-0.33
01/04/2026,12:51:55,0,0.00,0.00,0.00,0.00,0.00,0.00,0.00,0.00,-161.78,26.05,-0.37,-0.16,-0.84,-0.56,-1.02,-0.03
01/04/2026,12:51:55,0,0.00,0.00,0.00,0.00,0.00,0.00,0.00,0.00,-161.55,25.98,-0.37,-0.15,-0.84,5.17,1.25,-0.20
01/04/2026,12:52:00,0,0.00,0.00,0.00,0.00,0.00,0.00,0.00,0.00,-161.28,26.06,-0.35,-0.13,-0.86,9.28,3.75,-3.39
01/04/2026,12:52:00,0,0.00,0.00,0.00,0.00,0.00,0.00,0.00,0.00,-98.38,44.91,-0.17,-0.26,-0.58,259.44,115.08,12.75
01/04/2026,12:52:00,0,0.00,0.00,0.00,0.00,0.00,0.00,0.00,0.00,-129.88,94.42,-0.01,-0.32,-0.86,-98.25,11.97,-1.19
01/04/2026,12:52:00,0,0.00,0.00,0.00,0.00,0.00,0.00,0.00,0.00,-136.09,63.47,-0.01,-0.29,-0.88,1.03,2.27,-0.56
01/04/2026,12:52:00,0,0.00,0.00,0.00,0.00,0.00,0.00,0.00,0.00,-140.98,43.32,-0.01,-0.29,-0.88,7.28,1.28,-0.56
01/04/2026,12:52:05,0,0.00,0.00,0.00,0.00,0.00,0.00,0.00,0.00,-143.61,30.11,-0.00,-0.29,-0.88,10.09,2.08,0.12
01/04/2026,12:52:05,0,0.00,0.00,0.00,0.00,0.00,0.00,0.00,0.00,-145.79,21.14,-0.01,-0.29,-0.88,6.39,0.42,0.19
01/04/2026,12:52:05,0,0.00,0.00,0.00,0.00,0.00,0.00,0.00,0.00,-147.47,15.39,-0.00,-0.29,-0.88,5.92,1.77,-0.81
01/04/2026,12:52:05,0,0.00,0.00,0.00,0.00,0.00,0.00,0.00,0.00,-148.90,11.33,-0.01,-0.29,-0.86,2.06,2.62,-1.41
01/04/2026,12:52:05,0,0.00,0.00,0.00,0.00,0.00,0.00,0.00,0.00,-141.04,12.02,0.03,-0.36,-0.86,-14.56,6.44,-4.61
01/04/2026,12:52:10,0,0.00,0.00,0.00,0.00,0.00,0.00,0.00,0.00,-141.59,8.92,0.02,-0.36,-0.84,3.95,2.02,-0.69
01/04/2026,12:52:10,0,0.00,0.00,0.00,0.00,0.00,0.00,0.00,0.00,-142.27,6.62,0.02,-0.38,-0.84,3.31,0.81,-0.27
01/04/2026,12:52:10,0,0.00,0.00,0.00,0.00,0.00,0.00,0.00,0.00,-142.78,4.99,0.02,-0.37,-0.83,0.05,1.06,-0.56
01/04/2026,12:52:10,0,0.00,0.00,0.00,0.00,0.00,0.00,0.00,0.00,-143.02,3.94,0.01,-0.38,-0.84,2.83,1.36,-1.08
01/04/2026,12:52:15,0,0.00,0.00,0.00,0.00,0.00,0.00,0.00,0.00,-143.15,3.40,0.02,-0.38,-0.83,5.12,1.55,-0.23
01/04/2026,12:52:15,0,0.00,0.00,0.00,0.00,0.00,0.00,0.00,0.00,-143.47,3.00,0.02,-0.37,-0.83,0.50,2.08,-1.34
01/04/2026,12:52:15,0,0.00,0.00,0.00,0.00,0.00,0.00,0.00,0.00,-143.64,2.65,0.02,-0.38,-0.83,-5.61,1.70,-0.81
01/04/2026,12:52:15,0,0.00,0.00,0.00,0.00,0.00,0.00,0.00,0.00,-143.74,2.28,0.02,-0.38,-0.83,1.69,1.61,-0.69
01/04/2026,12:52:15,0,0.00,0.00,0.00,0.00,0.00,0.00,0.00,0.00,-143.76,2.12,0.02,-0.39,-0.83,1.55,0.45,-0.69
01/04/2026,12:52:20,0,0.00,0.00,0.00,0.00,0.00,0.00,0.00,0.00,-144.10,2.11,0.02,-0.38,-0.84,-8.50,4.28,-3.23
01/04/2026,12:52:20,0,0.00,0.00,0.00,0.00,0.00,0.00,0.00,0.00,-144.00,2.11,0.02,-0.38,-0.85,-5.36,3.31,-2.11
01/04/2026,12:52:20,0,0.00,0.00,0.00,0.00,0.00,0.00,0.00,0.00,-143.45,1.88,0.03,-0.37,-0.82,11.23,3.25,-1.86
01/04/2026,12:52:20,0,0.00,0.00,0.00,0.00,0.00,0.00,0.00,0.00,-143.50,1.93,0.02,-0.38,-0.84,0.42,1.91,-1.08
01/04/2026,12:52:20,0,0.00,0.00,0.00,0.00,0.00,0.00,0.00,0.00,-143.93,1.87,0.02,-0.39,-0.85,-7.19,2.56,-2.80
01/04/2026,12:52:25,0,0.00,0.00,0.00,0.00,0.00,0.00,0.00,0.00,-143.49,1.77,0.02,-0.38,-0.83,4.05,1.69,-0.41
01/04/2026,12:52:25,0,0.00,0.00,0.00,0.00,0.00,0.00,0.00,0.00,-143.68,1.87,0.01,-0.40,-0.83,-6.28,0.53,-0.58
01/04/2026,12:52:25,0,0.00,0.00,0.00,0.00,0.00,0.00,0.00,0.00,-144.51,0.98,0.01,-0.37,-0.84,10.19,1.02,-0.30
01/04/2026,12:52:25,0,0.00,0.00,0.00,0.00,0.00,0.00,0.00,0.00,-145.33,1.13,0.01,-0.37,-0.83,-1.84,1.47,-1.09
01/04/2026,12:52:25,0,0.00,0.00,0.00,0.00,0.00,0.00,0.00,0.00,-145.79,1.40,0.01,-0.36,-0.85,-5.36,1.06,0.45
01/04/2026,12:52:30,0,0.00,0.00,0.00,0.00,0.00,0.00,0.00,0.00,-144.78,1.79,0.01,-0.37,-0.84,2.31,1.86,-0.92
01/04/2026,12:52:30,127,0.00,0.00,0.00,0.00,0.00,0.00,0.00,0.00,-146.72,1.59,0.01,-0.35,-0.85,2.31,1.75,-0.62
01/04/2026,12:52:30,401,0.00,0.00,0.00,0.00,0.00,0.00,0.00,0.00,-146.02,2.04,0.01,-0.35,-0.84,9.53,0.95,-0.22
01/04/2026,12:52:30,618,0.00,0.00,0.00,0.00,0.00,0.00,0.00,0.00,-145.90,1.74,0.01,-0.35,-0.85,-4.62,1.97,-0.53
01/04/2026,12:52:30,644,0.00,0.00,0.00,0.00,0.00,0.00,0.00,0.00,-146.39,1.71,0.01,-0.35,-0.85,-3.31,1.73,-0.70
01/04/2026,12:52:35,425,0.00,0.00,0.00,0.00,0.00,0.00,0.00,0.00,-145.95,1.97,0.01,-0.35,-0.86,0.03,1.67,-0.22
01/04/2026,12:52:35,43,0.00,0.00,0.00,0.00,0.00,0.00,0.00,0.00,-144.96,2.25,0.01,-0.35,-0.86,6.05,0.98,-0.45
01/04/2026,12:52:35,0,0.00,0.00,0.00,0.00,0.00,0.00,0.00,0.00,-145.23,2.25,0.01,-0.35,-0.84,3.47,1.34,-0.44
01/04/2026,12:52:35,0,0.00,0.00,0.00,0.00,0.00,0.00,0.00,0.00,-145.30,2.08,0.01,-0.35,-0.84,10.20,1.28,-0.80
01/04/2026,12:52:35,0,0.00,0.00,0.00,0.00,0.00,0.00,0.00,0.00,-145.63,2.08,0.01,-0.35,-0.85,0.06,0.84,-0.91
01/04/2026,12:52:40,0,0.00,0.00,0.00,0.00,0.00,0.00,0.00,0.00,-145.54,2.11,0.01,-0.35,-0.85,6.25,1.09,-0.94
01/04/2026,12:52:40,0,0.00,0.00,0.00,0.00,0.00,0.00,0.00,0.00,-145.61,2.10,0.01,-0.35,-0.84,6.12,0.98,-0.45
01/04/2026,12:52:40,0,0.00,0.00,0.00,0.00,0.00,0.00,0.00,0.00,-145.67,2.11,0.01,-0.35,-0.85,5.11,1.22,-0.70
01/04/2026,12:52:40,0,0.00,0.00,0.00,0.00,0.00,0.00,0.00,0.00,-145.78,2.00,0.01,-0.35,-0.85,3.41,1.56,-0.61
01/04/2026,12:52:40,0,0.00,0.00,0.00,0.00,0.00,0.00,0.00,0.00,-145.67,2.01,0.01,-0.35,-0.85,3.70,0.64,-0.61
01/04/2026,12:52:45,0,0.00,0.00,0.00,0.00,0.00,0.00,0.00,0.00,-145.60,2.06,0.01,-0.35,-0.84,0.81,0.73,-1.17
01/04/2026,12:52:45,0,0.00,0.00,0.00,0.00,0.00,0.00,0.00,0.00,-145.62,2.07,0.01,-0.35,-0.84,4.12,1.86,-0.55
01/04/2026,12:52:45,0,0.00,0.00,0.00,0.00,0.00,0.00,0.00,0.00,-145.33,2.06,0.02,-0.35,-0.85,8.53,0.78,0.05
01/04/2026,12:52:45,0,0.00,0.00,0.00,0.00,0.00,0.00,0.00,0.00,-145.56,1.97,0.01,-0.35,-0.84,4.97,1.25,0.08
01/04/2026,12:52:45,0,0.00,0.00,0.00,0.00,0.00,0.00,0.00,0.00,-145.32,1.94,0.02,-0.35,-0.85,10.56,1.34,0.31
01/04/2026,12:52:50,0,0.00,0.00,0.00,0.00,0.00,0.00,0.00,0.00,-145.28,2.03,0.02,-0.35,-0.84,9.70,0.36,-0.27
01/04/2026,12:52:50,0,0.00,0.00,0.00,0.00,0.00,0.00,0.00,0.00,-145.55,1.97,0.01,-0.35,-0.86,4.64,1.66,-1.12
01/04/2026,12:52:50,0,0.00,0.00,0.00,0.00,0.00,0.00,0.00,0.00,-145.70,2.01,0.01,-0.35,-0.85,2.28,0.52,-1.17
01/04/2026,12:52:50,0,0.00,0.00,0.00,0.00,0.00,0.00,0.00,0.00,-145.40,2.01,0.02,-0.35,-0.85,10.75,0.94,-0.42
01/04/2026,12:52:50,0,0.00,0.00,0.00,0.00,0.00,0.00,0.00,0.00,-145.29,1.91,0.02,-0.35,-0.84,13.08,0.25,0.27
01/04/2026,12:52:55,223,0.00,0.00,0.00,0.00,0.00,0.00,0.00,0.00,-145.49,1.92,0.02,-0.36,-0.84,6.66,0.75,-0.75
01/04/2026,12:52:55,187,0.00,0.00,0.00,0.00,0.00,0.00,0.00,0.00,-145.40,1.73,0.01,-0.36,-0.84,7.89,0.47,0.27
01/04/2026,12:52:55,656,0.00,0.00,0.00,0.00,0.00,0.00,0.00,0.00,-145.53,1.44,0.01,-0.36,-0.84,-2.98,1.84,-0.95
01/04/2026,12:52:55,880,0.00,0.00,0.00,0.00,0.00,0.00,0.00,0.00,-145.46,1.72,0.01,-0.36,-0.85,0.75,1.33,-0.38
01/04/2026,12:52:55,1103,0.00,0.00,0.00,0.00,0.00,0.00,0.00,0.00,-145.17,1.87,0.01,-0.36,-0.84,8.61,0.70,-0.31
01/04/2026,12:53:00,1248,0.00,0.00,0.00,0.00,0.00,0.00,0.00,0.00,-145.31,1.97,0.01,-0.36,-0.84,3.94,1.12,-0.89
01/04/2026,12:53:00,1340,0.00,0.00,0.00,0.00,0.00,0.00,0.00,0.00,-145.38,2.10,0.01,-0.36,-0.85,4.84,0.86,-0.61
01/04/2026,12:53:00,1387,0.00,0.00,0.00,0.00,0.00,0.00,0.00,0.00,-145.19,2.13,0.01,-0.35,-0.85,5.41,0.73,-0.42
01/04/2026,12:53:00,1005,0.00,0.00,0.00,0.00,0.00,0.00,0.00,0.00,-145.38,2.19,0.01,-0.36,-0.85,5.14,0.80,-0.56
01/04/2026,12:53:00,592,0.00,0.00,0.00,0.00,0.00,0.00,0.00,0.00,-145.31,2.21,0.01,-0.36,-0.84,6.28,1.88,-0.22
01/04/2026,12:53:05,70,0.00,0.00,0.00,0.00,0.00,0.00,0.00,0.00,-145.23,2.16,0.01,-0.35,-0.85,8.31,1.47,-0.23
01/04/2026,12:53:05,5,0.00,0.00,0.00,0.00,0.00,0.00,0.00,0.00,-145.24,2.20,0.01,-0.35,-0.85,7.08,1.23,-1.02
01/04/2026,12:53:05,0,0.00,0.00,0.00,0.00,0.00,0.00,0.00,0.00,-145.53,2.08,0.01,-0.35,-0.85,4.86,0.77,-0.16
01/04/2026,12:53:05,0,0.00,0.00,0.00,0.00,0.00,0.00,0.00,0.00,-145.58,2.15,0.01,-0.35,-0.85,5.58,2.38,-0.61
01/04/2026,12:53:05,0,0.00,0.00,0.00,0.00,0.00,0.00,0.00,0.00,-145.17,2.17,0.01,-0.36,-0.83,16.45,0.11,0.25
01/04/2026,12:53:10,0,0.00,0.00,0.00,0.00,0.00,0.00,0.00,0.00,-145.99,2.05,0.01,-0.36,-0.84,7.08,1.42,-1.53
01/04/2026,12:53:10,0,0.00,0.00,0.00,0.00,0.00,0.00,0.00,0.00,-146.45,2.12,0.01,-0.35,-0.85,-2.77,2.75,-0.62
01/04/2026,12:53:10,0,0.00,0.00,0.00,0.00,0.00,0.00,0.00,0.00,-145.82,2.20,0.01,-0.35,-0.84,7.45,1.66,-0.83
01/04/2026,12:53:10,0,0.00,0.00,0.00,0.00,0.00,0.00,0.00,0.00,-145.84,2.17,0.01,-0.35,-0.85,6.41,1.78,-0.45
01/04/2026,12:53:10,0,0.00,0.00,0.00,0.00,0.00,0.00,0.00,0.00,-145.65,2.29,0.01,-0.35,-0.84,2.77,0.84,-0.66
01/04/2026,12:53:15,0,0.00,0.00,0.00,0.00,0.00,0.00,0.00,0.00,-145.72,2.30,0.01,-0.35,-0.84,4.00,1.38,-1.14
01/04/2026,12:53:15,0,0.00,0.00,0.00,0.00,0.00,0.00,0.00,0.00,-145.43,2.40,0.01,-0.35,-0.84,-2.12,1.19,-0.30
01/04/2026,12:53:15,0,0.00,0.00,0.00,0.00,0.00,0.00,0.00,0.00,-145.32,2.44,0.01,-0.36,-0.84,2.58,3.30,-0.97
01/04/2026,12:53:15,0,0.00,0.00,0.00,0.00,0.00,0.00,0.00,0.00,-145.70,2.68,-0.01,-0.35,-0.83,9.23,1.05,-0.38
01/04/2026,12:53:15,0,0.00,0.00,0.00,0.00,0.00,0.00,0.00,0.00,-149.13,2.19,0.01,-0.35,-0.84,57.94,-0.95,6.83
01/04/2026,12:53:20,0,0.00,0.00,0.00,0.00,0.00,0.00,0.00,0.00,-145.00,3.55,0.02,-0.38,-0.83,10.30,3.45,-1.88
01/04/2026,12:53:20,0,0.00,0.00,0.00,0.00,0.00,0.00,0.00,0.00,-144.77,3.36,0.03,-0.38,-0.83,-7.28,5.75,-5.62
01/04/2026,12:53:20,0,0.00,0.00,0.00,0.00,0.00,0.00,0.00,0.00,-144.44,2.47,0.02,-0.38,-0.84,-3.98,0.81,-0.55
01/04/2026,12:53:20,0,0.00,0.00,0.00,0.00,0.00,0.00,0.00,0.00,-144.02,2.06,0.03,-0.38,-0.84,3.36,0.91,-0.61
01/04/2026,12:53:20,0,0.00,0.00,0.00,0.00,0.00,0.00,0.00,0.00,-143.94,1.79,0.02,-0.38,-0.83,4.03,0.97,-0.72
01/04/2026,12:53:25,0,0.00,0.00,0.00,0.00,0.00,0.00,0.00,0.00,-143.73,1.61,0.02,-0.38,-0.83,5.03,0.98,-0.80
01/04/2026,12:53:25,0,0.00,0.00,0.00,0.00,0.00,0.00,0.00,0.00,-143.57,1.51,0.03,-0.38,-0.83,5.38,1.17,-1.06
01/04/2026,12:53:25,0,0.00,0.00,0.00,0.00,0.00,0.00,0.00,0.00,-143.36,1.44,0.03,-0.38,-0.83,4.91,0.95,-0.75
01/04/2026,12:53:25,0,0.00,0.00,0.00,0.00,0.00,0.00,0.00,0.00,-143.43,1.39,0.03,-0.38,-0.83,4.09,1.47,-0.16
01/04/2026,12:53:25,0,0.00,0.00,0.00,0.00,0.00,0.00,0.00,0.00,-143.40,1.51,0.02,-0.38,-0.82,3.78,0.77,-0.17
01/04/2026,12:53:30,0,0.00,0.00,0.00,0.00,0.00,0.00,0.00,0.00,-143.22,1.35,0.03,-0.39,-0.83,11.92,0.28,-0.48
01/04/2026,12:53:30,0,0.00,0.00,0.00,0.00,0.00,0.00,0.00,0.00,-143.41,1.18,0.03,-0.38,-0.83,5.06,0.22,-0.16
01/04/2026,12:53:30,0,0.00,0.00,0.00,0.00,0.00,0.00,0.00,0.00,-143.43,1.48,0.02,-0.38,-0.84,3.02,1.31,-0.52
01/04/2026,12:53:30,0,0.00,0.00,0.00,0.00,0.00,0.00,0.00,0.00,-143.32,1.23,0.02,-0.38,-0.84,-0.97,1.97,-1.41
01/04/2026,12:53:30,0,0.00,0.00,0.00,0.00,0.00,0.00,0.00,0.00,-143.44,1.35,0.03,-0.38,-0.85,5.23,1.09,-0.14
01/04/2026,12:53:35,0,0.00,0.00,0.00,0.00,0.00,0.00,0.00,0.00,-143.36,1.37,0.03,-0.39,-0.83,5.89,0.94,-0.28
01/04/2026,12:53:35,0,0.00,0.00,0.00,0.00,0.00,0.00,0.00,0.00,-143.34,1.24,0.03,-0.39,-0.83,5.34,0.94,-0.52
01/04/2026,12:53:35,0,0.00,0.00,0.00,0.00,0.00,0.00,0.00,0.00,-143.26,1.17,0.02,-0.38,-0.83,4.89,1.66,-0.62
01/04/2026,12:53:35,0,0.00,0.00,0.00,0.00,0.00,0.00,0.00,0.00,-142.93,1.19,0.02,-0.39,-0.83,16.17,0.92,0.72
01/04/2026,12:53:35,0,0.00,0.00,0.00,0.00,0.00,0.00,0.00,0.00,-143.11,1.20,0.02,-0.38,-0.83,6.11,0.81,-0.42
01/04/2026,12:53:40,0,0.00,0.00,0.00,0.00,0.00,0.00,0.00,0.00,-143.18,1.15,0.02,-0.39,-0.83,5.22,0.59,-0.92
01/04/2026,12:53:40,0,0.00,0.00,0.00,0.00,0.00,0.00,0.00,0.00,-143.17,1.19,0.03,-0.39,-0.83,4.69,0.53,-0.67
01/04/2026,12:53:40,0,0.00,0.00,0.00,0.00,0.00,0.00,0.00,0.00,-143.22,1.32,0.02,-0.39,-0.83,4.72,1.52,-1.08
01/04/2026,12:53:40,0,0.00,0.00,0.00,0.00,0.00,0.00,0.00,0.00,-143.25,1.27,0.02,-0.38,-0.83,4.73,1.09,-0.20
01/04/2026,12:53:40,0,0.00,0.00,0.00,0.00,0.00,0.00,0.00,0.00,-143.21,1.06,0.02,-0.39,-0.83,4.23,0.78,-0.78
01/04/2026,12:53:45,0,0.00,0.00,0.00,0.00,0.00,0.00,0.00,0.00,-143.22,1.25,0.02,-0.38,-0.83,6.39,1.41,0.05
01/04/2026,12:53:45,0,0.00,0.00,0.00,0.00,0.00,0.00,0.00,0.00,-143.21,1.20,0.03,-0.39,-0.83,7.73,0.73,-0.72
01/04/2026,12:53:45,0,0.00,0.00,0.00,0.00,0.00,0.00,0.00,0.00,-143.07,1.45,0.03,-0.39,-0.84,0.27,0.78,-0.55
01/04/2026,12:53:45,0,0.00,0.00,0.00,0.00,0.00,0.00,0.00,0.00,-143.04,1.36,0.03,-0.39,-0.83,1.52,2.50,-1.67
01/04/2026,12:53:45,0,0.00,0.00,0.00,0.00,0.00,0.00,0.00,0.00,-142.99,1.40,0.03,-0.39,-0.83,4.44,1.52,-0.59
01/04/2026,12:53:50,0,0.00,0.00,0.00,0.00,0.00,0.00,0.00,0.00,-143.08,1.25,0.02,-0.38,-0.82,9.84,0.33,-0.39
01/04/2026,12:53:50,0,0.00,0.00,0.00,0.00,0.00,0.00,0.00,0.00,-143.07,1.18,0.03,-0.39,-0.83,6.17,1.12,-0.27
01/04/2026,12:53:50,0,0.00,0.00,0.00,0.00,0.00,0.00,0.00,0.00,-143.05,1.13,0.03,-0.39,-0.83,5.84,0.84,-1.05
01/04/2026,12:53:50,0,0.00,0.00,0.00,0.00,0.00,0.00,0.00,0.00,-142.99,1.02,0.03,-0.39,-0.82,4.73,1.00,-0.72
01/04/2026,12:53:50,33,0.00,0.00,0.00,0.00,0.00,0.00,0.00,0.00,-143.01,1.02,0.02,-0.39,-0.83,4.52,1.06,-0.44
01/04/2026,12:53:55,144,0.00,0.00,0.00,0.00,0.00,0.00,0.00,0.00,-143.00,1.14,0.03,-0.39,-0.83,3.84,1.56,-0.75
01/04/2026,12:53:55,187,0.00,0.00,0.00,0.00,0.00,0.00,0.00,0.00,-143.07,1.13,0.02,-0.39,-0.83,3.33,1.16,-0.14
01/04/2026,12:53:55,279,0.00,0.00,0.00,0.00,0.00,0.00,0.00,0.00,-142.92,1.23,0.02,-0.39,-0.83,5.61,1.59,-0.56
01/04/2026,12:53:55,304,0.00,0.00,0.00,0.00,0.00,0.00,0.00,0.00,-142.98,1.24,0.02,-0.39,-0.83,4.27,0.73,-0.45
01/04/2026,12:53:55,282,0.00,0.00,0.00,0.00,0.00,0.00,0.00,0.00,-142.94,1.22,0.02,-0.39,-0.83,6.28,1.00,-0.78
01/04/2026,12:54:00,283,0.00,0.00,0.00,0.00,0.00,0.00,0.00,0.00,-143.03,1.18,0.03,-0.38,-0.83,4.34,1.67,-1.39
01/04/2026,12:54:00,219,0.00,0.00,0.00,0.00,0.00,0.00,0.00,0.00,-142.92,1.20,0.03,-0.39,-0.83,4.69,0.91,-0.27
01/04/2026,12:54:00,240,0.00,0.00,0.00,0.00,0.00,0.00,0.00,0.00,-142.97,1.15,0.02,-0.39,-0.83,5.31,1.05,-0.55
01/04/2026,12:54:00,242,0.00,0.00,0.00,0.00,0.00,0.00,0.00,0.00,-143.05,1.08,0.03,-0.39,-0.83,5.44,1.11,-1.14
01/04/2026,12:54:00,225,0.00,0.00,0.00,0.00,0.00,0.00,0.00,0.00,-143.01,1.05,0.02,-0.39,-0.83,5.23,1.31,-0.89
01/04/2026,12:54:05,227,0.00,0.00,0.00,0.00,0.00,0.00,0.00,0.00,-143.04,1.08,0.02,-0.39,-0.83,4.20,2.03,-0.64
01/04/2026,12:54:05,213,0.00,0.00,0.00,0.00,0.00,0.00,0.00,0.00,-143.03,1.17,0.03,-0.39,-0.83,4.81,1.09,-0.42
01/04/2026,12:54:05,221,0.00,0.00,0.00,0.00,0.00,0.00,0.00,0.00,-142.92,1.12,0.02,-0.39,-0.83,4.50,1.50,-0.70
01/04/2026,12:54:05,227,0.00,0.00,0.00,0.00,0.00,0.00,0.00,0.00,-142.87,1.08,0.03,-0.39,-0.83,4.69,0.91,-0.19
01/04/2026,12:54:05,240,0.00,0.00,0.00,0.00,0.00,0.00,0.00,0.00,-142.85,0.97,0.03,-0.39,-0.82,5.73,0.45,-0.50
01/04/2026,12:54:10,215,0.00,0.00,0.00,0.00,0.00,0.00,0.00,0.00,-142.88,1.08,0.02,-0.39,-0.83,5.05,1.36,-1.00
01/04/2026,12:54:10,256,0.00,0.00,0.00,0.00,0.00,0.00,0.00,0.00,-142.98,1.09,0.02,-0.39,-0.83,4.94,0.94,-0.36
01/04/2026,12:54:10,270,0.00,0.00,0.00,0.00,0.00,0.00,0.00,0.00,-142.97,1.12,0.03,-0.39,-0.83,4.58,1.38,-0.30
01/04/2026,12:54:10,290,0.00,0.00,0.00,0.00,0.00,0.00,0.00,0.00,-143.04,0.99,0.02,-0.39,-0.83,3.81,1.34,0.39
01/04/2026,12:54:10,272,0.00,0.00,0.00,0.00,0.00,0.00,0.00,0.00,-143.10,1.03,0.02,-0.39,-0.82,5.41,0.89,-0.48
01/04/2026,12:54:15,256,0.00,0.00,0.00,0.00,0.00,0.00,0.00,0.00,-143.08,1.08,0.02,-0.39,-0.83,4.28,1.50,-0.31
01/04/2026,12:54:15,237,0.00,0.00,0.00,0.00,0.00,0.00,0.00,0.00,-143.00,1.13,0.02,-0.39,-0.83,5.23,0.81,-0.73
01/04/2026,12:54:15,245,0.00,0.00,0.00,0.00,0.00,0.00,0.00,0.00,-142.97,1.15,0.03,-0.39,-0.83,5.50,1.30,-0.47
01/04/2026,12:54:15,210,0.00,0.00,0.00,0.00,0.00,0.00,0.00,0.00,-142.99,1.07,0.02,-0.39,-0.82,4.44,0.88,-0.66
01/04/2026,12:54:15,174,0.00,0.00,0.00,0.00,0.00,0.00,0.00,0.00,-142.96,1.16,0.03,-0.39,-0.83,4.52,1.42,-0.20
01/04/2026,12:54:20,179,0.00,0.00,0.00,0.00,0.00,0.00,0.00,0.00,-142.97,1.03,0.03,-0.39,-0.83,4.55,0.88,-0.84
01/04/2026,12:54:20,157,0.00,0.00,0.00,0.00,0.00,0.00,0.00,0.00,-142.84,0.95,0.03,-0.39,-0.83,5.58,1.28,-0.69
01/04/2026,12:54:20,163,0.00,0.00,0.00,0.00,0.00,0.00,0.00,0.00,-142.81,0.93,0.03,-0.39,-0.83,4.56,1.17,-0.58
01/04/2026,12:54:20,163,0.00,0.00,0.00,0.00,0.00,0.00,0.00,0.00,-142.85,1.05,0.02,-0.39,-0.82,4.89,1.73,-0.44
01/04/2026,12:54:20,178,0.00,0.00,0.00,0.00,0.00,0.00,0.00,0.00,-142.86,1.06,0.03,-0.39,-0.82,4.95,1.72,-0.67
01/04/2026,12:54:25,220,0.00,0.00,0.00,0.00,0.00,0.00,0.00,0.00,-142.74,1.05,0.03,-0.39,-0.82,4.72,0.30,0.27
01/04/2026,12:54:25,224,0.00,0.00,0.00,0.00,0.00,0.00,0.00,0.00,-142.78,1.03,0.03,-0.39,-0.83,4.81,0.47,-0.50
01/04/2026,12:54:25,233,0.00,0.00,0.00,0.00,0.00,0.00,0.00,0.00,-142.76,1.07,0.03,-0.39,-0.83,5.19,1.36,-0.78
01/04/2026,12:54:25,229,0.00,0.00,0.00,0.00,0.00,0.00,0.00,0.00,-142.81,1.10,0.02,-0.39,-0.83,4.91,1.08,-0.70
01/04/2026,12:54:25,240,0.00,0.00,0.00,0.00,0.00,0.00,0.00,0.00,-142.73,1.12,0.03,-0.39,-0.83,4.98,1.16,-0.67
01/04/2026,12:54:30,231,0.00,0.00,0.00,0.00,0.00,0.00,0.00,0.00,-142.76,1.11,0.03,-0.39,-0.82,4.62,1.98,-0.69
01/04/2026,12:54:30,182,0.00,0.00,0.00,0.00,0.00,0.00,0.00,0.00,-142.79,1.14,0.03,-0.39,-0.83,5.38,1.38,-0.67
01/04/2026,12:54:30,165,0.00,0.00,0.00,0.00,0.00,0.00,0.00,0.00,-142.80,1.10,0.02,-0.39,-0.83,4.36,0.95,-0.14
01/04/2026,12:54:30,74,0.00,0.00,0.00,0.00,0.00,0.00,0.00,0.00,-143.30,0.62,0.04,-0.43,-0.85,-9.41,-1.77,1.17
01/04/2026,12:54:30,0,0.00,0.00,0.00,0.00,0.00,0.00,0.00,0.00,-143.22,0.67,0.02,-0.39,-0.83,4.09,1.38,-1.08
01/04/2026,12:54:35,0,0.00,0.00,0.00,0.00,0.00,0.00,0.00,0.00,-142.43,1.22,0.03,-0.39,-0.83,15.52,3.95,-0.14
01/04/2026,12:54:35,0,0.00,0.00,0.00,0.00,0.00,0.00,0.00,0.00,-142.73,1.22,0.03,-0.39,-0.83,4.70,0.62,-0.67
01/04/2026,12:54:35,0,0.00,0.00,0.00,0.00,0.00,0.00,0.00,0.00,-142.77,1.20,0.02,-0.39,-0.83,4.73,0.78,0.02
01/04/2026,12:54:35,0,0.00,0.00,0.00,0.00,0.00,0.00,0.00,0.00,-142.74,1.14,0.03,-0.39,-0.83,5.42,0.91,0.19
01/04/2026,12:54:35,0,0.00,0.00,0.00,0.00,0.00,0.00,0.00,0.00,-142.85,1.11,0.03,-0.39,-0.83,3.78,1.28,-0.61
01/04/2026,12:54:40,0,0.00,0.00,0.00,0.00,0.00,0.00,0.00,0.00,-142.74,0.89,0.02,-0.39,-0.83,5.03,1.00,-0.25
01/04/2026,12:54:40,0,0.00,0.00,0.00,0.00,0.00,0.00,0.00,0.00,-142.81,0.93,0.03,-0.39,-0.82,4.44,0.58,-0.75
01/04/2026,12:54:40,0,0.00,0.00,0.00,0.00,0.00,0.00,0.00,0.00,-142.77,1.03,0.03,-0.39,-0.82,5.05,0.86,-0.53
01/04/2026,12:54:40,0,0.00,0.00,0.00,0.00,0.00,0.00,0.00,0.00,-142.73,1.12,0.03,-0.39,-0.82,5.36,0.47,-0.69
01/04/2026,12:54:40,0,0.00,0.00,0.00,0.00,0.00,0.00,0.00,0.00,-142.67,1.13,0.02,-0.39,-0.82,4.70,0.88,-0.45
01/04/2026,12:54:45,0,0.00,0.00,0.00,0.00,0.00,0.00,0.00,0.00,-142.67,1.04,0.03,-0.39,-0.82,5.05,0.89,-0.53
01/04/2026,12:54:45,0,0.00,0.00,0.00,0.00,0.00,0.00,0.00,0.00,-142.64,0.99,0.02,-0.39,-0.83,4.77,0.91,-0.16
01/04/2026,12:54:45,0,0.00,0.00,0.00,0.00,0.00,0.00,0.00,0.00,-142.60,1.14,0.02,-0.39,-0.83,5.05,1.67,-0.97
01/04/2026,12:54:45,0,0.00,0.00,0.00,0.00,0.00,0.00,0.00,0.00,-142.60,1.15,0.03,-0.39,-0.83,4.89,1.14,-0.73
01/04/2026,12:54:45,0,0.00,0.00,0.00,0.00,0.00,0.00,0.00,0.00,-142.54,1.15,0.03,-0.39,-0.83,5.16,1.58,-1.00
01/04/2026,12:54:50,0,0.00,0.00,0.00,0.00,0.00,0.00,0.00,0.00,-142.64,1.04,0.02,-0.39,-0.82,4.78,0.88,-0.94
01/04/2026,12:54:50,0,0.00,0.00,0.00,0.00,0.00,0.00,0.00,0.00,-142.69,1.03,0.02,-0.39,-0.82,4.55,1.33,-1.12
01/04/2026,12:54:50,0,0.00,0.00,0.00,0.00,0.00,0.00,0.00,0.00,-142.64,0.98,0.03,-0.39,-0.82,4.83,1.28,-0.61
01/04/2026,12:54:50,0,0.00,0.00,0.00,0.00,0.00,0.00,0.00,0.00,-142.63,0.97,0.02,-0.39,-0.83,5.25,1.17,-0.59
01/04/2026,12:54:50,0,0.00,0.00,0.00,0.00,0.00,0.00,0.00,0.00,-142.58,0.97,0.03,-0.39,-0.83,5.16,0.86,-0.17
01/04/2026,12:54:55,0,0.00,0.00,0.00,0.00,0.00,0.00,0.00,0.00,-142.73,1.00,0.03,-0.40,-0.83,4.19,0.94,-1.53
01/04/2026,12:54:55,0,0.00,0.00,0.00,0.00,0.00,0.00,0.00,0.00,-142.63,1.10,0.02,-0.39,-0.82,5.48,1.38,-0.25
01/04/2026,12:54:55,0,0.00,0.00,0.00,0.00,0.00,0.00,0.00,0.00,-142.61,0.97,0.02,-0.39,-0.82,5.25,0.84,-0.14
01/04/2026,12:54:55,0,0.00,0.00,0.00,0.00,0.00,0.00,0.00,0.00,-142.64,0.97,0.02,-0.39,-0.83,4.98,1.55,-0.52
01/04/2026,12:54:55,0,0.00,0.00,0.00,0.00,0.00,0.00,0.00,0.00,-142.68,0.99,0.02,-0.39,-0.83,4.89,0.78,-0.53
01/04/2026,12:55:00,0,0.00,0.00,0.00,0.00,0.00,0.00,0.00,0.00,-142.65,0.94,0.02,-0.39,-0.83,5.22,0.41,-0.80
01/04/2026,12:55:00,0,0.00,0.00,0.00,0.00,0.00,0.00,0.00,0.00,-142.68,1.00,0.02,-0.39,-0.82,4.52,0.70,-0.94
01/04/2026,12:55:00,0,0.00,0.00,0.00,0.00,0.00,0.00,0.00,0.00,-142.73,1.10,0.03,-0.39,-0.82,5.08,1.80,-0.34
01/04/2026,12:55:00,0,0.00,0.00,0.00,0.00,0.00,0.00,0.00,0.00,-142.70,1.05,0.03,-0.39,-0.83,5.22,1.00,-0.56
01/04/2026,12:55:00,0,0.00,0.00,0.00,0.00,0.00,0.00,0.00,0.00,-142.55,0.95,0.03,-0.39,-0.83,5.69,0.45,-0.86
01/04/2026,12:55:05,0,0.00,0.00,0.00,0.00,0.00,0.00,0.00,0.00,-142.47,1.04,0.03,-0.39,-0.83,4.95,1.48,-1.08
01/04/2026,12:55:05,0,0.00,0.00,0.00,0.00,0.00,0.00,0.00,0.00,-142.42,1.08,0.03,-0.39,-0.83,4.86,1.53,-1.09
01/04/2026,12:55:05,0,0.00,0.00,0.00,0.00,0.00,0.00,0.00,0.00,-142.42,1.00,0.03,-0.39,-0.83,5.52,0.61,-0.20
01/04/2026,12:55:05,0,0.00,0.00,0.00,0.00,0.00,0.00,0.00,0.00,-142.52,0.92,0.03,-0.39,-0.83,4.73,0.78,-0.97
01/04/2026,12:55:05,0,0.00,0.00,0.00,0.00,0.00,0.00,0.00,0.00,-142.46,0.90,0.02,-0.39,-0.82,4.78,1.02,0.03
01/04/2026,12:55:10,0,0.00,0.00,0.00,0.00,0.00,0.00,0.00,0.00,-142.44,0.79,0.03,-0.39,-0.83,5.14,0.61,-1.30
01/04/2026,12:55:10,0,0.00,0.00,0.00,0.00,0.00,0.00,0.00,0.00,-142.48,0.91,0.02,-0.39,-0.83,5.44,1.14,-0.64
01/04/2026,12:55:10,0,0.00,0.00,0.00,0.00,0.00,0.00,0.00,0.00,-142.54,0.89,0.02,-0.39,-0.83,4.72,1.19,-0.61
01/04/2026,12:55:10,0,0.00,0.00,0.00,0.00,0.00,0.00,0.00,0.00,-142.57,0.95,0.02,-0.39,-0.82,4.47,0.94,-0.52
01/04/2026,12:55:10,0,0.00,0.00,0.00,0.00,0.00,0.00,0.00,0.00,-142.60,1.00,0.02,-0.39,-0.82,4.91,0.84,-0.55
01/04/2026,12:55:15,0,0.00,0.00,0.00,0.00,0.00,0.00,0.00,0.00,-142.53,1.00,0.03,-0.39,-0.83,4.27,0.42,-0.53
01/04/2026,12:55:15,0,0.00,0.00,0.00,0.00,0.00,0.00,0.00,0.00,-142.47,1.03,0.03,-0.39,-0.83,4.98,1.14,-0.44
01/04/2026,12:55:15,0,0.00,0.00,0.00,0.00,0.00,0.00,0.00,0.00,-142.46,0.93,0.03,-0.39,-0.82,5.06,0.95,-0.95
01/04/2026,12:55:15,27,0.00,0.00,0.00,0.00,0.00,0.00,0.00,0.00,-142.50,0.93,0.02,-0.39,-0.83,5.00,0.64,-0.61
01/04/2026,12:55:15,128,0.00,0.00,0.00,0.00,0.00,0.00,0.00,0.00,-142.52,0.85,0.03,-0.39,-0.83,4.98,0.86,-0.36
01/04/2026,12:55:20,171,0.00,0.00,0.00,0.00,0.00,0.00,0.00,0.00,-142.52,0.76,0.03,-0.39,-0.82,5.06,0.62,-0.25
01/04/2026,12:55:20,235,0.00,0.00,0.00,0.00,0.00,0.00,0.00,0.00,-142.55,0.90,0.03,-0.39,-0.83,4.86,1.70,-0.73
01/04/2026,12:55:20,287,0.00,0.00,0.00,0.00,0.00,0.00,0.00,0.00,-142.57,0.78,0.03,-0.39,-0.83,4.77,1.19,-0.53
01/04/2026,12:55:20,267,0.00,0.00,0.00,0.00,0.00,0.00,0.00,0.00,-142.48,0.80,0.02,-0.39,-0.83,5.58,1.08,-0.83
01/04/2026,12:55:20,246,0.00,0.00,0.00,0.00,0.00,0.00,0.00,0.00,-142.55,0.74,0.02,-0.39,-0.82,5.12,0.98,-0.41
01/04/2026,12:55:25,253,0.00,0.00,0.00,0.00,0.00,0.00,0.00,0.00,-142.53,0.86,0.03,-0.39,-0.83,4.61,0.58,0.23
01/04/2026,12:55:25,223,0.00,0.00,0.00,0.00,0.00,0.00,0.00,0.00,-142.53,0.77,0.03,-0.39,-0.82,5.00,0.84,-0.55
01/04/2026,12:55:25,205,0.00,0.00,0.00,0.00,0.00,0.00,0.00,0.00,-142.59,0.88,0.03,-0.39,-0.83,4.11,1.39,-0.55
01/04/2026,12:55:25,178,0.00,0.00,0.00,0.00,0.00,0.00,0.00,0.00,-142.52,1.00,0.03,-0.39,-0.83,4.84,0.81,-0.38
01/04/2026,12:55:25,175,0.00,0.00,0.00,0.00,0.00,0.00,0.00,0.00,-142.42,1.04,0.02,-0.39,-0.82,5.03,0.98,-0.58
01/04/2026,12:55:30,158,0.00,0.00,0.00,0.00,0.00,0.00,0.00,0.00,-142.29,0.98,0.02,-0.39,-0.82,8.67,0.09,-0.03
01/04/2026,12:55:30,128,0.00,0.00,0.00,0.00,0.00,0.00,0.00,0.00,-142.41,1.16,0.02,-0.39,-0.83,-4.70,2.14,-1.81
01/04/2026,12:55:30,101,0.00,0.00,0.00,0.00,0.00,0.00,0.00,0.00,-142.37,1.17,0.03,-0.39,-0.83,3.98,0.91,-1.06
01/04/2026,12:55:30,60,0.00,0.00,0.00,0.00,0.00,0.00,0.00,0.00,-142.42,1.12,0.02,-0.39,-0.83,4.61,1.06,-0.83
01/04/2026,12:55:30,45,0.00,0.00,0.00,0.00,0.00,0.00,0.00,0.00,-142.48,1.12,0.03,-0.39,-0.82,4.09,1.02,-1.48
01/04/2026,12:55:35,0,0.00,0.00,0.00,0.00,0.00,0.00,0.00,0.00,-142.39,0.97,0.03,-0.39,-0.82,5.64,1.14,-0.20
01/04/2026,12:55:35,0,0.00,0.00,0.00,0.00,0.00,0.00,0.00,0.00,-142.48,0.96,0.03,-0.39,-0.83,4.50,0.72,-0.91
01/04/2026,12:55:35,0,0.00,0.00,0.00,0.00,0.00,0.00,0.00,0.00,-142.71,0.58,0.03,-0.39,-0.83,12.73,0.47,0.48
01/04/2026,12:55:35,0,0.00,0.00,0.00,0.00,0.00,0.00,0.00,0.00,-142.79,0.78,0.03,-0.39,-0.83,2.80,1.81,-0.83
01/04/2026,12:55:35,0,0.00,0.00,0.00,0.00,0.00,0.00,0.00,0.00,-142.66,0.85,0.03,-0.39,-0.82,4.47,1.17,-0.41
01/04/2026,12:55:40,0,0.00,0.00,0.00,0.00,0.00,0.00,0.00,0.00,-142.59,0.88,0.02,-0.39,-0.82,4.77,1.11,-0.53
01/04/2026,12:55:40,0,0.00,0.00,0.00,0.00,0.00,0.00,0.00,0.00,-142.60,0.90,0.02,-0.39,-0.82,4.45,0.83,-0.59
01/04/2026,12:55:40,0,0.00,0.00,0.00,0.00,0.00,0.00,0.00,0.00,-142.60,1.06,0.03,-0.39,-0.83,4.72,0.98,-0.78
01/04/2026,12:55:40,0,0.00,0.00,0.00,0.00,0.00,0.00,0.00,0.00,-142.60,1.00,0.03,-0.39,-0.82,4.52,0.59,-0.83
01/04/2026,12:55:40,0,0.00,0.00,0.00,0.00,0.00,0.00,0.00,0.00,-142.58,0.86,0.03,-0.39,-0.83,4.02,0.72,-0.41
01/04/2026,12:55:45,0,0.00,0.00,0.00,0.00,0.00,0.00,0.00,0.00,-142.49,0.80,0.03,-0.39,-0.82,6.22,0.66,-0.78
01/04/2026,12:55:45,0,0.00,0.00,0.00,0.00,0.00,0.00,0.00,0.00,-142.53,0.96,0.03,-0.39,-0.83,4.22,1.47,-0.22
01/04/2026,12:55:45,0,0.00,0.00,0.00,0.00,0.00,0.00,0.00,0.00,-142.58,0.95,0.02,-0.39,-0.83,4.33,0.86,-0.80
01/04/2026,12:55:45,0,0.00,0.00,0.00,0.00,0.00,0.00,0.00,0.00,-142.48,0.97,0.03,-0.39,-0.82,5.55,0.84,-0.72
01/04/2026,12:55:45,0,0.00,0.00,0.00,0.00,0.00,0.00,0.00,0.00,-142.44,1.01,0.03,-0.39,-0.82,5.05,0.97,-0.34
01/04/2026,12:55:50,0,0.00,0.00,0.00,0.00,0.00,0.00,0.00,0.00,-142.36,0.96,0.02,-0.39,-0.82,5.30,1.22,-0.80
01/04/2026,12:55:50,0,0.00,0.00,0.00,0.00,0.00,0.00,0.00,0.00,-142.29,0.98,0.02,-0.39,-0.83,5.72,1.05,-0.73
01/04/2026,12:55:50,0,0.00,0.00,0.00,0.00,0.00,0.00,0.00,0.00,-142.34,0.95,0.03,-0.39,-0.82,5.33,0.95,-1.02
01/04/2026,12:55:50,0,0.00,0.00,0.00,0.00,0.00,0.00,0.00,0.00,-142.39,0.92,0.03,-0.39,-0.83,5.33,0.91,-0.39
01/04/2026,12:55:50,0,0.00,0.00,0.00,0.00,0.00,0.00,0.00,0.00,-142.37,0.92,0.02,-0.39,-0.82,6.56,1.19,-0.61
01/04/2026,12:55:55,0,0.00,0.00,0.00,0.00,0.00,0.00,0.00,0.00,-142.46,1.12,0.02,-0.39,-0.83,5.77,1.39,-0.77
01/04/2026,12:55:55,0,0.00,0.00,0.00,0.00,0.00,0.00,0.00,0.00,-142.38,1.13,0.03,-0.39,-0.83,5.58,0.38,-0.52
01/04/2026,12:55:55,0,0.00,0.00,0.00,0.00,0.00,0.00,0.00,0.00,-142.34,1.06,0.03,-0.39,-0.83,5.42,0.94,-0.39
01/04/2026,12:55:55,0,0.00,0.00,0.00,0.00,0.00,0.00,0.00,0.00,-142.32,1.02,0.02,-0.39,-0.82,5.12,1.25,-0.64
01/04/2026,12:55:55,0,0.00,0.00,0.00,0.00,0.00,0.00,0.00,0.00,-142.34,1.05,0.02,-0.39,-0.83,5.27,1.17,-0.45
01/04/2026,12:56:00,0,0.00,0.00,0.00,0.00,0.00,0.00,0.00,0.00,-142.36,1.10,0.03,-0.39,-0.83,5.06,1.70,-1.23
01/04/2026,12:56:00,0,0.00,0.00,0.00,0.00,0.00,0.00,0.00,0.00,-142.42,1.13,0.03,-0.39,-0.83,5.06,0.83,-0.83
01/04/2026,12:56:00,0,0.00,0.00,0.00,0.00,0.00,0.00,0.00,0.00,-142.46,0.99,0.03,-0.39,-0.82,5.30,1.30,-0.27
01/04/2026,12:56:00,0,0.00,0.00,0.00,0.00,0.00,0.00,0.00,0.00,-142.37,1.04,0.03,-0.39,-0.83,4.45,1.30,-0.66
01/04/2026,12:56:00,0,0.00,0.00,0.00,0.00,0.00,0.00,0.00,0.00,-142.36,1.03,0.02,-0.39,-0.82,4.70,0.81,-1.17
01/04/2026,12:56:05,0,0.00,0.00,0.00,0.00,0.00,0.00,0.00,0.00,-142.22,1.03,0.03,-0.39,-0.82,5.06,1.34,-1.09
01/04/2026,12:56:05,0,0.00,0.00,0.00,0.00,0.00,0.00,0.00,0.00,-142.32,1.11,0.03,-0.39,-0.82,4.33,1.91,-0.03
01/04/2026,12:56:05,0,0.00,0.00,0.00,0.00,0.00,0.00,0.00,0.00,-142.35,1.01,0.03,-0.39,-0.83,5.03,1.06,-1.08
01/04/2026,12:56:05,0,0.00,0.00,0.00,0.00,0.00,0.00,0.00,0.00,-142.38,0.85,0.03,-0.39,-0.83,5.20,1.08,-1.20
01/04/2026,12:56:05,0,0.00,0.00,0.00,0.00,0.00,0.00,0.00,0.00,-142.40,0.86,0.03,-0.39,-0.82,5.09,1.92,-0.97
01/04/2026,12:56:10,0,0.00,0.00,0.00,0.00,0.00,0.00,0.00,0.00,-142.44,0.86,0.02,-0.39,-0.83,4.89,0.94,-0.72
01/04/2026,12:56:10,0,0.00,0.00,0.00,0.00,0.00,0.00,0.00,0.00,-142.33,0.83,0.02,-0.39,-0.83,4.88,0.80,-0.91
01/04/2026,12:56:10,0,0.00,0.00,0.00,0.00,0.00,0.00,0.00,0.00,-142.37,0.89,0.03,-0.39,-0.83,5.42,0.66,-0.30
01/04/2026,12:56:10,0,0.00,0.00,0.00,0.00,0.00,0.00,0.00,0.00,-142.39,0.83,0.03,-0.39,-0.82,5.11,0.55,-0.95
01/04/2026,12:56:10,0,0.00,0.00,0.00,0.00,0.00,0.00,0.00,0.00,-142.40,0.74,0.02,-0.39,-0.82,4.88,0.62,-0.77
01/04/2026,12:56:15,0,0.00,0.00,0.00,0.00,0.00,0.00,0.00,0.00,-142.30,0.82,0.03,-0.39,-0.83,5.75,1.61,0.03
01/04/2026,12:56:15,0,0.00,0.00,0.00,0.00,0.00,0.00,0.00,0.00,-142.27,0.94,0.02,-0.39,-0.82,5.28,1.00,-0.70
01/04/2026,12:56:15,0,0.00,0.00,0.00,0.00,0.00,0.00,0.00,0.00,-142.44,0.95,0.03,-0.39,-0.83,4.89,1.12,-0.28
01/04/2026,12:56:15,0,0.00,0.00,0.00,0.00,0.00,0.00,0.00,0.00,-142.44,0.89,0.03,-0.39,-0.83,4.78,0.62,-1.84
01/04/2026,12:56:15,0,0.00,0.00,0.00,0.00,0.00,0.00,0.00,0.00,-142.47,1.01,0.02,-0.39,-0.82,4.77,1.47,-0.75
01/04/2026,12:56:20,0,0.00,0.00,0.00,0.00,0.00,0.00,0.00,0.00,-142.35,0.89,0.03,-0.39,-0.83,4.44,0.41,-0.48
01/04/2026,12:56:20,0,0.00,0.00,0.00,0.00,0.00,0.00,0.00,0.00,-142.26,0.76,0.03,-0.39,-0.82,4.77,0.41,-0.81
01/04/2026,12:56:20,0,0.00,0.00,0.00,0.00,0.00,0.00,0.00,0.00,-142.16,0.94,0.03,-0.39,-0.82,5.20,0.95,0.03
01/04/2026,12:56:20,0,0.00,0.00,0.00,0.00,0.00,0.00,0.00,0.00,-142.26,0.84,0.03,-0.39,-0.82,4.64,0.61,-0.19
01/04/2026,12:56:20,0,0.00,0.00,0.00,0.00,0.00,0.00,0.00,0.00,-142.14,0.77,0.03,-0.39,-0.82,5.20,0.73,-0.25
01/04/2026,12:56:25,0,0.00,0.00,0.00,0.00,0.00,0.00,0.00,0.00,-142.20,0.72,0.02,-0.39,-0.83,4.38,1.33,-1.00
01/04/2026,12:56:25,0,0.00,0.00,0.00,0.00,0.00,0.00,0.00,0.00,-142.29,0.77,0.03,-0.39,-0.82,4.81,1.31,-0.66
01/04/2026,12:56:25,0,0.00,0.00,0.00,0.00,0.00,0.00,0.00,0.00,-142.28,0.76,0.03,-0.39,-0.83,4.33,0.80,-1.03
01/04/2026,12:56:25,0,0.00,0.00,0.00,0.00,0.00,0.00,0.00,0.00,-142.28,0.83,0.03,-0.39,-0.82,5.12,0.64,-0.33
01/04/2026,12:56:25,0,0.00,0.00,0.00,0.00,0.00,0.00,0.00,0.00,-142.23,0.98,0.03,-0.39,-0.82,5.44,1.50,-0.41
01/04/2026,12:56:30,0,0.00,0.00,0.00,0.00,0.00,0.00,0.00,0.00,-142.28,0.86,0.03,-0.40,-0.82,5.17,0.72,-0.98
01/04/2026,12:56:30,0,0.00,0.00,0.00,0.00,0.00,0.00,0.00,0.00,-142.27,0.79,0.02,-0.39,-0.82,5.03,0.48,-0.45
01/04/2026,12:56:30,0,0.00,0.00,0.00,0.00,0.00,0.00,0.00,0.00,-142.21,0.80,0.02,-0.39,-0.83,4.98,0.28,-0.53
01/04/2026,12:56:30,0,0.00,0.00,0.00,0.00,0.00,0.00,0.00,0.00,-142.16,0.86,0.02,-0.39,-0.82,4.69,0.88,0.22
01/04/2026,12:56:30,0,0.00,0.00,0.00,0.00,0.00,0.00,0.00,0.00,-142.15,0.89,0.02,-0.40,-0.82,4.28,1.22,-0.69
01/04/2026,12:56:35,0,0.00,0.00,0.00,0.00,0.00,0.00,0.00,0.00,-142.20,0.89,0.03,-0.39,-0.82,5.16,0.94,-0.86
01/04/2026,12:56:35,0,0.00,0.00,0.00,0.00,0.00,0.00,0.00,0.00,-142.27,0.86,0.03,-0.39,-0.82,4.91,0.84,-0.56
01/04/2026,12:56:35,0,0.00,0.00,0.00,0.00,0.00,0.00,0.00,0.00,-142.26,0.87,0.03,-0.39,-0.82,4.48,0.97,-0.22
01/04/2026,12:56:35,0,0.00,0.00,0.00,0.00,0.00,0.00,0.00,0.00,-142.25,0.81,0.03,-0.39,-0.82,5.05,0.66,-0.52
01/04/2026,12:56:35,0,0.00,0.00,0.00,0.00,0.00,0.00,0.00,0.00,-142.29,0.76,0.03,-0.40,-0.83,4.45,1.03,0.12
01/04/2026,12:56:40,0,0.00,0.00,0.00,0.00,0.00,0.00,0.00,0.00,-142.50,0.72,0.03,-0.39,-0.83,3.27,0.89,-1.00
01/04/2026,12:56:40,0,0.00,0.00,0.00,0.00,0.00,0.00,0.00,0.00,-142.43,0.76,0.02,-0.39,-0.83,4.61,1.22,-0.28
01/04/2026,12:56:40,0,0.00,0.00,0.00,0.00,0.00,0.00,0.00,0.00,-142.40,0.80,0.03,-0.39,-0.82,4.64,1.20,-0.69
01/04/2026,12:56:40,0,0.00,0.00,0.00,0.00,0.00,0.00,0.00,0.00,-142.09,0.71,0.03,-0.39,-0.82,5.72,1.62,-1.05
01/04/2026,12:56:40,0,0.00,0.00,0.00,0.00,0.00,0.00,0.00,0.00,-142.06,0.72,0.03,-0.39,-0.82,6.59,0.53,-0.34
01/04/2026,12:56:45,0,0.00,0.00,0.00,0.00,0.00,0.00,0.00,0.00,-142.07,0.83,0.03,-0.39,-0.82,5.03,1.16,-0.28
01/04/2026,12:56:45,0,0.00,0.00,0.00,0.00,0.00,0.00,0.00,0.00,-142.21,0.82,0.02,-0.39,-0.82,4.48,0.89,-0.59
01/04/2026,12:56:45,69,0.00,0.00,0.00,0.00,0.00,0.00,0.00,0.00,-142.18,0.97,0.03,-0.39,-0.82,5.06,1.16,-0.39
01/04/2026,12:56:45,167,0.00,0.00,0.00,0.00,0.00,0.00,0.00,0.00,-142.25,0.90,0.03,-0.39,-0.82,4.80,0.56,-0.20
01/04/2026,12:56:45,246,0.00,0.00,0.00,0.00,0.00,0.00,0.00,0.00,-142.21,0.88,0.02,-0.39,-0.83,4.58,0.69,-1.06
01/04/2026,12:56:50,271,0.00,0.00,0.00,0.00,0.00,0.00,0.00,0.00,-142.23,0.92,0.03,-0.39,-0.82,4.77,1.42,-0.42
01/04/2026,12:56:50,214,0.00,0.00,0.00,0.00,0.00,0.00,0.00,0.00,-142.34,0.90,0.02,-0.40,-0.83,4.91,0.50,-0.59
01/04/2026,12:56:50,90,0.00,0.00,0.00,0.00,0.00,0.00,0.00,0.00,-142.31,0.93,0.03,-0.39,-0.82,5.05,0.28,-0.64
01/04/2026,12:56:50,0,0.00,0.00,0.00,0.00,0.00,0.00,0.00,0.00,-142.34,0.87,0.03,-0.39,-0.83,4.83,0.67,-0.47
01/04/2026,12:56:50,0,0.00,0.00,0.00,0.00,0.00,0.00,0.00,0.00,-142.31,0.83,0.03,-0.39,-0.82,5.31,1.23,-0.59
01/04/2026,12:56:55,0,0.00,0.00,0.00,0.00,0.00,0.00,0.00,0.00,-142.24,0.67,0.03,-0.39,-0.82,4.89,0.59,-0.30
01/04/2026,12:56:55,0,0.00,0.00,0.00,0.00,0.00,0.00,0.00,0.00,-142.27,0.76,0.03,-0.39,-0.82,5.39,1.39,-0.59
01/04/2026,12:56:55,0,0.00,0.00,0.00,0.00,0.00,0.00,0.00,0.00,-142.28,0.91,0.03,-0.39,-0.82,5.48,1.00,-0.66
01/04/2026,12:56:55,0,0.00,0.00,0.00,0.00,0.00,0.00,0.00,0.00,-142.27,0.91,0.02,-0.39,-0.82,4.81,0.75,-0.77
01/04/2026,12:56:55,0,0.00,0.00,0.00,0.00,0.00,0.00,0.00,0.00,-142.29,0.91,0.03,-0.39,-0.82,4.66,0.83,-0.72
01/04/2026,12:57:00,0,0.00,0.00,0.00,0.00,0.00,0.00,0.00,0.00,-142.27,0.96,0.02,-0.39,-0.82,4.45,1.31,-0.06
01/04/2026,12:57:00,0,0.00,0.00,0.00,0.00,0.00,0.00,0.00,0.00,-142.22,0.88,0.02,-0.39,-0.83,4.62,0.66,-0.39
01/04/2026,12:57:00,0,0.00,0.00,0.00,0.00,0.00,0.00,0.00,0.00,-142.12,1.01,0.03,-0.39,-0.82,5.14,1.50,-0.50
01/04/2026,12:57:00,0,0.00,0.00,0.00,0.00,0.00,0.00,0.00,0.00,-142.15,1.00,0.02,-0.39,-0.82,5.22,0.95,-0.53
01/04/2026,12:57:00,0,0.00,0.00,0.00,0.00,0.00,0.00,0.00,0.00,-142.16,0.82,0.03,-0.39,-0.83,4.77,1.02,-0.91
01/04/2026,12:57:05,0,0.00,0.00,0.00,0.00,0.00,0.00,0.00,0.00,-142.21,0.96,0.02,-0.39,-0.82,4.98,1.14,-0.31
01/04/2026,12:57:05,0,0.00,0.00,0.00,0.00,0.00,0.00,0.00,0.00,-142.25,0.98,0.03,-0.39,-0.82,4.58,0.95,-0.64
01/04/2026,12:57:05,0,0.00,0.00,0.00,0.00,0.00,0.00,0.00,0.00,-142.24,0.91,0.02,-0.39,-0.82,5.25,1.22,-0.81
01/04/2026,12:57:05,0,0.00,0.00,0.00,0.00,0.00,0.00,0.00,0.00,-142.21,0.87,0.03,-0.39,-0.82,5.02,0.62,-0.05
01/04/2026,12:57:05,0,0.00,0.00,0.00,0.00,0.00,0.00,0.00,0.00,-142.15,0.81,0.03,-0.39,-0.82,5.72,0.75,-0.33
01/04/2026,12:57:10,0,0.00,0.00,0.00,0.00,0.00,0.00,0.00,0.00,-142.10,0.70,0.03,-0.39,-0.82,5.11,0.72,-0.50
01/04/2026,12:57:10,0,0.00,0.00,0.00,0.00,0.00,0.00,0.00,0.00,-142.15,0.66,0.03,-0.39,-0.83,5.30,0.98,-0.70
01/04/2026,12:57:10,0,0.00,0.00,0.00,0.00,0.00,0.00,0.00,0.00,-142.20,0.66,0.03,-0.39,-0.82,5.53,0.92,-0.89
01/04/2026,12:57:10,0,0.00,0.00,0.00,0.00,0.00,0.00,0.00,0.00,-142.14,0.71,0.03,-0.39,-0.82,5.48,1.19,-0.47
01/04/2026,12:57:10,0,0.00,0.00,0.00,0.00,0.00,0.00,0.00,0.00,-142.11,0.76,0.03,-0.39,-0.82,4.83,0.56,-0.61
01/04/2026,12:57:15,0,0.00,0.00,0.00,0.00,0.00,0.00,0.00,0.00,-142.14,0.76,0.02,-0.39,-0.82,4.86,1.25,-0.81
01/04/2026,12:57:15,0,0.00,0.00,0.00,0.00,0.00,0.00,0.00,0.00,-142.16,0.82,0.03,-0.39,-0.82,4.72,1.16,-0.45
01/04/2026,12:57:15,0,0.00,0.00,0.00,0.00,0.00,0.00,0.00,0.00,-142.13,0.89,0.02,-0.40,-0.82,4.91,1.20,-0.78
01/04/2026,12:57:15,0,0.00,0.00,0.00,0.00,0.00,0.00,0.00,0.00,-142.07,0.97,0.03,-0.39,-0.83,5.48,0.95,-0.45
01/04/2026,12:57:15,0,0.00,0.00,0.00,0.00,0.00,0.00,0.00,0.00,-142.10,0.87,0.03,-0.39,-0.82,5.11,0.33,-0.83
01/04/2026,12:57:20,0,0.00,0.00,0.00,0.00,0.00,0.00,0.00,0.00,-142.06,0.83,0.03,-0.39,-0.83,5.31,1.02,-0.77
01/04/2026,12:57:20,0,0.00,0.00,0.00,0.00,0.00,0.00,0.00,0.00,-142.07,0.89,0.03,-0.39,-0.83,4.81,0.84,-1.12
01/04/2026,12:57:20,0,0.00,0.00,0.00,0.00,0.00,0.00,0.00,0.00,-142.07,0.93,0.03,-0.40,-0.82,4.88,0.72,-0.80
01/04/2026,12:57:20,0,0.00,0.00,0.00,0.00,0.00,0.00,0.00,0.00,-142.04,0.93,0.02,-0.40,-0.82,4.98,0.48,-0.41
01/04/2026,12:57:20,0,0.00,0.00,0.00,0.00,0.00,0.00,0.00,0.00,-142.08,1.00,0.03,-0.39,-0.83,4.45,1.03,-0.38
01/04/2026,12:57:25,0,0.00,0.00,0.00,0.00,0.00,0.00,0.00,0.00,-142.08,0.94,0.03,-0.40,-0.82,5.28,1.11,-0.23
01/04/2026,12:57:25,0,0.00,0.00,0.00,0.00,0.00,0.00,0.00,0.00,-142.16,0.94,0.02,-0.39,-0.82,4.14,1.03,-1.34
01/04/2026,12:57:25,0,0.00,0.00,0.00,0.00,0.00,0.00,0.00,0.00,-142.11,0.92,0.02,-0.39,-0.82,5.25,0.98,-0.52
01/04/2026,12:57:25,0,0.00,0.00,0.00,0.00,0.00,0.00,0.00,0.00,-142.13,0.90,0.03,-0.39,-0.83,5.28,1.20,-1.02
01/04/2026,12:57:25,0,0.00,0.00,0.00,0.00,0.00,0.00,0.00,0.00,-142.07,0.82,0.03,-0.39,-0.82,5.08,1.02,-0.61
01/04/2026,12:57:30,0,0.00,0.00,0.00,0.00,0.00,0.00,0.00,0.00,-142.15,0.88,0.03,-0.40,-0.82,5.12,0.88,-0.94
01/04/2026,12:57:30,0,0.00,0.00,0.00,0.00,0.00,0.00,0.00,0.00,-142.17,0.96,0.03,-0.39,-0.82,4.53,0.91,-0.61
01/04/2026,12:57:30,0,0.00,0.00,0.00,0.00,0.00,0.00,0.00,0.00,-142.09,0.98,0.03,-0.39,-0.83,5.52,0.42,-0.36
01/04/2026,12:57:30,91,0.00,0.00,0.00,0.00,0.00,0.00,0.00,0.00,-142.10,0.82,0.03,-0.39,-0.83,4.83,1.58,-1.36
01/04/2026,12:57:30,265,0.00,0.00,0.00,0.00,0.00,0.00,0.00,0.00,-142.08,0.93,0.03,-0.39,-0.83,4.64,0.92,-0.88
01/04/2026,12:57:35,272,0.00,0.00,0.00,0.00,0.00,0.00,0.00,0.00,-142.15,0.76,0.03,-0.40,-0.82,4.98,0.97,0.02
01/04/2026,12:57:35,79,0.00,0.00,0.00,0.00,0.00,0.00,0.00,0.00,-142.20,0.71,0.03,-0.39,-0.83,4.84,0.95,-0.47
01/04/2026,12:57:35,0,0.00,0.00,0.00,0.00,0.00,0.00,0.00,0.00,-142.12,0.77,0.03,-0.39,-0.82,5.95,1.45,-1.05
01/04/2026,12:57:35,0,0.00,0.00,0.00,0.00,0.00,0.00,0.00,0.00,-142.11,0.86,0.03,-0.39,-0.83,4.61,0.66,0.16
01/04/2026,12:57:35,0,0.00,0.00,0.00,0.00,0.00,0.00,0.00,0.00,-142.09,0.83,0.03,-0.40,-0.82,5.58,1.38,-0.34
01/04/2026,12:57:40,0,0.00,0.00,0.00,0.00,0.00,0.00,0.00,0.00,-142.18,0.79,0.03,-0.39,-0.82,4.62,1.20,-0.14
01/04/2026,12:57:40,0,0.00,0.00,0.00,0.00,0.00,0.00,0.00,0.00,-142.14,0.81,0.03,-0.40,-0.82,5.05,0.83,-0.59
01/04/2026,12:57:40,0,0.00,0.00,0.00,0.00,0.00,0.00,0.00,0.00,-142.23,0.88,0.03,-0.39,-0.82,4.44,1.62,-0.48
01/04/2026,12:57:40,0,0.00,0.00,0.00,0.00,0.00,0.00,0.00,0.00,-142.24,0.94,0.03,-0.39,-0.82,4.27,1.08,-0.59
01/04/2026,12:57:40,0,0.00,0.00,0.00,0.00,0.00,0.00,0.00,0.00,-142.10,0.85,0.02,-0.39,-0.83,4.91,0.98,-0.94
01/04/2026,12:57:45,0,0.00,0.00,0.00,0.00,0.00,0.00,0.00,0.00,-142.01,0.74,0.03,-0.39,-0.82,4.97,0.33,-1.03
01/04/2026,12:57:45,0,0.00,0.00,0.00,0.00,0.00,0.00,0.00,0.00,-142.02,0.81,0.03,-0.39,-0.82,4.89,0.64,-0.66
01/04/2026,12:57:45,0,0.00,0.00,0.00,0.00,0.00,0.00,0.00,0.00,-142.08,0.82,0.03,-0.39,-0.82,5.66,1.38,-0.75
01/04/2026,12:57:45,0,0.00,0.00,0.00,0.00,0.00,0.00,0.00,0.00,-142.11,0.85,0.03,-0.39,-0.83,5.08,1.11,-0.69
01/04/2026,12:57:45,0,0.00,0.00,0.00,0.00,0.00,0.00,0.00,0.00,-142.14,0.84,0.03,-0.40,-0.82,4.73,0.70,-0.47
01/04/2026,12:57:50,0,0.00,0.00,0.00,0.00,0.00,0.00,0.00,0.00,-142.18,0.91,0.03,-0.39,-0.82,5.11,1.55,-0.17
01/04/2026,12:57:50,0,0.00,0.00,0.00,0.00,0.00,0.00,0.00,0.00,-142.14,0.84,0.03,-0.40,-0.82,4.89,0.91,-0.91
01/04/2026,12:57:50,48,0.00,0.00,0.00,0.00,0.00,0.00,0.00,0.00,-142.17,0.90,0.03,-0.39,-0.82,4.41,0.94,-0.67
01/04/2026,12:57:50,191,0.00,0.00,0.00,0.00,0.00,0.00,0.00,0.00,-142.04,0.76,0.03,-0.40,-0.82,5.27,0.94,-0.52
01/04/2026,12:57:50,307,0.00,0.00,0.00,0.00,0.00,0.00,0.00,0.00,-142.06,0.63,0.02,-0.39,-0.82,5.75,0.98,-0.84
01/04/2026,12:57:55,266,0.00,0.00,0.00,0.00,0.00,0.00,0.00,0.00,-142.10,0.65,0.03,-0.40,-0.82,5.28,1.11,-0.47
01/04/2026,12:57:55,208,0.00,0.00,0.00,0.00,0.00,0.00,0.00,0.00,-142.07,0.74,0.02,-0.40,-0.83,5.09,0.56,-0.39
01/04/2026,12:57:55,107,0.00,0.00,0.00,0.00,0.00,0.00,0.00,0.00,-142.03,0.71,0.03,-0.39,-0.82,5.81,0.86,-0.66
01/04/2026,12:57:55,0,0.00,0.00,0.00,0.00,0.00,0.00,0.00,0.00,-142.15,0.71,0.02,-0.39,-0.82,5.03,0.86,-0.53
01/04/2026,12:57:55,0,0.00,0.00,0.00,0.00,0.00,0.00,0.00,0.00,-142.14,0.65,0.02,-0.39,-0.82,5.31,0.95,-0.81
01/04/2026,12:58:00,0,0.00,0.00,0.00,0.00,0.00,0.00,0.00,0.00,-142.00,0.69,0.02,-0.39,-0.83,4.64,1.56,-0.94
01/04/2026,12:58:00,0,0.00,0.00,0.00,0.00,0.00,0.00,0.00,0.00,-142.00,0.78,0.03,-0.40,-0.82,5.23,1.27,-0.25
01/04/2026,12:58:00,0,0.00,0.00,0.00,0.00,0.00,0.00,0.00,0.00,-142.08,0.75,0.02,-0.39,-0.82,4.89,0.75,-0.52
01/04/2026,12:58:00,0,0.00,0.00,0.00,0.00,0.00,0.00,0.00,0.00,-142.05,0.64,0.03,-0.40,-0.83,4.75,0.44,-0.56
01/04/2026,12:58:00,0,0.00,0.00,0.00,0.00,0.00,0.00,0.00,0.00,-142.08,0.65,0.03,-0.39,-0.82,4.89,0.95,-0.59
01/04/2026,12:58:05,0,0.00,0.00,0.00,0.00,0.00,0.00,0.00,0.00,-142.07,0.78,0.02,-0.39,-0.82,4.84,1.31,-0.08
01/04/2026,12:58:05,0,0.00,0.00,0.00,0.00,0.00,0.00,0.00,0.00,-142.10,0.78,0.02,-0.39,-0.83,5.38,0.80,-0.80
01/04/2026,12:58:05,0,0.00,0.00,0.00,0.00,0.00,0.00,0.00,0.00,-142.06,0.79,0.03,-0.39,-0.83,5.42,1.00,-1.00
01/04/2026,12:58:05,0,0.00,0.00,0.00,0.00,0.00,0.00,0.00,0.00,-141.82,0.54,0.02,-0.40,-0.82,5.53,0.08,-0.11
01/04/2026,12:58:05,0,0.00,0.00,0.00,0.00,0.00,0.00,0.00,0.00,-141.86,0.56,0.03,-0.40,-0.82,4.83,0.88,-0.47
01/04/2026,12:58:10,0,0.00,0.00,0.00,0.00,0.00,0.00,0.00,0.00,-141.91,0.61,0.02,-0.40,-0.82,4.84,0.94,-1.00
01/04/2026,12:58:10,0,0.00,0.00,0.00,0.00,0.00,0.00,0.00,0.00,-141.89,0.79,0.02,-0.40,-0.82,5.81,1.03,-0.41
01/04/2026,12:58:10,0,0.00,0.00,0.00,0.00,0.00,0.00,0.00,0.00,-141.97,0.87,0.02,-0.40,-0.82,5.02,0.81,-0.67
01/04/2026,12:58:10,0,0.00,0.00,0.00,0.00,0.00,0.00,0.00,0.00,-142.00,0.82,0.02,-0.40,-0.82,5.66,1.02,-0.28
01/04/2026,12:58:10,0,0.00,0.00,0.00,0.00,0.00,0.00,0.00,0.00,-142.03,0.89,0.02,-0.40,-0.83,4.23,0.55,-0.69
01/04/2026,12:58:15,0,0.00,0.00,0.00,0.00,0.00,0.00,0.00,0.00,-141.97,0.98,0.02,-0.40,-0.82,4.47,0.50,-1.30
01/04/2026,12:58:15,0,0.00,0.00,0.00,0.00,0.00,0.00,0.00,0.00,-142.07,1.07,0.02,-0.40,-0.82,5.34,0.88,-0.55
01/04/2026,12:58:15,0,0.00,0.00,0.00,0.00,0.00,0.00,0.00,0.00,-141.92,0.87,0.02,-0.40,-0.82,4.81,1.09,-0.78
01/04/2026,12:58:15,0,0.00,0.00,0.00,0.00,0.00,0.00,0.00,0.00,-141.87,0.92,0.02,-0.39,-0.82,5.56,1.39,-0.12
01/04/2026,12:58:15,0,0.00,0.00,0.00,0.00,0.00,0.00,0.00,0.00,-138.99,3.25,0.03,-0.41,-0.85,-4.95,-0.59,0.05
01/04/2026,12:58:20,0,0.00,0.00,0.00,0.00,0.00,0.00,0.00,0.00,-140.05,2.61,0.01,-0.40,-0.82,4.89,1.05,-1.05
01/04/2026,12:58:20,0,0.00,0.00,0.00,0.00,0.00,0.00,0.00,0.00,-140.70,2.31,0.02,-0.39,-0.83,2.92,1.64,-0.94
01/04/2026,12:58:20,0,0.00,0.00,0.00,0.00,0.00,0.00,0.00,0.00,-141.12,2.00,0.02,-0.39,-0.83,5.75,1.22,-0.20
01/04/2026,12:58:20,107,0.00,0.00,0.00,0.00,0.00,0.00,0.00,0.00,-141.35,1.71,0.01,-0.39,-0.83,4.89,0.77,-0.33
01/04/2026,12:58:20,260,0.00,0.00,0.00,0.00,0.00,0.00,0.00,0.00,-141.53,1.64,0.02,-0.39,-0.82,5.77,0.50,-0.47
01/04/2026,12:58:25,366,0.00,0.00,0.00,0.00,0.00,0.00,0.00,0.00,-141.72,1.57,0.02,-0.39,-0.82,4.95,0.80,-1.03
01/04/2026,12:58:25,304,0.00,0.00,0.00,0.00,0.00,0.00,0.00,0.00,-141.88,1.53,0.02,-0.39,-0.82,4.89,1.31,-0.53
01/04/2026,12:58:25,200,0.00,0.00,0.00,0.00,0.00,0.00,0.00,0.00,-141.92,1.58,0.02,-0.40,-0.83,4.52,0.98,0.34
01/04/2026,12:58:25,0,0.00,0.00,0.00,0.00,0.00,0.00,0.00,0.00,-141.98,1.49,0.02,-0.39,-0.82,5.59,0.11,-0.97
01/04/2026,12:58:25,0,0.00,0.00,0.00,0.00,0.00,0.00,0.00,0.00,-142.08,1.41,0.02,-0.39,-0.82,5.12,0.95,-0.84
01/04/2026,12:58:30,0,0.00,0.00,0.00,0.00,0.00,0.00,0.00,0.00,-142.12,1.41,0.02,-0.39,-0.82,5.56,1.81,-0.34
01/04/2026,12:58:30,0,0.00,0.00,0.00,0.00,0.00,0.00,0.00,0.00,-142.18,1.28,0.02,-0.39,-0.82,4.44,1.52,-0.62
01/04/2026,12:58:30,0,0.00,0.00,0.00,0.00,0.00,0.00,0.00,0.00,-142.04,1.31,0.01,-0.39,-0.82,5.56,0.72,-0.12
01/04/2026,12:58:30,0,0.00,0.00,0.00,0.00,0.00,0.00,0.00,0.00,-142.13,1.26,0.01,-0.39,-0.83,4.72,1.27,-0.97
01/04/2026,12:58:30,0,0.00,0.00,0.00,0.00,0.00,0.00,0.00,0.00,-142.11,1.27,0.01,-0.39,-0.82,5.34,1.45,-0.91
01/04/2026,12:58:35,0,0.00,0.00,0.00,0.00,0.00,0.00,0.00,0.00,-142.16,1.38,0.01,-0.40,-0.83,4.39,1.25,-0.66
01/04/2026,12:58:35,0,0.00,0.00,0.00,0.00,0.00,0.00,0.00,0.00,-142.19,1.44,0.01,-0.39,-0.82,5.50,0.92,-1.08
01/04/2026,12:58:35,0,0.00,0.00,0.00,0.00,0.00,0.00,0.00,0.00,-142.13,1.41,0.01,-0.40,-0.82,4.98,1.11,-0.25
01/04/2026,12:58:35,0,0.00,0.00,0.00,0.00,0.00,0.00,0.00,0.00,-142.14,1.56,0.02,-0.40,-0.82,5.56,0.91,-0.31
01/04/2026,12:58:35,0,0.00,0.00,0.00,0.00,0.00,0.00,0.00,0.00,-142.12,1.52,0.01,-0.39,-0.82,5.22,0.89,-1.12
01/04/2026,12:58:40,0,0.00,0.00,0.00,0.00,0.00,0.00,0.00,0.00,-142.22,1.54,0.02,-0.39,-0.83,5.09,1.25,-0.95
01/04/2026,12:58:40,0,0.00,0.00,0.00,0.00,0.00,0.00,0.00,0.00,-142.19,1.64,0.02,-0.39,-0.82,4.69,1.64,-0.22
01/04/2026,12:58:40,0,0.00,0.00,0.00,0.00,0.00,0.00,0.00,0.00,-142.11,1.60,0.01,-0.39,-0.83,4.86,1.00,-0.73
01/04/2026,12:58:40,0,0.00,0.00,0.00,0.00,0.00,0.00,0.00,0.00,-142.07,1.49,0.02,-0.39,-0.83,5.05,1.73,-0.42
01/04/2026,12:58:40,0,0.00,0.00,0.00,0.00,0.00,0.00,0.00,0.00,-142.10,1.53,0.01,-0.39,-0.83,5.67,0.81,-0.23
01/04/2026,12:58:45,0,0.00,0.00,0.00,0.00,0.00,0.00,0.00,0.00,-142.17,1.42,0.02,-0.40,-0.82,5.42,0.81,-0.81
01/04/2026,12:58:45,0,0.00,0.00,0.00,0.00,0.00,0.00,0.00,0.00,-142.15,1.52,0.02,-0.39,-0.82,5.14,0.66,-0.53
01/04/2026,12:58:45,0,0.00,0.00,0.00,0.00,0.00,0.00,0.00,0.00,-142.11,1.46,0.01,-0.39,-0.82,5.16,0.94,-0.41
01/04/2026,12:58:45,0,0.00,0.00,0.00,0.00,0.00,0.00,0.00,0.00,-142.12,1.48,0.02,-0.40,-0.83,3.52,1.25,-0.81
01/04/2026,12:58:45,0,0.00,0.00,0.00,0.00,0.00,0.00,0.00,0.00,-142.16,1.61,0.02,-0.40,-0.82,4.98,1.58,-0.33
01/04/2026,12:58:50,0,0.00,0.00,0.00,0.00,0.00,0.00,0.00,0.00,-142.11,1.61,0.02,-0.39,-0.82,4.31,0.67,-0.72
01/04/2026,12:58:50,0,0.00,0.00,0.00,0.00,0.00,0.00,0.00,0.00,-142.10,1.43,0.01,-0.40,-0.82,4.83,1.09,-0.23
01/04/2026,12:58:50,0,0.00,0.00,0.00,0.00,0.00,0.00,0.00,0.00,-142.22,1.47,0.01,-0.39,-0.82,4.81,0.94,-1.41
01/04/2026,12:58:50,0,0.00,0.00,0.00,0.00,0.00,0.00,0.00,0.00,-142.18,1.44,0.01,-0.39,-0.82,4.66,1.53,-0.77
01/04/2026,12:58:50,0,0.00,0.00,0.00,0.00,0.00,0.00,0.00,0.00,-142.14,1.42,0.01,-0.39,-0.82,5.81,1.38,0.48
01/04/2026,12:58:55,0,0.00,0.00,0.00,0.00,0.00,0.00,0.00,0.00,-142.16,1.48,0.01,-0.39,-0.82,4.34,1.44,0.17
01/04/2026,12:58:55,0,0.00,0.00,0.00,0.00,0.00,0.00,0.00,0.00,-142.10,1.54,0.02,-0.39,-0.82,4.80,1.66,-0.38
01/04/2026,12:58:55,0,0.00,0.00,0.00,0.00,0.00,0.00,0.00,0.00,-141.98,1.57,0.02,-0.40,-0.82,6.34,1.22,-0.92
01/04/2026,12:58:55,0,0.00,0.00,0.00,0.00,0.00,0.00,0.00,0.00,-142.08,1.57,0.02,-0.39,-0.82,4.11,1.30,-0.53
01/04/2026,12:58:55,0,0.00,0.00,0.00,0.00,0.00,0.00,0.00,0.00,-142.24,1.63,0.02,-0.39,-0.83,5.41,0.91,-0.56
01/04/2026,12:59:00,0,0.00,0.00,0.00,0.00,0.00,0.00,0.00,0.00,-144.38,1.01,0.03,-0.43,-0.83,0.08,5.06,-4.48
01/04/2026,12:59:00,0,0.00,0.00,0.00,0.00,0.00,0.00,0.00,0.00,-143.31,1.07,0.02,-0.39,-0.83,7.61,0.73,-0.39
01/04/2026,12:59:00,0,0.00,0.00,0.00,0.00,0.00,0.00,0.00,0.00,-142.98,1.20,0.02,-0.39,-0.83,5.09,1.23,0.12
01/04/2026,12:59:00,0,0.00,0.00,0.00,0.00,0.00,0.00,0.00,0.00,-142.69,1.23,0.02,-0.39,-0.82,5.31,0.48,-0.14
01/04/2026,12:59:00,0,0.00,0.00,0.00,0.00,0.00,0.00,0.00,0.00,-142.52,1.27,0.02,-0.39,-0.82,4.88,1.50,-0.17
01/04/2026,12:59:05,0,0.00,0.00,0.00,0.00,0.00,0.00,0.00,0.00,-142.37,1.46,0.02,-0.39,-0.82,5.09,1.36,-0.48
01/04/2026,12:59:05,0,0.00,0.00,0.00,0.00,0.00,0.00,0.00,0.00,-142.35,1.38,0.02,-0.39,-0.82,5.56,0.22,-0.48
01/04/2026,12:59:05,0,0.00,0.00,0.00,0.00,0.00,0.00,0.00,0.00,-142.29,1.35,0.02,-0.39,-0.83,4.88,0.98,-0.31
01/04/2026,12:59:05,0,0.00,0.00,0.00,0.00,0.00,0.00,0.00,0.00,-142.17,1.44,0.02,-0.39,-0.83,8.28,1.09,0.23
01/04/2026,12:59:05,0,0.00,0.00,0.00,0.00,0.00,0.00,0.00,0.00,-142.24,1.53,0.02,-0.39,-0.82,4.64,1.25,-0.98
01/04/2026,12:59:10,0,0.00,0.00,0.00,0.00,0.00,0.00,0.00,0.00,-142.23,1.40,0.02,-0.39,-0.83,5.53,0.59,-0.72
01/04/2026,12:59:10,0,0.00,0.00,0.00,0.00,0.00,0.00,0.00,0.00,-142.20,1.44,0.02,-0.39,-0.83,5.69,0.70,-0.36
01/04/2026,12:59:10,0,0.00,0.00,0.00,0.00,0.00,0.00,0.00,0.00,-142.26,1.38,0.02,-0.39,-0.83,4.75,1.19,0.08
01/04/2026,12:59:10,0,0.00,0.00,0.00,0.00,0.00,0.00,0.00,0.00,-142.14,1.29,0.02,-0.39,-0.83,5.28,0.67,0.17
01/04/2026,12:59:10,0,0.00,0.00,0.00,0.00,0.00,0.00,0.00,0.00,-142.13,1.26,0.02,-0.39,-0.83,4.72,0.86,-0.58
01/04/2026,12:59:15,0,0.00,0.00,0.00,0.00,0.00,0.00,0.00,0.00,-142.13,1.22,0.02,-0.39,-0.83,5.02,1.05,-1.08
01/04/2026,12:59:15,0,0.00,0.00,0.00,0.00,0.00,0.00,0.00,0.00,-142.14,1.30,0.02,-0.39,-0.82,4.69,1.19,-1.08
01/04/2026,12:59:15,0,0.00,0.00,0.00,0.00,0.00,0.00,0.00,0.00,-142.21,1.34,0.02,-0.39,-0.83,5.44,1.16,-0.94
01/04/2026,12:59:15,0,0.00,0.00,0.00,0.00,0.00,0.00,0.00,0.00,-142.21,1.35,0.02,-0.39,-0.83,5.44,0.97,-0.38
01/04/2026,12:59:15,0,0.00,0.00,0.00,0.00,0.00,0.00,0.00,0.00,-142.26,1.39,0.02,-0.39,-0.82,5.62,1.09,0.03
01/04/2026,12:59:20,0,0.00,0.00,0.00,0.00,0.00,0.00,0.00,0.00,-142.23,1.32,0.02,-0.39,-0.82,4.50,0.84,-0.56
01/04/2026,12:59:20,0,0.00,0.00,0.00,0.00,0.00,0.00,0.00,0.00,-142.21,1.39,0.02,-0.39,-0.82,5.48,0.94,0.31
01/04/2026,12:59:20,0,0.00,0.00,0.00,0.00,0.00,0.00,0.00,0.00,-142.15,1.35,0.02,-0.39,-0.83,5.00,1.09,-1.02
01/04/2026,12:59:20,0,0.00,0.00,0.00,0.00,0.00,0.00,0.00,0.00,-142.22,1.29,0.02,-0.39,-0.83,4.78,0.91,-0.45
01/04/2026,12:59:20,0,0.00,0.00,0.00,0.00,0.00,0.00,0.00,0.00,-142.19,1.48,0.02,-0.39,-0.83,5.30,1.28,-0.05
01/04/2026,12:59:25,0,0.00,0.00,0.00,0.00,0.00,0.00,0.00,0.00,-142.13,1.47,0.02,-0.39,-0.83,4.64,1.67,-0.91
01/04/2026,12:59:25,0,0.00,0.00,0.00,0.00,0.00,0.00,0.00,0.00,-142.13,1.42,0.02,-0.39,-0.83,5.58,1.53,-0.77
01/04/2026,12:59:25,0,0.00,0.00,0.00,0.00,0.00,0.00,0.00,0.00,-142.10,1.44,0.02,-0.39,-0.82,5.58,0.44,-0.12
01/04/2026,12:59:25,0,0.00,0.00,0.00,0.00,0.00,0.00,0.00,0.00,-142.06,1.37,0.02,-0.39,-0.82,5.03,0.88,-0.36
01/04/2026,12:59:25,0,0.00,0.00,0.00,0.00,0.00,0.00,0.00,0.00,-142.10,1.34,0.02,-0.39,-0.82,5.02,1.48,-0.55
01/04/2026,12:59:30,0,0.00,0.00,0.00,0.00,0.00,0.00,0.00,0.00,-142.09,1.37,0.02,-0.39,-0.82,4.92,1.03,-0.58
01/04/2026,12:59:30,0,0.00,0.00,0.00,0.00,0.00,0.00,0.00,0.00,-142.08,1.32,0.02,-0.39,-0.82,5.05,1.50,-0.19
01/04/2026,12:59:30,0,0.00,0.00,0.00,0.00,0.00,0.00,0.00,0.00,-142.13,1.30,0.02,-0.40,-0.83,5.12,1.30,-0.78
01/04/2026,12:59:30,0,0.00,0.00,0.00,0.00,0.00,0.00,0.00,0.00,-142.06,1.18,0.02,-0.39,-0.82,5.64,0.44,-0.48
01/04/2026,12:59:30,0,0.00,0.00,0.00,0.00,0.00,0.00,0.00,0.00,-142.19,1.19,0.02,-0.39,-0.83,4.75,1.08,-0.95
01/04/2026,12:59:35,0,0.00,0.00,0.00,0.00,0.00,0.00,0.00,0.00,-142.11,1.13,0.02,-0.39,-0.82,4.66,1.11,-0.36
01/04/2026,12:59:35,0,0.00,0.00,0.00,0.00,0.00,0.00,0.00,0.00,-142.07,1.21,0.02,-0.39,-0.82,5.41,1.64,-0.25
01/04/2026,12:59:35,0,0.00,0.00,0.00,0.00,0.00,0.00,0.00,0.00,-142.06,1.22,0.02,-0.40,-0.82,5.20,0.64,-0.27
01/04/2026,12:59:35,0,0.00,0.00,0.00,0.00,0.00,0.00,0.00,0.00,-142.11,1.13,0.02,-0.39,-0.83,5.12,0.72,-0.70
01/04/2026,12:59:35,0,0.00,0.00,0.00,0.00,0.00,0.00,0.00,0.00,-142.14,1.18,0.02,-0.39,-0.83,4.53,1.38,-0.69
01/04/2026,12:59:40,0,0.00,0.00,0.00,0.00,0.00,0.00,0.00,0.00,-142.13,1.18,0.02,-0.39,-0.82,5.22,0.52,-0.59
01/04/2026,12:59:40,0,0.00,0.00,0.00,0.00,0.00,0.00,0.00,0.00,-142.12,1.22,0.02,-0.39,-0.82,5.03,1.05,-0.81
01/04/2026,12:59:40,0,0.00,0.00,0.00,0.00,0.00,0.00,0.00,0.00,-142.19,1.38,0.02,-0.39,-0.82,5.31,1.39,-0.70
01/04/2026,12:59:40,0,0.00,0.00,0.00,0.00,0.00,0.00,0.00,0.00,-142.12,1.38,0.02,-0.39,-0.82,5.45,0.61,-0.20
01/04/2026,12:59:40,0,0.00,0.00,0.00,0.00,0.00,0.00,0.00,0.00,-142.17,1.36,0.02,-0.39,-0.83,4.84,0.97,-0.70
01/04/2026,12:59:45,0,0.00,0.00,0.00,0.00,0.00,0.00,0.00,0.00,-142.20,1.38,0.02,-0.39,-0.82,5.11,0.53,-0.38
01/04/2026,12:59:45,0,0.00,0.00,0.00,0.00,0.00,0.00,0.00,0.00,-142.12,1.26,0.02,-0.39,-0.82,5.34,1.17,-1.03
01/04/2026,12:59:45,0,0.00,0.00,0.00,0.00,0.00,0.00,0.00,0.00,-142.10,1.28,0.01,-0.39,-0.82,5.39,0.97,-0.39
01/04/2026,12:59:45,0,0.00,0.00,0.00,0.00,0.00,0.00,0.00,0.00,-142.08,1.21,0.02,-0.39,-0.83,5.73,0.98,-0.66
01/04/2026,12:59:45,0,0.00,0.00,0.00,0.00,0.00,0.00,0.00,0.00,-142.05,1.36,0.02,-0.39,-0.83,4.47,1.31,-0.75
01/04/2026,12:59:50,0,0.00,0.00,0.00,0.00,0.00,0.00,0.00,0.00,-142.11,1.45,0.02,-0.39,-0.82,4.53,0.95,-0.12
01/04/2026,12:59:50,0,0.00,0.00,0.00,0.00,0.00,0.00,0.00,0.00,-142.06,1.50,0.02,-0.39,-0.83,5.27,0.88,-0.62
01/04/2026,12:59:50,0,0.00,0.00,0.00,0.00,0.00,0.00,0.00,0.00,-142.12,1.46,0.02,-0.39,-0.83,5.00,0.86,-0.67
01/04/2026,12:59:50,0,0.00,0.00,0.00,0.00,0.00,0.00,0.00,0.00,-142.05,1.43,0.02,-0.39,-0.82,4.94,1.25,-0.84
01/04/2026,12:59:50,0,0.00,0.00,0.00,0.00,0.00,0.00,0.00,0.00,-141.99,1.48,0.02,-0.39,-0.83,5.39,1.66,-0.61
01/04/2026,12:59:55,0,0.00,0.00,0.00,0.00,0.00,0.00,0.00,0.00,-141.98,1.30,0.02,-0.39,-0.82,5.33,0.89,0.30
01/04/2026,12:59:55,0,0.00,0.00,0.00,0.00,0.00,0.00,0.00,0.00,-142.08,1.27,0.02,-0.39,-0.83,4.98,0.98,-0.62
01/04/2026,12:59:55,0,0.00,0.00,0.00,0.00,0.00,0.00,0.00,0.00,-142.02,1.41,0.02,-0.39,-0.82,4.88,1.78,-0.75
01/04/2026,12:59:55,0,0.00,0.00,0.00,0.00,0.00,0.00,0.00,0.00,-142.02,1.45,0.02,-0.39,-0.82,5.22,1.50,-0.70
01/04/2026,12:59:55,0,0.00,0.00,0.00,0.00,0.00,0.00,0.00,0.00,-142.08,1.54,0.02,-0.39,-0.82,2.86,1.39,-1.06
01/04/2026,13:00:00,0,0.00,0.00,0.00,0.00,0.00,0.00,0.00,0.00,-142.14,1.47,0.01,-0.39,-0.82,-1.03,1.19,0.11
01/04/2026,13:00:00,0,0.00,0.00,0.00,0.00,0.00,0.00,0.00,0.00,-142.06,1.14,0.02,-0.39,-0.84,8.28,1.38,-1.06
01/04/2026,13:00:00,0,0.00,0.00,0.00,0.00,0.00,0.00,0.00,0.00,-142.09,1.12,0.02,-0.39,-0.83,4.12,0.84,-0.94
01/04/2026,13:00:00,0,0.00,0.00,0.00,0.00,0.00,0.00,0.00,0.00,-142.03,1.03,0.02,-0.39,-0.82,2.22,1.50,-0.88
01/04/2026,13:00:00,0,0.00,0.00,0.00,0.00,0.00,0.00,0.00,0.00,-142.08,0.92,0.02,-0.39,-0.82,5.58,0.70,-0.77
01/04/2026,13:00:05,0,0.00,0.00,0.00,0.00,0.00,0.00,0.00,0.00,-142.16,0.78,0.02,-0.39,-0.82,2.58,0.98,-0.97
01/04/2026,13:00:05,0,0.00,0.00,0.00,0.00,0.00,0.00,0.00,0.00,-141.97,1.07,0.02,-0.39,-0.82,6.58,0.44,0.17
01/04/2026,13:00:05,0,0.00,0.00,0.00,0.00,0.00,0.00,0.00,0.00,-141.82,1.05,0.02,-0.39,-0.82,5.03,1.00,-0.31
01/04/2026,13:00:05,0,0.00,0.00,0.00,0.00,0.00,0.00,0.00,0.00,-141.63,1.00,0.02,-0.39,-0.83,7.17,1.50,-0.59
01/04/2026,13:00:05,0,0.00,0.00,0.00,0.00,0.00,0.00,0.00,0.00,-141.98,1.30,0.02,-0.40,-0.82,5.94,1.12,0.09
01/04/2026,13:00:10,0,0.00,0.00,0.00,0.00,0.00,0.00,0.00,0.00,-141.97,1.23,0.02,-0.39,-0.83,5.88,0.89,-1.02
01/04/2026,13:00:10,0,0.00,0.00,0.00,0.00,0.00,0.00,0.00,0.00,-142.18,1.21,0.02,-0.39,-0.82,3.77,1.02,-0.41
01/04/2026,13:00:10,0,0.00,0.00,0.00,0.00,0.00,0.00,0.00,0.00,-142.03,1.16,0.02,-0.39,-0.82,4.97,0.92,-0.31
01/04/2026,13:00:10,0,0.00,0.00,0.00,0.00,0.00,0.00,0.00,0.00,-142.05,1.11,0.02,-0.39,-0.82,5.50,0.33,-0.06
01/04/2026,13:00:10,0,0.00,0.00,0.00,0.00,0.00,0.00,0.00,0.00,-142.13,1.13,0.02,-0.39,-0.83,5.19,1.28,-0.70
01/04/2026,13:00:15,0,0.00,0.00,0.00,0.00,0.00,0.00,0.00,0.00,-142.15,1.28,0.02,-0.39,-0.82,4.17,1.12,-0.75
01/04/2026,13:00:15,0,0.00,0.00,0.00,0.00,0.00,0.00,0.00,0.00,-142.10,1.36,0.02,-0.39,-0.82,5.25,0.95,-0.91
01/04/2026,13:00:15,0,0.00,0.00,0.00,0.00,0.00,0.00,0.00,0.00,-142.10,1.33,0.02,-0.39,-0.83,5.03,0.48,-0.42
01/04/2026,13:00:15,0,0.00,0.00,0.00,0.00,0.00,0.00,0.00,0.00,-142.09,1.35,0.02,-0.39,-0.82,4.72,0.75,0.03
01/04/2026,13:00:15,0,0.00,0.00,0.00,0.00,0.00,0.00,0.00,0.00,-142.10,1.29,0.02,-0.39,-0.83,4.83,1.20,-0.73
01/04/2026,13:00:20,0,0.00,0.00,0.00,0.00,0.00,0.00,0.00,0.00,-142.16,1.35,0.02,-0.39,-0.83,4.95,1.42,-0.27
01/04/2026,13:00:20,0,0.00,0.00,0.00,0.00,0.00,0.00,0.00,0.00,-142.12,1.30,0.02,-0.39,-0.82,4.53,0.83,-0.84
01/04/2026,13:00:20,84,0.00,0.00,0.00,0.00,0.00,0.00,0.00,0.00,-142.14,1.29,0.02,-0.39,-0.83,4.89,0.53,-0.47
01/04/2026,13:00:20,185,0.00,0.00,0.00,0.00,0.00,0.00,0.00,0.00,-142.10,1.24,0.02,-0.39,-0.82,4.77,0.59,-0.69
01/04/2026,13:00:20,281,0.00,0.00,0.00,0.00,0.00,0.00,0.00,0.00,-142.12,1.31,0.02,-0.39,-0.82,4.55,0.77,-0.50
01/04/2026,13:00:25,240,0.00,0.00,0.00,0.00,0.00,0.00,0.00,0.00,-142.12,1.20,0.02,-0.39,-0.82,4.89,0.69,-0.66
01/04/2026,13:00:25,190,0.00,0.00,0.00,0.00,0.00,0.00,0.00,0.00,-142.13,1.16,0.02,-0.39,-0.82,4.33,0.58,-0.72
01/04/2026,13:00:25,94,0.00,0.00,0.00,0.00,0.00,0.00,0.00,0.00,-142.01,1.08,0.02,-0.39,-0.83,5.33,0.56,-0.69
01/04/2026,13:00:25,0,0.00,0.00,0.00,0.00,0.00,0.00,0.00,0.00,-142.09,1.29,0.02,-0.39,-0.83,5.36,1.30,-0.34
01/04/2026,13:00:25,0,0.00,0.00,0.00,0.00,0.00,0.00,0.00,0.00,-142.14,1.25,0.02,-0.39,-0.83,4.88,0.89,-0.25
01/04/2026,13:00:30,0,0.00,0.00,0.00,0.00,0.00,0.00,0.00,0.00,-142.17,1.16,0.02,-0.39,-0.82,5.69,0.66,-0.81
01/04/2026,13:00:30,0,0.00,0.00,0.00,0.00,0.00,0.00,0.00,0.00,-142.28,1.14,0.02,-0.39,-0.82,4.47,0.50,-0.77
01/04/2026,13:00:30,0,0.00,0.00,0.00,0.00,0.00,0.00,0.00,0.00,-142.22,1.05,0.02,-0.40,-0.83,5.31,0.62,-0.81
01/04/2026,13:00:30,0,0.00,0.00,0.00,0.00,0.00,0.00,0.00,0.00,-142.11,1.07,0.02,-0.39,-0.82,5.34,0.73,-0.20
01/04/2026,13:00:30,0,0.00,0.00,0.00,0.00,0.00,0.00,0.00,0.00,-142.03,1.10,0.02,-0.39,-0.82,5.09,0.92,-0.41
01/04/2026,13:00:35,0,0.00,0.00,0.00,0.00,0.00,0.00,0.00,0.00,-141.97,1.20,0.02,-0.39,-0.83,5.38,0.95,-0.34
01/04/2026,13:00:35,0,0.00,0.00,0.00,0.00,0.00,0.00,0.00,0.00,-142.06,1.26,0.02,-0.39,-0.83,4.48,0.78,-0.30
01/04/2026,13:00:35,0,0.00,0.00,0.00,0.00,0.00,0.00,0.00,0.00,-142.02,1.33,0.02,-0.39,-0.82,4.56,1.39,-0.33
01/04/2026,13:00:35,0,0.00,0.00,0.00,0.00,0.00,0.00,0.00,0.00,-142.00,1.32,0.01,-0.39,-0.82,5.16,1.06,0.14
01/04/2026,13:00:35,0,0.00,0.00,0.00,0.00,0.00,0.00,0.00,0.00,-141.98,1.09,0.02,-0.39,-0.82,5.36,0.66,-0.39
01/04/2026,13:00:40,0,0.00,0.00,0.00,0.00,0.00,0.00,0.00,0.00,-141.97,1.16,0.02,-0.40,-0.83,5.28,0.75,-1.16
01/04/2026,13:00:40,0,0.00,0.00,0.00,0.00,0.00,0.00,0.00,0.00,-142.05,1.16,0.02,-0.39,-0.82,4.95,0.53,-0.09
01/04/2026,13:00:40,0,0.00,0.00,0.00,0.00,0.00,0.00,0.00,0.00,-142.07,1.16,0.02,-0.39,-0.82,5.45,0.84,-0.61
01/04/2026,13:00:40,0,0.00,0.00,0.00,0.00,0.00,0.00,0.00,0.00,-142.13,1.08,0.02,-0.39,-0.82,5.69,0.56,-0.84
01/04/2026,13:00:40,0,0.00,0.00,0.00,0.00,0.00,0.00,0.00,0.00,-142.14,1.08,0.02,-0.39,-0.82,5.06,0.94,-0.56
01/04/2026,13:00:45,0,0.00,0.00,0.00,0.00,0.00,0.00,0.00,0.00,-142.09,1.27,0.02,-0.39,-0.82,5.27,1.27,-0.59
01/04/2026,13:00:45,128,0.00,0.00,0.00,0.00,0.00,0.00,0.00,0.00,-142.09,1.38,0.02,-0.39,-0.82,5.16,1.33,-0.16
01/04/2026,13:00:45,266,0.00,0.00,0.00,0.00,0.00,0.00,0.00,0.00,-142.04,1.39,0.02,-0.39,-0.83,5.73,1.22,-1.45
01/04/2026,13:00:45,278,0.00,0.00,0.00,0.00,0.00,0.00,0.00,0.00,-142.01,1.41,0.02,-0.39,-0.82,5.41,0.89,-0.80
01/04/2026,13:00:45,219,0.00,0.00,0.00,0.00,0.00,0.00,0.00,0.00,-142.04,1.32,0.02,-0.39,-0.82,5.31,1.23,-0.33
01/04/2026,13:00:50,117,0.00,0.00,0.00,0.00,0.00,0.00,0.00,0.00,-141.97,1.22,0.02,-0.39,-0.82,5.42,1.17,-0.72
01/04/2026,13:00:50,0,0.00,0.00,0.00,0.00,0.00,0.00,0.00,0.00,-142.03,1.26,0.02,-0.40,-0.82,5.38,0.94,-0.27
01/04/2026,13:00:50,0,0.00,0.00,0.00,0.00,0.00,0.00,0.00,0.00,-142.12,1.30,0.02,-0.39,-0.82,4.89,0.81,-1.19
01/04/2026,13:00:50,0,0.00,0.00,0.00,0.00,0.00,0.00,0.00,0.00,-142.08,1.23,0.02,-0.39,-0.82,4.83,1.42,-1.14
01/04/2026,13:00:50,0,0.00,0.00,0.00,0.00,0.00,0.00,0.00,0.00,-142.02,1.21,0.02,-0.39,-0.83,5.09,0.84,-0.78
01/04/2026,13:00:55,0,0.00,0.00,0.00,0.00,0.00,0.00,0.00,0.00,-142.01,1.22,0.02,-0.39,-0.82,5.36,1.03,-0.64
01/04/2026,13:00:55,0,0.00,0.00,0.00,0.00,0.00,0.00,0.00,0.00,-142.07,1.11,0.02,-0.39,-0.83,4.73,0.36,-0.41
01/04/2026,13:00:55,0,0.00,0.00,0.00,0.00,0.00,0.00,0.00,0.00,-142.07,1.12,0.02,-0.39,-0.83,5.12,0.98,-1.09
01/04/2026,13:00:55,0,0.00,0.00,0.00,0.00,0.00,0.00,0.00,0.00,-142.09,1.23,0.02,-0.39,-0.82,5.14,1.20,-0.30
01/04/2026,13:00:55,0,0.00,0.00,0.00,0.00,0.00,0.00,0.00,0.00,-142.09,1.17,0.02,-0.39,-0.82,5.39,1.02,-0.23
01/04/2026,13:01:00,0,0.00,0.00,0.00,0.00,0.00,0.00,0.00,0.00,-142.02,1.18,0.02,-0.39,-0.82,5.92,0.59,-0.27
01/04/2026,13:01:00,0,0.00,0.00,0.00,0.00,0.00,0.00,0.00,0.00,-141.98,1.28,0.02,-0.39,-0.82,4.69,1.89,-0.84
01/04/2026,13:01:00,0,0.00,0.00,0.00,0.00,0.00,0.00,0.00,0.00,-141.96,1.37,0.02,-0.39,-0.83,5.45,0.70,-0.52
01/04/2026,13:01:00,0,0.00,0.00,0.00,0.00,0.00,0.00,0.00,0.00,-141.94,1.40,0.02,-0.39,-0.83,5.31,1.62,-0.66
01/04/2026,13:01:00,0,0.00,0.00,0.00,0.00,0.00,0.00,0.00,0.00,-142.06,1.26,0.02,-0.39,-0.82,5.27,0.81,-0.58
01/04/2026,13:01:05,0,0.00,0.00,0.00,0.00,0.00,0.00,0.00,0.00,-142.02,1.20,0.02,-0.39,-0.83,5.08,0.75,-0.53
01/04/2026,13:01:05,0,0.00,0.00,0.00,0.00,0.00,0.00,0.00,0.00,-142.09,1.17,0.02,-0.40,-0.83,4.80,1.36,-0.64
01/04/2026,13:01:05,28,0.00,0.00,0.00,0.00,0.00,0.00,0.00,0.00,-142.03,1.22,0.02,-0.39,-0.83,5.08,1.62,-0.38
01/04/2026,13:01:05,0,0.00,0.00,0.00,0.00,0.00,0.00,0.00,0.00,-142.06,1.22,0.02,-0.39,-0.83,4.92,1.39,-0.06
01/04/2026,13:01:05,0,0.00,0.00,0.00,0.00,0.00,0.00,0.00,0.00,-142.06,1.24,0.02,-0.39,-0.83,5.20,1.58,-0.08
01/04/2026,13:01:10,0,0.00,0.00,0.00,0.00,0.00,0.00,0.00,0.00,-141.94,1.33,0.02,-0.39,-0.83,5.22,1.20,-0.70
01/04/2026,13:01:10,0,0.00,0.00,0.00,0.00,0.00,0.00,0.00,0.00,-142.04,1.19,0.02,-0.39,-0.82,5.09,0.80,-0.84
01/04/2026,13:01:10,0,0.00,0.00,0.00,0.00,0.00,0.00,0.00,0.00,-142.07,1.15,0.02,-0.39,-0.83,5.42,1.48,-0.30
01/04/2026,13:01:10,0,0.00,0.00,0.00,0.00,0.00,0.00,0.00,0.00,-142.01,0.96,0.02,-0.39,-0.83,4.91,0.77,0.00
01/04/2026,13:01:10,0,0.00,0.00,0.00,0.00,0.00,0.00,0.00,0.00,-141.96,1.05,0.02,-0.40,-0.82,5.47,0.98,-0.62
01/04/2026,13:01:15,0,0.00,0.00,0.00,0.00,0.00,0.00,0.00,0.00,-141.99,1.22,0.02,-0.40,-0.82,5.31,0.61,-0.42
01/04/2026,13:01:15,0,0.00,0.00,0.00,0.00,0.00,0.00,0.00,0.00,-141.96,1.12,0.02,-0.39,-0.83,4.86,0.91,-0.55
01/04/2026,13:01:15,0,0.00,0.00,0.00,0.00,0.00,0.00,0.00,0.00,-142.00,1.26,0.02,-0.39,-0.83,4.80,1.27,-0.61
01/04/2026,13:01:15,0,0.00,0.00,0.00,0.00,0.00,0.00,0.00,0.00,-142.00,1.33,0.02,-0.39,-0.82,4.48,1.19,-0.53
01/04/2026,13:01:15,0,0.00,0.00,0.00,0.00,0.00,0.00,0.00,0.00,-141.97,1.28,0.02,-0.39,-0.83,4.77,1.44,-1.09
01/04/2026,13:01:20,0,0.00,0.00,0.00,0.00,0.00,0.00,0.00,0.00,-141.93,1.27,0.02,-0.39,-0.82,5.31,0.66,-0.81
01/04/2026,13:01:20,0,0.00,0.00,0.00,0.00,0.00,0.00,0.00,0.00,-141.99,1.15,0.02,-0.39,-0.83,5.12,0.78,-0.02
01/04/2026,13:01:20,0,0.00,0.00,0.00,0.00,0.00,0.00,0.00,0.00,-141.94,1.27,0.02,-0.39,-0.83,5.14,1.50,-0.23
01/04/2026,13:01:20,0,0.00,0.00,0.00,0.00,0.00,0.00,0.00,0.00,-141.97,1.22,0.02,-0.39,-0.83,4.25,0.50,0.27
01/04/2026,13:01:20,0,0.00,0.00,0.00,0.00,0.00,0.00,0.00,0.00,-141.96,1.16,0.02,-0.39,-0.83,5.36,0.47,-0.66
01/04/2026,13:01:25,0,0.00,0.00,0.00,0.00,0.00,0.00,0.00,0.00,-142.00,1.18,0.02,-0.39,-0.83,4.73,1.52,-0.59
01/04/2026,13:01:25,0,0.00,0.00,0.00,0.00,0.00,0.00,0.00,0.00,-141.93,1.23,0.02,-0.39,-0.83,4.89,1.00,-0.33
01/04/2026,13:01:25,0,0.00,0.00,0.00,0.00,0.00,0.00,0.00,0.00,-141.96,1.13,0.02,-0.39,-0.83,4.66,0.72,-0.47
01/04/2026,13:01:25,0,0.00,0.00,0.00,0.00,0.00,0.00,0.00,0.00,-141.95,1.09,0.02,-0.39,-0.83,5.23,1.31,-0.58
01/04/2026,13:01:25,0,0.00,0.00,0.00,0.00,0.00,0.00,0.00,0.00,-142.06,1.13,0.02,-0.39,-0.83,4.97,0.86,-0.02
01/04/2026,13:01:30,0,0.00,0.00,0.00,0.00,0.00,0.00,0.00,0.00,-141.99,1.21,0.02,-0.39,-0.83,5.31,1.20,-0.38
01/04/2026,13:01:30,0,0.00,0.00,0.00,0.00,0.00,0.00,0.00,0.00,-141.93,1.23,0.02,-0.39,-0.83,5.81,1.22,-0.92
01/04/2026,13:01:30,0,0.00,0.00,0.00,0.00,0.00,0.00,0.00,0.00,-142.00,1.25,0.02,-0.39,-0.83,5.44,1.12,-0.48
01/04/2026,13:01:30,0,0.00,0.00,0.00,0.00,0.00,0.00,0.00,0.00,-141.96,1.28,0.02,-0.39,-0.82,5.42,0.83,-0.25
01/04/2026,13:01:30,0,0.00,0.00,0.00,0.00,0.00,0.00,0.00,0.00,-141.98,1.25,0.02,-0.39,-0.82,4.61,1.06,-0.53
01/04/2026,13:01:35,0,0.00,0.00,0.00,0.00,0.00,0.00,0.00,0.00,-141.99,1.31,0.02,-0.39,-0.83,6.09,0.52,-0.33
01/04/2026,13:01:35,0,0.00,0.00,0.00,0.00,0.00,0.00,0.00,0.00,-142.03,1.38,0.02,-0.39,-0.83,7.45,1.19,-0.62
01/04/2026,13:01:35,0,0.00,0.00,0.00,0.00,0.00,0.00,0.00,0.00,-142.00,1.34,0.02,-0.39,-0.82,5.05,1.17,-0.95
01/04/2026,13:01:35,0,0.00,0.00,0.00,0.00,0.00,0.00,0.00,0.00,-142.00,1.28,0.02,-0.40,-0.82,4.84,1.09,-0.86
01/04/2026,13:01:35,0,0.00,0.00,0.00,0.00,0.00,0.00,0.00,0.00,-141.97,1.35,0.02,-0.39,-0.82,4.81,1.09,-0.62
01/04/2026,13:01:40,0,0.00,0.00,0.00,0.00,0.00,0.00,0.00,0.00,-141.94,1.45,0.02,-0.39,-0.83,4.45,1.41,-0.12
01/04/2026,13:01:40,0,0.00,0.00,0.00,0.00,0.00,0.00,0.00,0.00,-141.88,1.47,0.02,-0.39,-0.83,5.41,1.12,-0.62
01/04/2026,13:01:40,0,0.00,0.00,0.00,0.00,0.00,0.00,0.00,0.00,-141.92,1.40,0.02,-0.39,-0.83,4.72,0.33,-0.56
01/04/2026,13:01:40,0,0.00,0.00,0.00,0.00,0.00,0.00,0.00,0.00,-141.93,1.30,0.01,-0.40,-0.82,4.81,1.03,-0.58
01/04/2026,13:01:40,0,0.00,0.00,0.00,0.00,0.00,0.00,0.00,0.00,-141.82,1.36,0.02,-0.39,-0.83,5.08,0.56,-0.28
01/04/2026,13:01:45,0,0.00,0.00,0.00,0.00,0.00,0.00,0.00,0.00,-141.86,1.32,0.02,-0.39,-0.83,5.31,0.75,-0.56
01/04/2026,13:01:45,0,0.00,0.00,0.00,0.00,0.00,0.00,0.00,0.00,-142.00,1.27,0.02,-0.39,-0.83,5.05,0.45,-0.48
01/04/2026,13:01:45,0,0.00,0.00,0.00,0.00,0.00,0.00,0.00,0.00,-141.96,1.26,0.02,-0.39,-0.82,4.73,0.45,-0.89
01/04/2026,13:01:45,0,0.00,0.00,0.00,0.00,0.00,0.00,0.00,0.00,-142.01,1.19,0.02,-0.39,-0.83,4.89,1.20,-0.72
01/04/2026,13:01:45,0,0.00,0.00,0.00,0.00,0.00,0.00,0.00,0.00,-142.01,1.19,0.02,-0.39,-0.83,5.06,0.92,-0.58
01/04/2026,13:01:50,0,0.00,0.00,0.00,0.00,0.00,0.00,0.00,0.00,-142.04,1.17,0.02,-0.39,-0.83,4.66,0.98,-0.36
01/04/2026,13:01:50,0,0.00,0.00,0.00,0.00,0.00,0.00,0.00,0.00,-141.99,1.19,0.02,-0.39,-0.83,5.45,1.16,-0.98
01/04/2026,13:01:50,0,0.00,0.00,0.00,0.00,0.00,0.00,0.00,0.00,-142.04,1.30,0.02,-0.39,-0.82,4.62,1.59,-0.55
01/04/2026,13:01:50,0,0.00,0.00,0.00,0.00,0.00,0.00,0.00,0.00,-142.12,1.24,0.02,-0.39,-0.82,5.05,0.03,-0.12
01/04/2026,13:01:50,0,0.00,0.00,0.00,0.00,0.00,0.00,0.00,0.00,-141.95,1.37,0.02,-0.39,-0.82,4.81,1.06,-0.38
01/04/2026,13:01:55,0,0.00,0.00,0.00,0.00,0.00,0.00,0.00,0.00,-141.94,1.29,0.02,-0.39,-0.82,5.31,0.95,-0.41
01/04/2026,13:01:55,0,0.00,0.00,0.00,0.00,0.00,0.00,0.00,0.00,-141.96,1.26,0.02,-0.40,-0.82,5.73,0.42,0.53
01/04/2026,13:01:55,0,0.00,0.00,0.00,0.00,0.00,0.00,0.00,0.00,-142.06,1.35,0.02,-0.39,-0.82,5.22,1.09,-0.55
01/04/2026,13:01:55,0,0.00,0.00,0.00,0.00,0.00,0.00,0.00,0.00,-141.94,1.26,0.02,-0.39,-0.82,5.03,1.02,-0.09
01/04/2026,13:01:55,0,0.00,0.00,0.00,0.00,0.00,0.00,0.00,0.00,-141.96,1.23,0.02,-0.39,-0.82,5.20,0.72,-1.48
01/04/2026,13:02:00,0,0.00,0.00,0.00,0.00,0.00,0.00,0.00,0.00,-141.92,1.25,0.02,-0.39,-0.83,4.89,1.14,-0.17
01/04/2026,13:02:00,0,0.00,0.00,0.00,0.00,0.00,0.00,0.00,0.00,-141.94,1.23,0.02,-0.39,-0.82,5.59,0.92,-0.62
01/04/2026,13:02:00,0,0.00,0.00,0.00,0.00,0.00,0.00,0.00,0.00,-141.90,1.21,0.02,-0.39,-0.82,5.61,0.73,-0.39
01/04/2026,13:02:00,0,0.00,0.00,0.00,0.00,0.00,0.00,0.00,0.00,-141.91,1.22,0.02,-0.39,-0.82,4.80,1.58,-0.33
01/04/2026,13:02:00,0,0.00,0.00,0.00,0.00,0.00,0.00,0.00,0.00,-141.87,1.20,0.02,-0.39,-0.83,4.78,0.59,-1.12
01/04/2026,13:02:05,0,0.00,0.00,0.00,0.00,0.00,0.00,0.00,0.00,-142.02,1.22,0.02,-0.39,-0.83,4.05,1.69,-0.77
01/04/2026,13:02:05,0,0.00,0.00,0.00,0.00,0.00,0.00,0.00,0.00,-142.01,1.20,0.02,-0.39,-0.83,4.77,1.28,-0.59
01/04/2026,13:02:05,0,0.00,0.00,0.00,0.00,0.00,0.00,0.00,0.00,-141.94,1.17,0.02,-0.39,-0.83,5.70,1.00,-0.12
01/04/2026,13:02:05,0,0.00,0.00,0.00,0.00,0.00,0.00,0.00,0.00,-142.06,1.26,0.02,-0.39,-0.82,5.03,1.09,-0.44
01/04/2026,13:02:05,0,0.00,0.00,0.00,0.00,0.00,0.00,0.00,0.00,-142.09,1.27,0.02,-0.40,-0.82,5.16,0.80,-0.72
01/04/2026,13:02:10,0,0.00,0.00,0.00,0.00,0.00,0.00,0.00,0.00,-142.04,1.24,0.02,-0.39,-0.82,5.22,1.05,-0.06
01/04/2026,13:02:10,0,0.00,0.00,0.00,0.00,0.00,0.00,0.00,0.00,-141.95,1.27,0.02,-0.39,-0.82,5.31,0.64,-0.53
01/04/2026,13:02:10,0,0.00,0.00,0.00,0.00,0.00,0.00,0.00,0.00,-142.08,1.25,0.02,-0.39,-0.82,5.41,1.16,-0.98
01/04/2026,13:02:10,0,0.00,0.00,0.00,0.00,0.00,0.00,0.00,0.00,-142.09,1.12,0.02,-0.39,-0.82,5.70,1.38,-0.17
01/04/2026,13:02:10,0,0.00,0.00,0.00,0.00,0.00,0.00,0.00,0.00,-142.05,1.10,0.02,-0.39,-0.82,4.55,1.00,-1.42
01/04/2026,13:02:15,0,0.00,0.00,0.00,0.00,0.00,0.00,0.00,0.00,-142.07,1.12,0.02,-0.39,-0.83,4.42,1.81,-0.47
01/04/2026,13:02:15,0,0.00,0.00,0.00,0.00,0.00,0.00,0.00,0.00,-142.09,1.10,0.02,-0.39,-0.82,5.00,0.59,-0.89
01/04/2026,13:02:15,0,0.00,0.00,0.00,0.00,0.00,0.00,0.00,0.00,-142.00,1.19,0.02,-0.39,-0.82,6.42,1.30,-0.38
01/04/2026,13:02:15,0,0.00,0.00,0.00,0.00,0.00,0.00,0.00,0.00,-142.06,1.20,0.02,-0.40,-0.82,4.14,1.52,-1.02
01/04/2026,13:02:15,0,0.00,0.00,0.00,0.00,0.00,0.00,0.00,0.00,-141.95,1.20,0.02,-0.39,-0.82,4.97,1.17,-0.20
01/04/2026,13:02:20,0,0.00,0.00,0.00,0.00,0.00,0.00,0.00,0.00,-141.91,1.11,0.02,-0.39,-0.82,5.05,1.38,-0.62
01/04/2026,13:02:20,0,0.00,0.00,0.00,0.00,0.00,0.00,0.00,0.00,-141.96,1.03,0.02,-0.39,-0.82,5.41,1.27,-0.88
01/04/2026,13:02:20,0,0.00,0.00,0.00,0.00,0.00,0.00,0.00,0.00,-141.99,0.91,0.02,-0.39,-0.82,5.45,0.47,-1.27
01/04/2026,13:02:20,0,0.00,0.00,0.00,0.00,0.00,0.00,0.00,0.00,-141.93,0.99,0.02,-0.39,-0.83,5.20,1.23,-0.88
01/04/2026,13:02:20,0,0.00,0.00,0.00,0.00,0.00,0.00,0.00,0.00,-141.94,1.06,0.02,-0.39,-0.82,5.09,0.66,-1.39
01/04/2026,13:02:25,0,0.00,0.00,0.00,0.00,0.00,0.00,0.00,0.00,-141.91,1.09,0.02,-0.39,-0.82,5.22,1.16,-0.44
01/04/2026,13:02:25,0,0.00,0.00,0.00,0.00,0.00,0.00,0.00,0.00,-141.93,1.21,0.02,-0.39,-0.82,4.88,1.39,0.27
01/04/2026,13:02:25,0,0.00,0.00,0.00,0.00,0.00,0.00,0.00,0.00,-141.95,1.23,0.02,-0.39,-0.82,5.12,1.39,-0.62
01/04/2026,13:02:25,0,0.00,0.00,0.00,0.00,0.00,0.00,0.00,0.00,-141.93,1.17,0.02,-0.39,-0.82,3.58,0.12,-0.58
01/04/2026,13:02:25,0,0.00,0.00,0.00,0.00,0.00,0.00,0.00,0.00,-141.76,1.23,0.02,-0.40,-0.83,4.03,1.45,0.02
01/04/2026,13:02:30,0,0.00,0.00,0.00,0.00,0.00,0.00,0.00,0.00,-141.79,1.33,0.02,-0.39,-0.83,4.25,0.80,-1.05
01/04/2026,13:02:30,0,0.00,0.00,0.00,0.00,0.00,0.00,0.00,0.00,-141.80,1.37,0.02,-0.39,-0.82,5.67,1.30,-0.39
01/04/2026,13:02:30,0,0.00,0.00,0.00,0.00,0.00,0.00,0.00,0.00,-141.93,1.30,0.02,-0.40,-0.83,5.78,0.73,-0.80
01/04/2026,13:02:30,0,0.00,0.00,0.00,0.00,0.00,0.00,0.00,0.00,-141.91,1.30,0.02,-0.39,-0.82,5.58,1.12,-0.80
01/04/2026,13:02:30,0,0.00,0.00,0.00,0.00,0.00,0.00,0.00,0.00,-141.86,1.30,0.02,-0.39,-0.83,4.97,1.28,-0.80
01/04/2026,13:02:35,0,0.00,0.00,0.00,0.00,0.00,0.00,0.00,0.00,-141.84,1.28,0.02,-0.39,-0.82,4.75,0.94,-1.00
01/04/2026,13:02:35,0,0.00,0.00,0.00,0.00,0.00,0.00,0.00,0.00,-141.85,1.31,0.02,-0.39,-0.82,5.45,0.75,-1.02
01/04/2026,13:02:35,0,0.00,0.00,0.00,0.00,0.00,0.00,0.00,0.00,-141.88,1.34,0.02,-0.39,-0.83,4.80,0.80,-0.41
01/04/2026,13:02:35,0,0.00,0.00,0.00,0.00,0.00,0.00,0.00,0.00,-141.88,1.28,0.02,-0.39,-0.82,5.02,1.08,-0.69
01/04/2026,13:02:35,0,0.00,0.00,0.00,0.00,0.00,0.00,0.00,0.00,-141.84,1.27,0.02,-0.39,-0.82,5.48,1.22,-0.89
01/04/2026,13:02:40,0,0.00,0.00,0.00,0.00,0.00,0.00,0.00,0.00,-141.85,1.34,0.02,-0.39,-0.82,4.92,1.05,-0.83
01/04/2026,13:02:40,0,0.00,0.00,0.00,0.00,0.00,0.00,0.00,0.00,-141.77,1.21,0.02,-0.39,-0.82,5.70,0.52,-0.69
01/04/2026,13:02:40,0,0.00,0.00,0.00,0.00,0.00,0.00,0.00,0.00,-141.79,1.23,0.02,-0.39,-0.82,5.67,0.94,-0.62
01/04/2026,13:02:40,0,0.00,0.00,0.00,0.00,0.00,0.00,0.00,0.00,-141.95,1.28,0.02,-0.39,-0.83,4.28,1.22,-0.12
01/04/2026,13:02:40,0,0.00,0.00,0.00,0.00,0.00,0.00,0.00,0.00,-141.95,1.19,0.02,-0.39,-0.83,5.06,1.19,-0.88
01/04/2026,13:02:45,0,0.00,0.00,0.00,0.00,0.00,0.00,0.00,0.00,-141.89,1.23,0.02,-0.39,-0.82,5.17,1.06,-0.92
01/04/2026,13:02:45,0,0.00,0.00,0.00,0.00,0.00,0.00,0.00,0.00,-141.93,1.30,0.02,-0.39,-0.82,5.03,1.09,-0.73
01/04/2026,13:02:45,0,0.00,0.00,0.00,0.00,0.00,0.00,0.00,0.00,-141.89,1.24,0.02,-0.39,-0.82,5.25,0.42,-0.58
01/04/2026,13:02:45,0,0.00,0.00,0.00,0.00,0.00,0.00,0.00,0.00,-141.96,1.19,0.02,-0.39,-0.82,5.25,0.86,-0.11
01/04/2026,13:02:45,0,0.00,0.00,0.00,0.00,0.00,0.00,0.00,0.00,-141.86,1.21,0.02,-0.39,-0.82,5.70,0.55,-0.33
01/04/2026,13:02:50,0,0.00,0.00,0.00,0.00,0.00,0.00,0.00,0.00,-141.80,1.18,0.02,-0.39,-0.83,5.19,0.75,-1.30
01/04/2026,13:02:50,0,0.00,0.00,0.00,0.00,0.00,0.00,0.00,0.00,-141.84,1.15,0.02,-0.39,-0.82,4.64,1.00,-0.23
01/04/2026,13:02:50,0,0.00,0.00,0.00,0.00,0.00,0.00,0.00,0.00,-141.83,1.20,0.02,-0.39,-0.82,5.41,1.11,-0.36
01/04/2026,13:02:50,0,0.00,0.00,0.00,0.00,0.00,0.00,0.00,0.00,-141.78,1.15,0.02,-0.39,-0.82,5.80,0.70,-0.70
01/04/2026,13:02:50,0,0.00,0.00,0.00,0.00,0.00,0.00,0.00,0.00,-141.84,1.21,0.02,-0.39,-0.83,5.11,1.33,-0.50
01/04/2026,13:02:55,0,0.00,0.00,0.00,0.00,0.00,0.00,0.00,0.00,-141.84,1.17,0.02,-0.39,-0.82,5.20,0.78,-0.62
01/04/2026,13:02:55,0,0.00,0.00,0.00,0.00,0.00,0.00,0.00,0.00,-141.93,1.12,0.02,-0.39,-0.82,4.98,1.58,-0.59
01/04/2026,13:02:55,0,0.00,0.00,0.00,0.00,0.00,0.00,0.00,0.00,-141.94,1.21,0.02,-0.39,-0.82,5.42,0.75,0.00
01/04/2026,13:02:55,0,0.00,0.00,0.00,0.00,0.00,0.00,0.00,0.00,-141.97,1.23,0.02,-0.39,-0.83,4.92,1.50,-0.83
01/04/2026,13:02:55,0,0.00,0.00,0.00,0.00,0.00,0.00,0.00,0.00,-141.98,1.23,0.02,-0.39,-0.82,4.92,0.69,0.66
01/04/2026,13:03:00,0,0.00,0.00,0.00,0.00,0.00,0.00,0.00,0.00,-141.87,1.25,0.02,-0.39,-0.82,5.70,0.86,-0.44
01/04/2026,13:03:00,0,0.00,0.00,0.00,0.00,0.00,0.00,0.00,0.00,-141.80,1.11,0.02,-0.39,-0.83,5.88,0.58,-0.62
01/04/2026,13:03:00,0,0.00,0.00,0.00,0.00,0.00,0.00,0.00,0.00,-141.85,1.25,0.02,-0.39,-0.82,4.34,0.36,-0.84
01/04/2026,13:03:00,0,0.00,0.00,0.00,0.00,0.00,0.00,0.00,0.00,-141.82,1.16,0.02,-0.40,-0.82,6.11,0.47,-0.69
01/04/2026,13:03:00,0,0.00,0.00,0.00,0.00,0.00,0.00,0.00,0.00,-141.88,1.22,0.02,-0.39,-0.82,5.45,1.34,-0.42
01/04/2026,13:03:05,0,0.00,0.00,0.00,0.00,0.00,0.00,0.00,0.00,-141.91,1.24,0.02,-0.39,-0.82,5.30,0.91,-0.59
01/04/2026,13:03:05,0,0.00,0.00,0.00,0.00,0.00,0.00,0.00,0.00,-141.89,1.23,0.02,-0.39,-0.82,4.81,1.38,-0.58
01/04/2026,13:03:05,0,0.00,0.00,0.00,0.00,0.00,0.00,0.00,0.00,-141.90,1.26,0.02,-0.39,-0.82,5.05,0.61,-1.39
01/04/2026,13:03:05,0,0.00,0.00,0.00,0.00,0.00,0.00,0.00,0.00,-141.88,1.17,0.02,-0.39,-0.82,4.78,0.23,-0.14
01/04/2026,13:03:05,0,0.00,0.00,0.00,0.00,0.00,0.00,0.00,0.00,-141.88,1.24,0.02,-0.39,-0.83,5.22,1.30,-0.80
01/04/2026,13:03:10,0,0.00,0.00,0.00,0.00,0.00,0.00,0.00,0.00,-141.86,1.19,0.02,-0.39,-0.82,5.30,0.70,-0.17
01/04/2026,13:03:10,0,0.00,0.00,0.00,0.00,0.00,0.00,0.00,0.00,-141.90,1.24,0.02,-0.39,-0.83,4.91,1.25,-0.27
01/04/2026,13:03:10,0,0.00,0.00,0.00,0.00,0.00,0.00,0.00,0.00,-141.90,1.20,0.02,-0.39,-0.83,5.58,0.53,-0.30
01/04/2026,13:03:10,0,0.00,0.00,0.00,0.00,0.00,0.00,0.00,0.00,-141.85,1.21,0.02,-0.39,-0.82,5.28,1.50,-0.09
01/04/2026,13:03:10,0,0.00,0.00,0.00,0.00,0.00,0.00,0.00,0.00,-141.92,1.27,0.02,-0.39,-0.82,4.78,1.31,-0.83
01/04/2026,13:03:15,0,0.00,0.00,0.00,0.00,0.00,0.00,0.00,0.00,-141.95,1.29,0.02,-0.39,-0.82,4.94,1.48,-0.80
01/04/2026,13:03:15,0,0.00,0.00,0.00,0.00,0.00,0.00,0.00,0.00,-142.00,1.20,0.02,-0.39,-0.82,4.77,0.81,-0.83
01/04/2026,13:03:15,0,0.00,0.00,0.00,0.00,0.00,0.00,0.00,0.00,-141.94,1.09,0.02,-0.39,-0.83,4.92,0.88,-0.28
01/04/2026,13:03:15,0,0.00,0.00,0.00,0.00,0.00,0.00,0.00,0.00,-141.89,1.13,0.02,-0.39,-0.83,4.25,0.73,-0.80
01/04/2026,13:03:15,0,0.00,0.00,0.00,0.00,0.00,0.00,0.00,0.00,-141.84,1.20,0.02,-0.39,-0.82,5.09,1.45,-1.11
01/04/2026,13:03:20,0,0.00,0.00,0.00,0.00,0.00,0.00,0.00,0.00,-141.90,1.21,0.02,-0.39,-0.82,4.56,0.94,-0.80
01/04/2026,13:03:20,0,0.00,0.00,0.00,0.00,0.00,0.00,0.00,0.00,-141.94,1.31,0.02,-0.39,-0.82,5.41,1.67,-1.11
01/04/2026,13:03:20,0,0.00,0.00,0.00,0.00,0.00,0.00,0.00,0.00,-141.93,1.28,0.02,-0.39,-0.82,5.33,0.72,-0.77
01/04/2026,13:03:20,0,0.00,0.00,0.00,0.00,0.00,0.00,0.00,0.00,-142.00,1.10,0.02,-0.39,-0.83,5.61,0.97,-0.45
01/04/2026,13:03:20,0,0.00,0.00,0.00,0.00,0.00,0.00,0.00,0.00,-141.91,1.17,0.02,-0.39,-0.82,5.31,1.16,-0.88
01/04/2026,13:03:25,0,0.00,0.00,0.00,0.00,0.00,0.00,0.00,0.00,-141.88,1.11,0.02,-0.39,-0.82,5.69,0.56,-0.77
01/04/2026,13:03:25,0,0.00,0.00,0.00,0.00,0.00,0.00,0.00,0.00,-141.85,1.21,0.02,-0.39,-0.83,5.44,1.08,0.19
01/04/2026,13:03:25,0,0.00,0.00,0.00,0.00,0.00,0.00,0.00,0.00,-141.93,1.25,0.02,-0.39,-0.82,5.47,0.95,-0.02
01/04/2026,13:03:25,0,0.00,0.00,0.00,0.00,0.00,0.00,0.00,0.00,-141.78,1.20,0.02,-0.39,-0.83,4.81,0.59,-0.39
01/04/2026,13:03:25,0,0.00,0.00,0.00,0.00,0.00,0.00,0.00,0.00,-141.73,1.21,0.02,-0.39,-0.83,5.77,1.05,-0.28
01/04/2026,13:03:30,0,0.00,0.00,0.00,0.00,0.00,0.00,0.00,0.00,-141.79,1.17,0.02,-0.39,-0.82,5.02,1.50,-0.44
01/04/2026,13:03:30,0,0.00,0.00,0.00,0.00,0.00,0.00,0.00,0.00,-141.84,1.13,0.02,-0.40,-0.83,5.03,0.75,-1.33
01/04/2026,13:03:30,0,0.00,0.00,0.00,0.00,0.00,0.00,0.00,0.00,-141.87,1.23,0.02,-0.40,-0.82,5.34,1.02,-0.58
01/04/2026,13:03:30,0,0.00,0.00,0.00,0.00,0.00,0.00,0.00,0.00,-142.01,1.30,0.02,-0.39,-0.82,4.64,0.92,-0.72
01/04/2026,13:03:30,0,0.00,0.00,0.00,0.00,0.00,0.00,0.00,0.00,-141.93,1.37,0.02,-0.39,-0.83,5.48,1.33,-0.95
01/04/2026,13:03:35,0,0.00,0.00,0.00,0.00,0.00,0.00,0.00,0.00,-141.91,1.35,0.02,-0.39,-0.82,4.27,1.42,-1.09
01/04/2026,13:03:35,0,0.00,0.00,0.00,0.00,0.00,0.00,0.00,0.00,-141.89,1.36,0.02,-0.39,-0.82,5.28,1.42,-0.39
01/04/2026,13:03:35,0,0.00,0.00,0.00,0.00,0.00,0.00,0.00,0.00,-141.82,1.23,0.02,-0.39,-0.83,5.59,0.86,-0.28
01/04/2026,13:03:35,0,0.00,0.00,0.00,0.00,0.00,0.00,0.00,0.00,-141.92,1.17,0.02,-0.39,-0.83,4.92,1.16,-0.30
01/04/2026,13:03:35,0,0.00,0.00,0.00,0.00,0.00,0.00,0.00,0.00,-141.94,1.23,0.02,-0.39,-0.83,3.81,1.22,-1.09
01/04/2026,13:03:40,0,0.00,0.00,0.00,0.00,0.00,0.00,0.00,0.00,-141.91,1.25,0.02,-0.39,-0.82,4.97,0.62,-0.72
01/04/2026,13:03:40,0,0.00,0.00,0.00,0.00,0.00,0.00,0.00,0.00,-141.96,1.32,0.02,-0.39,-0.82,5.50,1.44,-0.25
01/04/2026,13:03:40,0,0.00,0.00,0.00,0.00,0.00,0.00,0.00,0.00,-141.90,1.23,0.02,-0.39,-0.82,5.94,0.86,-0.53
01/04/2026,13:03:40,0,0.00,0.00,0.00,0.00,0.00,0.00,0.00,0.00,-141.88,1.16,0.02,-0.39,-0.82,4.81,0.45,-0.69
01/04/2026,13:03:40,0,0.00,0.00,0.00,0.00,0.00,0.00,0.00,0.00,-141.81,1.13,0.02,-0.39,-0.82,5.00,1.12,-0.69
01/04/2026,13:03:45,0,0.00,0.00,0.00,0.00,0.00,0.00,0.00,0.00,-141.82,1.30,0.02,-0.39,-0.82,5.19,1.38,-0.05
01/04/2026,13:03:45,0,0.00,0.00,0.00,0.00,0.00,0.00,0.00,0.00,-141.81,1.29,0.02,-0.40,-0.82,5.75,1.05,-0.48
01/04/2026,13:03:45,0,0.00,0.00,0.00,0.00,0.00,0.00,0.00,0.00,-141.80,1.32,0.02,-0.40,-0.82,5.78,1.28,-0.09
01/04/2026,13:03:45,0,0.00,0.00,0.00,0.00,0.00,0.00,0.00,0.00,-141.92,1.25,0.02,-0.40,-0.82,4.69,0.91,-1.42
01/04/2026,13:03:45,0,0.00,0.00,0.00,0.00,0.00,0.00,0.00,0.00,-141.94,1.25,0.02,-0.39,-0.82,6.20,0.84,-0.36
01/04/2026,13:03:50,0,0.00,0.00,0.00,0.00,0.00,0.00,0.00,0.00,-141.92,1.20,0.02,-0.40,-0.82,5.47,1.22,-0.19
01/04/2026,13:03:50,0,0.00,0.00,0.00,0.00,0.00,0.00,0.00,0.00,-141.94,1.13,0.02,-0.40,-0.82,5.11,1.00,-0.25
01/04/2026,13:03:50,0,0.00,0.00,0.00,0.00,0.00,0.00,0.00,0.00,-141.93,1.14,0.02,-0.39,-0.82,5.14,0.61,-0.56
01/04/2026,13:03:50,0,0.00,0.00,0.00,0.00,0.00,0.00,0.00,0.00,-141.94,1.22,0.02,-0.39,-0.83,4.78,0.84,-0.22
01/04/2026,13:03:50,48,0.00,0.00,0.00,0.00,0.00,0.00,0.00,0.00,-141.96,1.13,0.02,-0.39,-0.82,5.16,1.20,-0.56
01/04/2026,13:03:55,99,0.00,0.00,0.00,0.00,0.00,0.00,0.00,0.00,-141.89,1.06,0.02,-0.39,-0.82,4.62,0.50,-0.25
01/04/2026,13:03:55,176,0.00,0.00,0.00,0.00,0.00,0.00,0.00,0.00,-141.80,1.19,0.02,-0.39,-0.82,5.91,1.56,-0.83
01/04/2026,13:03:55,183,0.00,0.00,0.00,0.00,0.00,0.00,0.00,0.00,-141.87,1.20,0.02,-0.39,-0.82,5.09,0.89,-0.33
01/04/2026,13:03:55,237,0.00,0.00,0.00,0.00,0.00,0.00,0.00,0.00,-141.78,1.09,0.02,-0.40,-0.82,4.48,1.03,-0.39
01/04/2026,13:03:55,246,0.00,0.00,0.00,0.00,0.00,0.00,0.00,0.00,-141.78,0.95,0.02,-0.40,-0.82,5.73,0.88,-0.31
01/04/2026,13:04:00,267,0.00,0.00,0.00,0.00,0.00,0.00,0.00,0.00,-141.74,1.02,0.02,-0.39,-0.82,5.00,1.47,-0.69
01/04/2026,13:04:00,266,0.00,0.00,0.00,0.00,0.00,0.00,0.00,0.00,-141.77,1.10,0.02,-0.39,-0.83,5.42,0.48,-0.39
01/04/2026,13:04:00,250,0.00,0.00,0.00,0.00,0.00,0.00,0.00,0.00,-141.81,1.12,0.02,-0.39,-0.82,4.73,0.61,-0.55
01/04/2026,13:04:00,254,0.00,0.00,0.00,0.00,0.00,0.00,0.00,0.00,-141.76,1.09,0.02,-0.40,-0.82,5.42,1.12,-0.11
01/04/2026,13:04:00,240,0.00,0.00,0.00,0.00,0.00,0.00,0.00,0.00,-141.80,1.05,0.02,-0.40,-0.82,5.20,0.55,-0.75
01/04/2026,13:04:05,255,0.00,0.00,0.00,0.00,0.00,0.00,0.00,0.00,-141.79,1.10,0.02,-0.39,-0.82,5.28,0.86,-0.39
01/04/2026,13:04:05,282,0.00,0.00,0.00,0.00,0.00,0.00,0.00,0.00,-141.77,1.20,0.02,-0.39,-0.82,5.77,1.77,-0.67
01/04/2026,13:04:05,304,0.00,0.00,0.00,0.00,0.00,0.00,0.00,0.00,-141.74,1.16,0.02,-0.40,-0.82,5.36,1.06,-0.62
01/04/2026,13:04:05,240,0.00,0.00,0.00,0.00,0.00,0.00,0.00,0.00,-141.70,1.12,0.02,-0.40,-0.82,4.47,0.62,-0.30
01/04/2026,13:04:05,139,0.00,0.00,0.00,0.00,0.00,0.00,0.00,0.00,-141.71,1.21,0.02,-0.40,-0.83,5.05,1.64,-0.48
01/04/2026,13:04:10,0,0.00,0.00,0.00,0.00,0.00,0.00,0.00,0.00,-141.78,1.19,0.02,-0.40,-0.82,4.86,1.00,-0.81
01/04/2026,13:04:10,0,0.00,0.00,0.00,0.00,0.00,0.00,0.00,0.00,-141.76,1.17,0.02,-0.39,-0.82,5.30,0.94,-0.52
01/04/2026,13:04:10,0,0.00,0.00,0.00,0.00,0.00,0.00,0.00,0.00,-141.78,1.22,0.02,-0.39,-0.82,5.41,0.73,-0.16
01/04/2026,13:04:10,0,0.00,0.00,0.00,0.00,0.00,0.00,0.00,0.00,-141.82,1.14,0.02,-0.40,-0.83,5.27,1.50,-0.36
01/04/2026,13:04:15,0,0.00,0.00,0.00,0.00,0.00,0.00,0.00,0.00,-141.83,1.10,0.02,-0.39,-0.83,4.91,0.77,-0.75
01/04/2026,13:04:15,0,0.00,0.00,0.00,0.00,0.00,0.00,0.00,0.00,-141.85,1.18,0.02,-0.39,-0.83,4.81,1.02,-1.70
01/04/2026,13:04:15,0,0.00,0.00,0.00,0.00,0.00,0.00,0.00,0.00,-141.89,1.18,0.02,-0.39,-0.82,5.64,0.78,-0.59
01/04/2026,13:04:15,0,0.00,0.00,0.00,0.00,0.00,0.00,0.00,0.00,-141.87,1.23,0.02,-0.40,-0.82,4.80,1.27,-1.22
01/04/2026,13:04:15,0,0.00,0.00,0.00,0.00,0.00,0.00,0.00,0.00,-141.74,1.25,0.02,-0.40,-0.82,4.80,0.83,-0.19
01/04/2026,13:04:20,0,0.00,0.00,0.00,0.00,0.00,0.00,0.00,0.00,-141.79,1.18,0.02,-0.39,-0.82,5.55,1.08,-0.27
01/04/2026,13:04:20,0,0.00,0.00,0.00,0.00,0.00,0.00,0.00,0.00,-141.81,1.21,0.02,-0.39,-0.82,5.45,0.72,-0.30
01/04/2026,13:04:20,0,0.00,0.00,0.00,0.00,0.00,0.00,0.00,0.00,-141.82,1.12,0.02,-0.40,-0.82,5.38,0.52,-0.81
01/04/2026,13:04:20,0,0.00,0.00,0.00,0.00,0.00,0.00,0.00,0.00,-141.78,1.20,0.02,-0.39,-0.82,5.03,0.80,-0.81
01/04/2026,13:04:20,0,0.00,0.00,0.00,0.00,0.00,0.00,0.00,0.00,-141.70,1.21,0.02,-0.39,-0.82,5.20,0.78,-0.11
01/04/2026,13:04:25,0,0.00,0.00,0.00,0.00,0.00,0.00,0.00,0.00,-141.76,1.25,0.02,-0.39,-0.82,4.70,0.91,-0.39
01/04/2026,13:04:25,0,0.00,0.00,0.00,0.00,0.00,0.00,0.00,0.00,-141.84,1.26,0.02,-0.40,-0.83,4.78,0.95,0.19
01/04/2026,13:04:25,0,0.00,0.00,0.00,0.00,0.00,0.00,0.00,0.00,-141.87,1.27,0.02,-0.39,-0.82,5.06,1.08,-0.72
01/04/2026,13:04:25,0,0.00,0.00,0.00,0.00,0.00,0.00,0.00,0.00,-141.89,1.27,0.02,-0.39,-0.82,5.48,0.92,-0.55
01/04/2026,13:04:25,0,0.00,0.00,0.00,0.00,0.00,0.00,0.00,0.00,-141.90,1.14,0.02,-0.39,-0.82,4.92,0.86,-0.55
01/04/2026,13:04:30,0,0.00,0.00,0.00,0.00,0.00,0.00,0.00,0.00,-141.87,1.08,0.02,-0.40,-0.82,4.88,0.75,-0.83
01/04/2026,13:04:30,0,0.00,0.00,0.00,0.00,0.00,0.00,0.00,0.00,-141.77,1.10,0.02,-0.39,-0.83,6.09,0.80,-1.05
01/04/2026,13:04:30,80,0.00,0.00,0.00,0.00,0.00,0.00,0.00,0.00,-141.76,1.19,0.02,-0.39,-0.82,4.72,0.69,-0.39
01/04/2026,13:04:30,183,0.00,0.00,0.00,0.00,0.00,0.00,0.00,0.00,-141.74,1.16,0.02,-0.39,-0.83,5.23,0.95,-0.08
01/04/2026,13:04:30,271,0.00,0.00,0.00,0.00,0.00,0.00,0.00,0.00,-141.76,1.14,0.02,-0.39,-0.82,5.09,0.52,-0.11
01/04/2026,13:04:35,266,0.00,0.00,0.00,0.00,0.00,0.00,0.00,0.00,-141.82,1.18,0.02,-0.39,-0.82,4.70,1.16,-0.17
01/04/2026,13:04:35,174,0.00,0.00,0.00,0.00,0.00,0.00,0.00,0.00,-141.86,1.20,0.02,-0.39,-0.82,4.77,1.00,-0.41
01/04/2026,13:04:35,0,0.00,0.00,0.00,0.00,0.00,0.00,0.00,0.00,-141.84,1.21,0.02,-0.40,-0.82,5.53,1.00,-0.47
01/04/2026,13:04:35,0,0.00,0.00,0.00,0.00,0.00,0.00,0.00,0.00,-141.91,1.19,0.02,-0.40,-0.83,5.02,1.22,-0.92
01/04/2026,13:04:35,0,0.00,0.00,0.00,0.00,0.00,0.00,0.00,0.00,-141.87,1.28,0.02,-0.40,-0.82,4.73,1.09,-0.97
01/04/2026,13:04:40,0,0.00,0.00,0.00,0.00,0.00,0.00,0.00,0.00,-141.68,1.15,0.02,-0.39,-0.83,5.64,1.20,-0.55
01/04/2026,13:04:40,0,0.00,0.00,0.00,0.00,0.00,0.00,0.00,0.00,-141.69,1.17,0.02,-0.40,-0.83,4.89,1.27,-0.34
01/04/2026,13:04:40,0,0.00,0.00,0.00,0.00,0.00,0.00,0.00,0.00,-141.78,1.16,0.02,-0.39,-0.82,4.66,1.05,-0.52
01/04/2026,13:04:40,0,0.00,0.00,0.00,0.00,0.00,0.00,0.00,0.00,-141.89,1.22,0.02,-0.39,-0.82,4.70,1.38,-0.56
01/04/2026,13:04:40,0,0.00,0.00,0.00,0.00,0.00,0.00,0.00,0.00,-141.96,1.30,0.02,-0.39,-0.83,5.50,1.17,-0.64
01/04/2026,13:04:45,0,0.00,0.00,0.00,0.00,0.00,0.00,0.00,0.00,-141.95,1.35,0.02,-0.39,-0.82,5.31,0.66,-1.17
01/04/2026,13:04:45,0,0.00,0.00,0.00,0.00,0.00,0.00,0.00,0.00,-141.95,1.20,0.02,-0.40,-0.82,5.61,0.41,-0.09
01/04/2026,13:04:45,0,0.00,0.00,0.00,0.00,0.00,0.00,0.00,0.00,-141.93,1.20,0.02,-0.39,-0.82,4.91,1.09,-0.05
01/04/2026,13:04:45,0,0.00,0.00,0.00,0.00,0.00,0.00,0.00,0.00,-141.86,1.14,0.02,-0.39,-0.82,5.52,0.83,-0.78
01/04/2026,13:04:45,0,0.00,0.00,0.00,0.00,0.00,0.00,0.00,0.00,-141.79,1.15,0.02,-0.39,-0.82,5.00,0.80,-0.78
01/04/2026,13:04:50,0,0.00,0.00,0.00,0.00,0.00,0.00,0.00,0.00,-141.90,1.23,0.02,-0.39,-0.82,5.33,1.39,-0.34
01/04/2026,13:04:50,0,0.00,0.00,0.00,0.00,0.00,0.00,0.00,0.00,-141.88,1.22,0.02,-0.39,-0.83,5.47,0.55,-0.55
01/04/2026,13:04:50,0,0.00,0.00,0.00,0.00,0.00,0.00,0.00,0.00,-141.81,1.11,0.02,-0.39,-0.82,5.59,0.72,-0.92
01/04/2026,13:04:50,0,0.00,0.00,0.00,0.00,0.00,0.00,0.00,0.00,-141.74,1.17,0.02,-0.40,-0.83,5.16,0.62,-0.88
01/04/2026,13:04:50,0,0.00,0.00,0.00,0.00,0.00,0.00,0.00,0.00,-141.81,1.03,0.02,-0.39,-0.82,4.97,0.59,-0.53
01/04/2026,13:04:55,0,0.00,0.00,0.00,0.00,0.00,0.00,0.00,0.00,-141.81,1.17,0.02,-0.40,-0.82,5.73,1.03,-0.55
01/04/2026,13:04:55,0,0.00,0.00,0.00,0.00,0.00,0.00,0.00,0.00,-141.84,1.06,0.02,-0.40,-0.83,5.64,0.58,-0.52
01/04/2026,13:04:55,0,0.00,0.00,0.00,0.00,0.00,0.00,0.00,0.00,-141.89,1.06,0.02,-0.39,-0.82,4.70,0.64,-0.42
01/04/2026,13:04:55,0,0.00,0.00,0.00,0.00,0.00,0.00,0.00,0.00,-141.81,1.18,0.02,-0.40,-0.82,5.42,1.22,-0.28
01/04/2026,13:04:55,0,0.00,0.00,0.00,0.00,0.00,0.00,0.00,0.00,-141.85,1.30,0.02,-0.39,-0.82,4.61,1.11,-0.50
01/04/2026,13:05:00,0,0.00,0.00,0.00,0.00,0.00,0.00,0.00,0.00,-141.80,1.28,0.02,-0.40,-0.82,5.31,1.39,-0.44
01/04/2026,13:05:00,0,0.00,0.00,0.00,0.00,0.00,0.00,0.00,0.00,-141.86,1.22,0.02,-0.39,-0.83,4.83,0.58,-0.80
01/04/2026,13:05:00,0,0.00,0.00,0.00,0.00,0.00,0.00,0.00,0.00,-141.74,1.24,0.02,-0.39,-0.82,5.50,1.17,-0.83
01/04/2026,13:05:00,0,0.00,0.00,0.00,0.00,0.00,0.00,0.00,0.00,-141.76,1.12,0.02,-0.40,-0.82,4.47,0.91,-0.09
01/04/2026,13:05:00,0,0.00,0.00,0.00,0.00,0.00,0.00,0.00,0.00,-141.62,1.20,0.02,-0.39,-0.83,6.02,0.92,-0.75
01/04/2026,13:05:05,0,0.00,0.00,0.00,0.00,0.00,0.00,0.00,0.00,-141.68,1.19,0.02,-0.40,-0.82,5.16,0.88,-0.69
01/04/2026,13:05:05,0,0.00,0.00,0.00,0.00,0.00,0.00,0.00,0.00,-141.78,1.16,0.02,-0.40,-0.82,5.02,0.89,-1.03
01/04/2026,13:05:05,0,0.00,0.00,0.00,0.00,0.00,0.00,0.00,0.00,-141.67,1.13,0.02,-0.40,-0.82,6.11,1.55,-0.42
01/04/2026,13:05:05,0,0.00,0.00,0.00,0.00,0.00,0.00,0.00,0.00,-141.73,1.18,0.02,-0.39,-0.82,4.78,0.30,-0.30
01/04/2026,13:05:05,0,0.00,0.00,0.00,0.00,0.00,0.00,0.00,0.00,-141.57,1.22,0.02,-0.39,-0.82,5.62,1.41,-0.38
01/04/2026,13:05:10,0,0.00,0.00,0.00,0.00,0.00,0.00,0.00,0.00,-141.69,1.33,0.02,-0.40,-0.82,4.86,0.39,-0.78
01/04/2026,13:05:10,0,0.00,0.00,0.00,0.00,0.00,0.00,0.00,0.00,-141.73,1.25,0.02,-0.40,-0.82,5.34,0.67,-0.56
01/04/2026,13:05:10,0,0.00,0.00,0.00,0.00,0.00,0.00,0.00,0.00,-141.64,1.11,0.02,-0.39,-0.82,5.72,0.73,-0.41
01/04/2026,13:05:10,0,0.00,0.00,0.00,0.00,0.00,0.00,0.00,0.00,-141.62,1.21,0.02,-0.39,-0.82,5.48,0.95,-1.20
01/04/2026,13:05:10,42,0.00,0.00,0.00,0.00,0.00,0.00,0.00,0.00,-141.63,1.32,0.02,-0.39,-0.82,4.84,1.12,-0.42
01/04/2026,13:05:15,182,0.00,0.00,0.00,0.00,0.00,0.00,0.00,0.00,-141.74,1.39,0.02,-0.39,-0.82,5.52,0.80,-0.38
01/04/2026,13:05:15,310,0.00,0.00,0.00,0.00,0.00,0.00,0.00,0.00,-141.79,1.35,0.02,-0.39,-0.82,5.41,0.64,-0.61
01/04/2026,13:05:15,208,0.00,0.00,0.00,0.00,0.00,0.00,0.00,0.00,-141.80,1.40,0.02,-0.39,-0.82,5.38,1.11,-0.69
01/04/2026,13:05:15,0,0.00,0.00,0.00,0.00,0.00,0.00,0.00,0.00,-141.84,1.29,0.02,-0.40,-0.82,4.36,1.09,-0.75
01/04/2026,13:05:15,0,0.00,0.00,0.00,0.00,0.00,0.00,0.00,0.00,-141.79,1.28,0.02,-0.39,-0.82,5.30,1.73,-0.97
01/04/2026,13:05:20,0,0.00,0.00,0.00,0.00,0.00,0.00,0.00,0.00,-141.79,1.27,0.02,-0.39,-0.82,4.89,0.92,-0.03
01/04/2026,13:05:20,0,0.00,0.00,0.00,0.00,0.00,0.00,0.00,0.00,-141.91,1.27,0.02,-0.39,-0.82,5.38,0.88,-0.31
01/04/2026,13:05:20,0,0.00,0.00,0.00,0.00,0.00,0.00,0.00,0.00,-141.88,1.27,0.02,-0.40,-0.82,4.69,1.05,-0.28
01/04/2026,13:05:20,0,0.00,0.00,0.00,0.00,0.00,0.00,0.00,0.00,-141.92,1.25,0.02,-0.40,-0.82,4.94,1.00,0.30
01/04/2026,13:05:20,0,0.00,0.00,0.00,0.00,0.00,0.00,0.00,0.00,-141.93,1.23,0.02,-0.40,-0.82,5.11,0.75,-0.53
01/04/2026,13:05:25,0,0.00,0.00,0.00,0.00,0.00,0.00,0.00,0.00,-141.83,1.14,0.02,-0.40,-0.83,4.98,0.80,-0.81
01/04/2026,13:05:25,0,0.00,0.00,0.00,0.00,0.00,0.00,0.00,0.00,-141.80,1.19,0.02,-0.39,-0.82,4.31,1.05,-0.47
01/04/2026,13:05:25,0,0.00,0.00,0.00,0.00,0.00,0.00,0.00,0.00,-141.68,1.21,0.02,-0.40,-0.82,6.22,0.53,-0.36
01/04/2026,13:05:25,0,0.00,0.00,0.00,0.00,0.00,0.00,0.00,0.00,-141.77,1.29,0.02,-0.39,-0.82,5.66,1.11,-0.41
01/04/2026,13:05:25,0,0.00,0.00,0.00,0.00,0.00,0.00,0.00,0.00,-141.75,1.26,0.02,-0.39,-0.82,5.28,1.06,-0.67
01/04/2026,13:05:30,0,0.00,0.00,0.00,0.00,0.00,0.00,0.00,0.00,-141.77,1.23,0.02,-0.39,-0.82,5.41,0.64,-0.52
01/04/2026,13:05:30,0,0.00,0.00,0.00,0.00,0.00,0.00,0.00,0.00,-141.71,1.20,0.02,-0.39,-0.82,5.09,0.64,-0.14
01/04/2026,13:05:30,0,0.00,0.00,0.00,0.00,0.00,0.00,0.00,0.00,-141.70,1.08,0.02,-0.39,-0.82,4.48,0.92,-1.06
01/04/2026,13:05:30,0,0.00,0.00,0.00,0.00,0.00,0.00,0.00,0.00,-141.64,1.10,0.02,-0.40,-0.82,5.80,1.50,-0.34
01/04/2026,13:05:30,0,0.00,0.00,0.00,0.00,0.00,0.00,0.00,0.00,-141.67,1.14,0.02,-0.39,-0.82,5.19,0.94,-0.66
01/04/2026,13:05:35,0,0.00,0.00,0.00,0.00,0.00,0.00,0.00,0.00,-141.84,0.99,0.02,-0.40,-0.82,5.17,1.02,-0.88
01/04/2026,13:05:35,0,0.00,0.00,0.00,0.00,0.00,0.00,0.00,0.00,-141.82,1.14,0.02,-0.39,-0.82,4.95,1.30,-0.58
01/04/2026,13:05:35,0,0.00,0.00,0.00,0.00,0.00,0.00,0.00,0.00,-141.92,1.01,0.02,-0.40,-0.82,5.16,0.78,-0.44
01/04/2026,13:05:35,0,0.00,0.00,0.00,0.00,0.00,0.00,0.00,0.00,-141.73,1.02,0.02,-0.40,-0.82,5.89,0.78,-1.05
01/04/2026,13:05:35,0,0.00,0.00,0.00,0.00,0.00,0.00,0.00,0.00,-141.65,1.04,0.02,-0.39,-0.82,5.14,0.64,-0.20
01/04/2026,13:05:40,0,0.00,0.00,0.00,0.00,0.00,0.00,0.00,0.00,-141.69,1.19,0.02,-0.40,-0.82,4.83,1.27,-0.77
01/04/2026,13:05:40,0,0.00,0.00,0.00,0.00,0.00,0.00,0.00,0.00,-141.71,1.12,0.02,-0.40,-0.82,5.70,0.91,-0.25
01/04/2026,13:05:40,0,0.00,0.00,0.00,0.00,0.00,0.00,0.00,0.00,-141.71,1.08,0.02,-0.40,-0.82,5.17,1.11,-0.61
01/04/2026,13:05:40,0,0.00,0.00,0.00,0.00,0.00,0.00,0.00,0.00,-141.66,1.17,0.02,-0.39,-0.82,4.44,1.16,-0.77
01/04/2026,13:05:40,0,0.00,0.00,0.00,0.00,0.00,0.00,0.00,0.00,-141.71,1.17,0.02,-0.39,-0.83,5.08,0.91,-0.41
01/04/2026,13:05:45,0,0.00,0.00,0.00,0.00,0.00,0.00,0.00,0.00,-141.60,1.20,0.02,-0.40,-0.82,5.98,1.14,-0.89
01/04/2026,13:05:45,0,0.00,0.00,0.00,0.00,0.00,0.00,0.00,0.00,-141.65,1.02,0.02,-0.39,-0.82,5.83,0.66,-0.53
01/04/2026,13:05:45,0,0.00,0.00,0.00,0.00,0.00,0.00,0.00,0.00,-141.66,1.15,0.02,-0.39,-0.83,5.27,1.03,-0.97
01/04/2026,13:05:45,0,0.00,0.00,0.00,0.00,0.00,0.00,0.00,0.00,-141.65,1.13,0.02,-0.39,-0.82,5.62,1.20,-0.38
01/04/2026,13:05:45,0,0.00,0.00,0.00,0.00,0.00,0.00,0.00,0.00,-141.72,1.20,0.02,-0.39,-0.82,5.55,1.00,-1.14
01/04/2026,13:05:50,0,0.00,0.00,0.00,0.00,0.00,0.00,0.00,0.00,-141.70,1.19,0.02,-0.39,-0.82,4.95,0.80,-0.97
01/04/2026,13:05:50,0,0.00,0.00,0.00,0.00,0.00,0.00,0.00,0.00,-141.67,1.21,0.02,-0.39,-0.82,4.91,1.44,-0.11
01/04/2026,13:05:50,0,0.00,0.00,0.00,0.00,0.00,0.00,0.00,0.00,-141.64,1.18,0.02,-0.40,-0.82,4.98,0.19,-1.45
01/04/2026,13:05:50,0,0.00,0.00,0.00,0.00,0.00,0.00,0.00,0.00,-141.78,1.17,0.02,-0.39,-0.82,4.75,0.72,-0.27
01/04/2026,13:05:50,0,0.00,0.00,0.00,0.00,0.00,0.00,0.00,0.00,-141.85,1.17,0.02,-0.40,-0.82,5.77,1.20,-0.84
01/04/2026,13:05:55,0,0.00,0.00,0.00,0.00,0.00,0.00,0.00,0.00,-141.93,1.14,0.02,-0.40,-0.82,5.25,0.91,-0.16
01/04/2026,13:05:55,0,0.00,0.00,0.00,0.00,0.00,0.00,0.00,0.00,-141.90,1.15,0.02,-0.39,-0.82,5.30,0.83,-0.34
01/04/2026,13:05:55,0,0.00,0.00,0.00,0.00,0.00,0.00,0.00,0.00,-141.80,1.20,0.02,-0.40,-0.82,5.59,0.66,0.05
01/04/2026,13:05:55,0,0.00,0.00,0.00,0.00,0.00,0.00,0.00,0.00,-141.72,1.21,0.02,-0.39,-0.83,6.72,1.03,0.08
01/04/2026,13:05:55,0,0.00,0.00,0.00,0.00,0.00,0.00,0.00,0.00,-141.86,1.16,0.02,-0.39,-0.82,4.70,0.66,-0.31
01/04/2026,13:06:00,0,0.00,0.00,0.00,0.00,0.00,0.00,0.00,0.00,-141.83,1.14,0.02,-0.39,-0.82,5.17,1.09,-0.61
01/04/2026,13:06:00,0,0.00,0.00,0.00,0.00,0.00,0.00,0.00,0.00,-141.79,1.06,0.02,-0.40,-0.82,7.06,0.27,-0.81
01/04/2026,13:06:00,0,0.00,0.00,0.00,0.00,0.00,0.00,0.00,0.00,-141.85,1.04,0.02,-0.39,-0.82,5.00,0.48,-0.25
01/04/2026,13:06:00,0,0.00,0.00,0.00,0.00,0.00,0.00,0.00,0.00,-141.89,1.11,0.02,-0.39,-0.83,4.95,1.11,-0.12
01/04/2026,13:06:00,0,0.00,0.00,0.00,0.00,0.00,0.00,0.00,0.00,-141.82,1.19,0.02,-0.39,-0.83,4.83,0.83,-0.47
01/04/2026,13:06:05,0,0.00,0.00,0.00,0.00,0.00,0.00,0.00,0.00,-141.87,1.26,0.02,-0.39,-0.83,4.80,1.05,0.00
01/04/2026,13:06:05,0,0.00,0.00,0.00,0.00,0.00,0.00,0.00,0.00,-141.81,1.22,0.02,-0.39,-0.83,5.42,1.44,-0.69
01/04/2026,13:06:05,0,0.00,0.00,0.00,0.00,0.00,0.00,0.00,0.00,-141.71,1.23,0.02,-0.39,-0.83,5.23,0.91,-0.70
01/04/2026,13:06:05,0,0.00,0.00,0.00,0.00,0.00,0.00,0.00,0.00,-141.68,1.22,0.02,-0.40,-0.82,5.53,0.78,-0.69
01/04/2026,13:06:05,0,0.00,0.00,0.00,0.00,0.00,0.00,0.00,0.00,-141.70,1.24,0.02,-0.40,-0.82,6.12,0.66,-0.50
01/04/2026,13:06:10,0,0.00,0.00,0.00,0.00,0.00,0.00,0.00,0.00,-141.72,1.29,0.02,-0.39,-0.82,4.44,0.62,-0.84
01/04/2026,13:06:10,0,0.00,0.00,0.00,0.00,0.00,0.00,0.00,0.00,-141.76,1.20,0.02,-0.39,-0.82,5.70,0.62,-0.59
01/04/2026,13:06:10,0,0.00,0.00,0.00,0.00,0.00,0.00,0.00,0.00,-141.75,1.19,0.02,-0.39,-0.82,5.17,1.19,-0.36
01/04/2026,13:06:10,0,0.00,0.00,0.00,0.00,0.00,0.00,0.00,0.00,-141.77,1.27,0.02,-0.39,-0.82,4.34,1.59,-0.92
01/04/2026,13:06:10,0,0.00,0.00,0.00,0.00,0.00,0.00,0.00,0.00,-141.69,1.33,0.02,-0.40,-0.82,5.12,0.91,-0.34
01/04/2026,13:06:15,0,0.00,0.00,0.00,0.00,0.00,0.00,0.00,0.00,-141.63,1.30,0.02,-0.40,-0.82,5.30,1.28,-0.66
01/04/2026,13:06:15,0,0.00,0.00,0.00,0.00,0.00,0.00,0.00,0.00,-141.62,1.14,0.02,-0.39,-0.83,4.48,0.67,-1.23
01/04/2026,13:06:15,0,0.00,0.00,0.00,0.00,0.00,0.00,0.00,0.00,-141.52,1.17,0.02,-0.39,-0.82,6.03,0.52,-0.50
01/04/2026,13:06:15,0,0.00,0.00,0.00,0.00,0.00,0.00,0.00,0.00,-141.65,1.12,0.02,-0.40,-0.82,4.75,0.22,-0.75
01/04/2026,13:06:15,8,0.00,0.00,0.00,0.00,0.00,0.00,0.00,0.00,-141.72,1.10,0.02,-0.40,-0.83,4.62,1.22,-0.52
01/04/2026,13:06:20,85,0.00,0.00,0.00,0.00,0.00,0.00,0.00,0.00,-141.70,1.12,0.02,-0.40,-0.83,4.97,1.22,-0.62
01/04/2026,13:06:20,202,0.00,0.00,0.00,0.00,0.00,0.00,0.00,0.00,-141.69,1.08,0.02,-0.39,-0.82,5.45,0.95,-0.64
01/04/2026,13:06:20,272,0.00,0.00,0.00,0.00,0.00,0.00,0.00,0.00,-141.74,1.20,0.02,-0.39,-0.83,5.94,0.89,-0.97
01/04/2026,13:06:20,278,0.00,0.00,0.00,0.00,0.00,0.00,0.00,0.00,-141.68,1.22,0.02,-0.39,-0.82,5.95,1.20,-0.94
01/04/2026,13:06:20,269,0.00,0.00,0.00,0.00,0.00,0.00,0.00,0.00,-141.73,1.18,0.02,-0.40,-0.82,5.55,1.52,-1.06
01/04/2026,13:06:25,177,0.00,0.00,0.00,0.00,0.00,0.00,0.00,0.00,-141.70,1.17,0.02,-0.40,-0.82,5.64,0.33,-0.53
01/04/2026,13:06:25,95,0.00,0.00,0.00,0.00,0.00,0.00,0.00,0.00,-141.64,1.12,0.02,-0.40,-0.82,5.16,0.89,-0.77
01/04/2026,13:06:25,44,0.00,0.00,0.00,0.00,0.00,0.00,0.00,0.00,-141.62,1.16,0.02,-0.40,-0.83,5.67,0.95,-0.20
01/04/2026,13:06:25,17,0.00,0.00,0.00,0.00,0.00,0.00,0.00,0.00,-141.59,1.14,0.02,-0.39,-0.82,5.31,0.91,-0.41
01/04/2026,13:06:25,21,0.00,0.00,0.00,0.00,0.00,0.00,0.00,0.00,-141.61,1.19,0.02,-0.39,-0.82,5.48,1.12,-1.19
01/04/2026,13:06:30,35,0.00,0.00,0.00,0.00,0.00,0.00,0.00,0.00,-141.72,1.18,0.02,-0.39,-0.82,4.00,0.81,-0.12
01/04/2026,13:06:30,91,0.00,0.00,0.00,0.00,0.00,0.00,0.00,0.00,-141.70,1.13,0.02,-0.40,-0.83,5.23,0.98,-0.47
01/04/2026,13:06:30,130,0.00,0.00,0.00,0.00,0.00,0.00,0.00,0.00,-141.68,1.20,0.02,-0.40,-0.82,5.45,1.00,-0.53
01/04/2026,13:06:30,149,0.00,0.00,0.00,0.00,0.00,0.00,0.00,0.00,-141.73,1.22,0.02,-0.39,-0.82,5.38,0.42,-1.05
01/04/2026,13:06:30,176,0.00,0.00,0.00,0.00,0.00,0.00,0.00,0.00,-141.76,1.20,0.02,-0.40,-0.82,5.67,0.83,-1.02
01/04/2026,13:06:35,224,0.00,0.00,0.00,0.00,0.00,0.00,0.00,0.00,-141.76,1.26,0.02,-0.40,-0.82,5.44,0.81,-0.45
01/04/2026,13:06:35,233,0.00,0.00,0.00,0.00,0.00,0.00,0.00,0.00,-141.70,1.17,0.02,-0.40,-0.83,5.09,0.69,-1.14
01/04/2026,13:06:35,288,0.00,0.00,0.00,0.00,0.00,0.00,0.00,0.00,-141.72,1.16,0.02,-0.40,-0.82,5.34,1.42,-0.27
01/04/2026,13:06:35,288,0.00,0.00,0.00,0.00,0.00,0.00,0.00,0.00,-141.69,1.21,0.02,-0.39,-0.82,5.22,1.27,-0.41
01/04/2026,13:06:35,287,0.00,0.00,0.00,0.00,0.00,0.00,0.00,0.00,-141.55,1.17,0.02,-0.39,-0.82,5.50,1.31,-0.44
01/04/2026,13:06:40,225,0.00,0.00,0.00,0.00,0.00,0.00,0.00,0.00,-141.60,1.15,0.02,-0.39,-0.82,5.31,0.38,-0.28
01/04/2026,13:06:40,115,0.00,0.00,0.00,0.00,0.00,0.00,0.00,0.00,-141.67,1.13,0.02,-0.40,-0.83,5.02,1.20,-0.27
01/04/2026,13:06:40,0,0.00,0.00,0.00,0.00,0.00,0.00,0.00,0.00,-141.76,1.15,0.02,-0.40,-0.82,5.44,0.78,-0.58
01/04/2026,13:06:40,0,0.00,0.00,0.00,0.00,0.00,0.00,0.00,0.00,-141.80,1.17,0.02,-0.40,-0.82,4.66,0.62,-0.23
01/04/2026,13:06:40,0,0.00,0.00,0.00,0.00,0.00,0.00,0.00,0.00,-141.80,1.10,0.02,-0.39,-0.82,5.50,1.22,-0.31
01/04/2026,13:06:45,0,0.00,0.00,0.00,0.00,0.00,0.00,0.00,0.00,-141.79,1.05,0.02,-0.39,-0.82,4.95,1.11,-1.03
01/04/2026,13:06:45,0,0.00,0.00,0.00,0.00,0.00,0.00,0.00,0.00,-141.75,0.93,0.02,-0.39,-0.82,5.06,0.81,-0.52
01/04/2026,13:06:45,0,0.00,0.00,0.00,0.00,0.00,0.00,0.00,0.00,-141.73,0.95,0.02,-0.40,-0.82,4.86,1.20,-0.19
01/04/2026,13:06:45,0,0.00,0.00,0.00,0.00,0.00,0.00,0.00,0.00,-141.70,0.98,0.02,-0.40,-0.82,5.22,1.03,-1.05
01/04/2026,13:06:45,0,0.00,0.00,0.00,0.00,0.00,0.00,0.00,0.00,-141.82,0.93,0.02,-0.40,-0.83,5.39,0.83,-0.55
01/04/2026,13:06:50,0,0.00,0.00,0.00,0.00,0.00,0.00,0.00,0.00,-141.71,0.95,0.02,-0.40,-0.82,5.19,0.97,-0.25
01/04/2026,13:06:50,0,0.00,0.00,0.00,0.00,0.00,0.00,0.00,0.00,-141.70,1.02,0.02,-0.39,-0.82,5.61,0.86,-0.31
01/04/2026,13:06:50,0,0.00,0.00,0.00,0.00,0.00,0.00,0.00,0.00,-141.72,1.14,0.02,-0.40,-0.82,5.23,1.28,-0.39
01/04/2026,13:06:50,0,0.00,0.00,0.00,0.00,0.00,0.00,0.00,0.00,-141.70,1.14,0.02,-0.39,-0.82,6.02,0.61,-0.23
01/04/2026,13:06:50,0,0.00,0.00,0.00,0.00,0.00,0.00,0.00,0.00,-141.74,1.18,0.02,-0.39,-0.82,5.09,0.83,-0.66
01/04/2026,13:06:55,0,0.00,0.00,0.00,0.00,0.00,0.00,0.00,0.00,-141.77,1.21,0.02,-0.40,-0.82,5.47,1.33,-0.73
01/04/2026,13:06:55,0,0.00,0.00,0.00,0.00,0.00,0.00,0.00,0.00,-141.77,1.20,0.02,-0.39,-0.82,4.70,0.66,-0.38
01/04/2026,13:06:55,0,0.00,0.00,0.00,0.00,0.00,0.00,0.00,0.00,-141.67,1.07,0.02,-0.40,-0.82,5.39,1.20,-1.11
01/04/2026,13:06:55,0,0.00,0.00,0.00,0.00,0.00,0.00,0.00,0.00,-141.60,1.14,0.02,-0.40,-0.82,4.69,0.94,-0.83
01/04/2026,13:06:55,0,0.00,0.00,0.00,0.00,0.00,0.00,0.00,0.00,-141.63,1.15,0.02,-0.40,-0.82,4.97,0.67,-0.97
01/04/2026,13:07:00,0,0.00,0.00,0.00,0.00,0.00,0.00,0.00,0.00,-141.60,1.07,0.02,-0.39,-0.82,5.66,1.16,-0.78
01/04/2026,13:07:00,0,0.00,0.00,0.00,0.00,0.00,0.00,0.00,0.00,-141.66,1.08,0.02,-0.39,-0.82,5.05,1.36,-0.58
01/04/2026,13:07:00,0,0.00,0.00,0.00,0.00,0.00,0.00,0.00,0.00,-141.63,1.12,0.02,-0.39,-0.83,4.97,0.80,-0.44
01/04/2026,13:07:00,0,0.00,0.00,0.00,0.00,0.00,0.00,0.00,0.00,-141.67,1.22,0.02,-0.39,-0.82,5.22,1.25,-0.61
01/04/2026,13:07:00,0,0.00,0.00,0.00,0.00,0.00,0.00,0.00,0.00,-141.66,1.21,0.02,-0.39,-0.82,4.66,0.42,-0.70
01/04/2026,13:07:05,0,0.00,0.00,0.00,0.00,0.00,0.00,0.00,0.00,-141.70,1.24,0.02,-0.40,-0.82,5.72,1.14,-0.23
01/04/2026,13:07:05,0,0.00,0.00,0.00,0.00,0.00,0.00,0.00,0.00,-141.64,1.25,0.02,-0.40,-0.82,5.05,0.95,0.12
01/04/2026,13:07:05,0,0.00,0.00,0.00,0.00,0.00,0.00,0.00,0.00,-141.67,1.17,0.02,-0.40,-0.82,4.59,1.38,-0.31
01/04/2026,13:07:05,0,0.00,0.00,0.00,0.00,0.00,0.00,0.00,0.00,-141.63,1.09,0.02,-0.40,-0.82,5.27,0.69,-0.62
01/04/2026,13:07:05,0,0.00,0.00,0.00,0.00,0.00,0.00,0.00,0.00,-141.63,1.10,0.02,-0.40,-0.82,4.91,0.53,-0.45
01/04/2026,13:07:10,0,0.00,0.00,0.00,0.00,0.00,0.00,0.00,0.00,-141.57,1.13,0.02,-0.39,-0.82,5.34,1.22,-0.31
01/04/2026,13:07:10,0,0.00,0.00,0.00,0.00,0.00,0.00,0.00,0.00,-141.52,1.01,0.02,-0.40,-0.82,5.41,0.44,-0.64
01/04/2026,13:07:10,0,0.00,0.00,0.00,0.00,0.00,0.00,0.00,0.00,-141.53,0.94,0.02,-0.40,-0.82,5.41,0.75,-0.16
01/04/2026,13:07:10,0,0.00,0.00,0.00,0.00,0.00,0.00,0.00,0.00,-141.53,1.00,0.02,-0.39,-0.82,5.50,1.19,-0.56
01/04/2026,13:07:10,0,0.00,0.00,0.00,0.00,0.00,0.00,0.00,0.00,-141.61,0.97,0.02,-0.40,-0.82,5.09,1.42,-0.58
01/04/2026,13:07:15,0,0.00,0.00,0.00,0.00,0.00,0.00,0.00,0.00,-141.78,1.02,0.02,-0.39,-0.82,4.55,0.39,-0.20
01/04/2026,13:07:15,0,0.00,0.00,0.00,0.00,0.00,0.00,0.00,0.00,-141.61,1.01,0.02,-0.40,-0.82,5.53,1.06,-0.31
01/04/2026,13:07:15,0,0.00,0.00,0.00,0.00,0.00,0.00,0.00,0.00,-141.65,1.04,0.02,-0.40,-0.82,4.95,0.69,-0.25
01/04/2026,13:07:15,55,0.00,0.00,0.00,0.00,0.00,0.00,0.00,0.00,-141.73,1.06,0.02,-0.39,-0.83,4.67,0.58,-0.34
01/04/2026,13:07:15,135,0.00,0.00,0.00,0.00,0.00,0.00,0.00,0.00,-141.84,1.06,0.02,-0.40,-0.82,5.05,1.03,-0.36
01/04/2026,13:07:20,239,0.00,0.00,0.00,0.00,0.00,0.00,0.00,0.00,-141.73,1.11,0.02,-0.40,-0.83,4.95,0.84,-0.62
01/04/2026,13:07:20,244,0.00,0.00,0.00,0.00,0.00,0.00,0.00,0.00,-141.66,1.29,0.02,-0.40,-0.82,5.73,1.05,-0.33
01/04/2026,13:07:20,287,0.00,0.00,0.00,0.00,0.00,0.00,0.00,0.00,-141.78,1.28,0.02,-0.39,-0.82,5.22,0.86,-0.59
01/04/2026,13:07:20,295,0.00,0.00,0.00,0.00,0.00,0.00,0.00,0.00,-141.83,1.24,0.02,-0.39,-0.82,5.55,1.59,-0.72
01/04/2026,13:07:20,304,0.00,0.00,0.00,0.00,0.00,0.00,0.00,0.00,-141.74,1.13,0.02,-0.40,-0.82,5.19,0.83,0.08
01/04/2026,13:07:25,295,0.00,0.00,0.00,0.00,0.00,0.00,0.00,0.00,-141.64,1.04,0.02,-0.39,-0.82,4.75,0.89,-1.33
01/04/2026,13:07:25,263,0.00,0.00,0.00,0.00,0.00,0.00,0.00,0.00,-141.61,1.05,0.02,-0.39,-0.82,5.19,1.47,-0.22
01/04/2026,13:07:25,243,0.00,0.00,0.00,0.00,0.00,0.00,0.00,0.00,-141.63,1.00,0.02,-0.39,-0.82,5.22,1.23,-0.73
01/04/2026,13:07:25,210,0.00,0.00,0.00,0.00,0.00,0.00,0.00,0.00,-141.59,0.94,0.02,-0.39,-0.82,5.47,1.05,-0.95
01/04/2026,13:07:25,158,0.00,0.00,0.00,0.00,0.00,0.00,0.00,0.00,-141.70,0.93,0.02,-0.39,-0.83,4.47,0.98,-0.34
01/04/2026,13:07:30,130,0.00,0.00,0.00,0.00,0.00,0.00,0.00,0.00,-141.64,0.98,0.02,-0.40,-0.83,5.52,1.25,-1.00
01/04/2026,13:07:30,43,0.00,0.00,0.00,0.00,0.00,0.00,0.00,0.00,-141.75,1.18,0.02,-0.39,-0.82,4.98,1.31,-0.47
01/04/2026,13:07:30,0,0.00,0.00,0.00,0.00,0.00,0.00,0.00,0.00,-141.84,1.09,0.02,-0.40,-0.82,4.64,0.69,-0.47
01/04/2026,13:07:30,0,0.00,0.00,0.00,0.00,0.00,0.00,0.00,0.00,-141.80,1.03,0.02,-0.39,-0.83,5.16,0.84,-0.33
01/04/2026,13:07:30,0,0.00,0.00,0.00,0.00,0.00,0.00,0.00,0.00,-141.76,1.21,0.02,-0.40,-0.82,5.25,1.39,-0.41
01/04/2026,13:07:35,0,0.00,0.00,0.00,0.00,0.00,0.00,0.00,0.00,-141.70,1.16,0.02,-0.40,-0.82,5.72,1.64,-0.59
01/04/2026,13:07:35,0,0.00,0.00,0.00,0.00,0.00,0.00,0.00,0.00,-141.66,1.13,0.02,-0.40,-0.82,4.58,1.30,-0.44
01/04/2026,13:07:35,0,0.00,0.00,0.00,0.00,0.00,0.00,0.00,0.00,-141.59,1.14,0.02,-0.40,-0.82,4.69,1.02,-0.41
01/04/2026,13:07:35,0,0.00,0.00,0.00,0.00,0.00,0.00,0.00,0.00,-141.53,1.09,0.02,-0.39,-0.82,5.34,0.72,-0.50
01/04/2026,13:07:35,0,0.00,0.00,0.00,0.00,0.00,0.00,0.00,0.00,-141.60,1.23,0.02,-0.40,-0.83,5.30,0.78,-0.94
01/04/2026,13:07:40,0,0.00,0.00,0.00,0.00,0.00,0.00,0.00,0.00,-141.61,1.17,0.02,-0.40,-0.82,4.58,0.67,-0.47
01/04/2026,13:07:40,0,0.00,0.00,0.00,0.00,0.00,0.00,0.00,0.00,-141.52,1.02,0.02,-0.39,-0.82,5.53,0.59,-0.80
01/04/2026,13:07:40,0,0.00,0.00,0.00,0.00,0.00,0.00,0.00,0.00,-141.53,1.20,0.02,-0.40,-0.82,5.81,0.92,-0.66
01/04/2026,13:07:40,0,0.00,0.00,0.00,0.00,0.00,0.00,0.00,0.00,-141.48,1.06,0.02,-0.39,-0.82,4.88,1.05,-1.20
01/04/2026,13:07:40,0,0.00,0.00,0.00,0.00,0.00,0.00,0.00,0.00,-141.62,1.08,0.02,-0.40,-0.83,4.98,0.98,-0.70
01/04/2026,13:07:45,0,0.00,0.00,0.00,0.00,0.00,0.00,0.00,0.00,-141.60,1.00,0.02,-0.39,-0.82,4.69,0.97,-0.30
01/04/2026,13:07:45,0,0.00,0.00,0.00,0.00,0.00,0.00,0.00,0.00,-141.52,1.05,0.02,-0.39,-0.82,5.22,1.06,-0.84
01/04/2026,13:07:45,0,0.00,0.00,0.00,0.00,0.00,0.00,0.00,0.00,-141.52,1.03,0.02,-0.40,-0.82,5.34,0.73,-0.20
01/04/2026,13:07:45,0,0.00,0.00,0.00,0.00,0.00,0.00,0.00,0.00,-141.62,0.96,0.02,-0.39,-0.82,5.22,1.02,-0.44
01/04/2026,13:07:45,0,0.00,0.00,0.00,0.00,0.00,0.00,0.00,0.00,-141.64,1.06,0.02,-0.40,-0.82,4.48,1.25,-0.41
01/04/2026,13:07:50,0,0.00,0.00,0.00,0.00,0.00,0.00,0.00,0.00,-141.65,1.03,0.02,-0.39,-0.82,6.08,1.16,-1.69
01/04/2026,13:07:50,0,0.00,0.00,0.00,0.00,0.00,0.00,0.00,0.00,-141.68,0.98,0.02,-0.39,-0.82,5.19,0.89,-0.47
01/04/2026,13:07:50,0,0.00,0.00,0.00,0.00,0.00,0.00,0.00,0.00,-141.59,0.96,0.02,-0.39,-0.82,4.98,0.75,-0.70
01/04/2026,13:07:50,0,0.00,0.00,0.00,0.00,0.00,0.00,0.00,0.00,-141.57,1.03,0.02,-0.39,-0.82,5.12,0.92,-0.62
01/04/2026,13:07:50,0,0.00,0.00,0.00,0.00,0.00,0.00,0.00,0.00,-141.68,1.26,0.02,-0.40,-0.82,4.30,0.86,-0.50
01/04/2026,13:07:55,0,0.00,0.00,0.00,0.00,0.00,0.00,0.00,0.00,-141.66,1.12,0.02,-0.39,-0.83,2.97,1.23,-0.61
01/04/2026,13:07:55,0,0.00,0.00,0.00,0.00,0.00,0.00,0.00,0.00,-141.63,1.06,0.02,-0.40,-0.83,5.33,1.20,-0.06
01/04/2026,13:07:55,0,0.00,0.00,0.00,0.00,0.00,0.00,0.00,0.00,-141.64,0.96,0.02,-0.40,-0.82,5.80,0.52,-0.78
01/04/2026,13:07:55,0,0.00,0.00,0.00,0.00,0.00,0.00,0.00,0.00,-141.66,1.10,0.02,-0.40,-0.82,5.22,1.45,-0.55
01/04/2026,13:07:55,0,0.00,0.00,0.00,0.00,0.00,0.00,0.00,0.00,-141.66,1.13,0.02,-0.40,-0.83,5.28,0.58,-0.36
01/04/2026,13:08:00,0,0.00,0.00,0.00,0.00,0.00,0.00,0.00,0.00,-141.60,1.06,0.02,-0.40,-0.82,6.73,0.88,-0.78
01/04/2026,13:08:00,0,0.00,0.00,0.00,0.00,0.00,0.00,0.00,0.00,-141.63,1.18,0.02,-0.40,-0.82,4.64,1.31,-1.06
01/04/2026,13:08:00,0,0.00,0.00,0.00,0.00,0.00,0.00,0.00,0.00,-141.66,1.16,0.02,-0.40,-0.82,5.67,0.70,-0.30
01/04/2026,13:08:00,0,0.00,0.00,0.00,0.00,0.00,0.00,0.00,0.00,-141.61,1.11,0.02,-0.40,-0.82,4.67,1.52,0.09
01/04/2026,13:08:00,0,0.00,0.00,0.00,0.00,0.00,0.00,0.00,0.00,-141.52,1.13,0.02,-0.40,-0.82,6.19,1.31,-0.50
01/04/2026,13:08:05,0,0.00,0.00,0.00,0.00,0.00,0.00,0.00,0.00,-141.65,1.24,0.02,-0.40,-0.82,5.19,0.61,-0.61
01/04/2026,13:08:05,0,0.00,0.00,0.00,0.00,0.00,0.00,0.00,0.00,-141.57,1.11,0.02,-0.39,-0.83,5.52,0.42,-0.56
01/04/2026,13:08:05,0,0.00,0.00,0.00,0.00,0.00,0.00,0.00,0.00,-141.65,1.06,0.02,-0.40,-0.82,4.50,1.05,-0.03
01/04/2026,13:08:05,0,0.00,0.00,0.00,0.00,0.00,0.00,0.00,0.00,-141.72,1.06,0.02,-0.39,-0.82,4.11,0.97,-0.62
01/04/2026,13:08:05,0,0.00,0.00,0.00,0.00,0.00,0.00,0.00,0.00,-141.67,1.04,0.02,-0.39,-0.82,5.52,0.45,-0.61
01/04/2026,13:08:10,0,0.00,0.00,0.00,0.00,0.00,0.00,0.00,0.00,-141.56,1.15,0.02,-0.39,-0.82,5.73,1.19,-0.22
01/04/2026,13:08:10,0,0.00,0.00,0.00,0.00,0.00,0.00,0.00,0.00,-141.55,1.01,0.02,-0.39,-0.82,5.44,1.08,-0.45
01/04/2026,13:08:10,0,0.00,0.00,0.00,0.00,0.00,0.00,0.00,0.00,-141.55,0.99,0.02,-0.39,-0.83,4.36,0.66,-0.48
01/04/2026,13:08:10,0,0.00,0.00,0.00,0.00,0.00,0.00,0.00,0.00,-141.58,0.98,0.02,-0.39,-0.82,5.05,0.86,-0.31
01/04/2026,13:08:10,0,0.00,0.00,0.00,0.00,0.00,0.00,0.00,0.00,-141.61,1.02,0.02,-0.39,-0.82,5.23,1.66,-0.20
01/04/2026,13:08:15,0,0.00,0.00,0.00,0.00,0.00,0.00,0.00,0.00,-141.70,1.11,0.02,-0.40,-0.82,4.91,0.73,-0.20
01/04/2026,13:08:15,0,0.00,0.00,0.00,0.00,0.00,0.00,0.00,0.00,-141.71,1.01,0.02,-0.40,-0.82,5.53,1.14,-0.23
01/04/2026,13:08:15,0,0.00,0.00,0.00,0.00,0.00,0.00,0.00,0.00,-141.70,1.18,0.02,-0.40,-0.82,5.25,1.02,0.03
01/04/2026,13:08:15,0,0.00,0.00,0.00,0.00,0.00,0.00,0.00,0.00,-141.72,1.19,0.02,-0.40,-0.82,5.20,0.47,0.02
01/04/2026,13:08:15,0,0.00,0.00,0.00,0.00,0.00,0.00,0.00,0.00,-141.65,1.19,0.02,-0.40,-0.82,4.86,0.73,-0.70
01/04/2026,13:08:20,0,0.00,0.00,0.00,0.00,0.00,0.00,0.00,0.00,-141.68,1.22,0.02,-0.39,-0.82,4.97,0.64,-0.25
01/04/2026,13:08:20,0,0.00,0.00,0.00,0.00,0.00,0.00,0.00,0.00,-141.66,1.26,0.02,-0.40,-0.82,5.91,1.36,-0.48
01/04/2026,13:08:20,0,0.00,0.00,0.00,0.00,0.00,0.00,0.00,0.00,-141.65,1.18,0.02,-0.40,-0.82,4.86,1.05,-0.45
01/04/2026,13:08:20,0,0.00,0.00,0.00,0.00,0.00,0.00,0.00,0.00,-141.61,1.22,0.02,-0.40,-0.82,5.41,1.08,-0.92
01/04/2026,13:08:20,0,0.00,0.00,0.00,0.00,0.00,0.00,0.00,0.00,-141.65,1.18,0.02,-0.39,-0.82,5.23,1.52,-0.44
01/04/2026,13:08:25,0,0.00,0.00,0.00,0.00,0.00,0.00,0.00,0.00,-141.69,1.26,0.02,-0.39,-0.82,4.84,0.89,-0.81
01/04/2026,13:08:25,0,0.00,0.00,0.00,0.00,0.00,0.00,0.00,0.00,-141.74,1.06,0.02,-0.39,-0.83,5.06,0.34,-0.38
01/04/2026,13:08:25,0,0.00,0.00,0.00,0.00,0.00,0.00,0.00,0.00,-141.71,0.89,0.02,-0.39,-0.82,5.31,0.83,-0.20
01/04/2026,13:08:25,0,0.00,0.00,0.00,0.00,0.00,0.00,0.00,0.00,-141.59,0.96,0.02,-0.40,-0.82,5.41,1.09,-0.83
01/04/2026,13:08:25,0,0.00,0.00,0.00,0.00,0.00,0.00,0.00,0.00,-141.68,0.89,0.02,-0.39,-0.82,5.14,0.44,-0.53
01/04/2026,13:08:30,0,0.00,0.00,0.00,0.00,0.00,0.00,0.00,0.00,-141.84,1.03,0.02,-0.40,-0.82,3.42,1.31,-0.58
01/04/2026,13:08:30,0,0.00,0.00,0.00,0.00,0.00,0.00,0.00,0.00,-141.89,1.14,0.02,-0.40,-0.83,5.14,1.05,-0.41
01/04/2026,13:08:30,0,0.00,0.00,0.00,0.00,0.00,0.00,0.00,0.00,-141.89,1.09,0.02,-0.39,-0.83,4.56,0.66,-0.42
01/04/2026,13:08:30,0,0.00,0.00,0.00,0.00,0.00,0.00,0.00,0.00,-141.80,1.06,0.02,-0.39,-0.83,5.45,1.11,-0.70
01/04/2026,13:08:30,0,0.00,0.00,0.00,0.00,0.00,0.00,0.00,0.00,-141.92,1.08,0.02,-0.39,-0.82,4.89,0.98,-0.31
01/04/2026,13:08:35,0,0.00,0.00,0.00,0.00,0.00,0.00,0.00,0.00,-141.76,1.02,0.02,-0.40,-0.82,5.19,0.97,-0.56
01/04/2026,13:08:35,0,0.00,0.00,0.00,0.00,0.00,0.00,0.00,0.00,-141.66,1.13,0.02,-0.40,-0.82,5.61,0.78,-0.94
01/04/2026,13:08:35,0,0.00,0.00,0.00,0.00,0.00,0.00,0.00,0.00,-141.65,1.14,0.02,-0.40,-0.83,5.50,1.20,-0.41
01/04/2026,13:08:35,0,0.00,0.00,0.00,0.00,0.00,0.00,0.00,0.00,-141.68,1.05,0.02,-0.40,-0.82,5.61,0.23,-0.75
01/04/2026,13:08:35,0,0.00,0.00,0.00,0.00,0.00,0.00,0.00,0.00,-141.55,1.09,0.02,-0.40,-0.83,5.06,0.81,-1.12
01/04/2026,13:08:40,0,0.00,0.00,0.00,0.00,0.00,0.00,0.00,0.00,-141.51,1.09,0.02,-0.40,-0.83,4.39,1.06,-0.14
01/04/2026,13:08:40,0,0.00,0.00,0.00,0.00,0.00,0.00,0.00,0.00,-141.50,0.85,0.02,-0.40,-0.82,4.44,0.11,-0.78
01/04/2026,13:08:40,0,0.00,0.00,0.00,0.00,0.00,0.00,0.00,0.00,-141.55,0.98,0.02,-0.40,-0.82,5.39,1.31,-0.59
01/04/2026,13:08:40,0,0.00,0.00,0.00,0.00,0.00,0.00,0.00,0.00,-141.57,0.96,0.02,-0.40,-0.82,5.44,0.78,-0.19
01/04/2026,13:08:40,0,0.00,0.00,0.00,0.00,0.00,0.00,0.00,0.00,-141.55,0.96,0.02,-0.40,-0.82,5.89,1.16,-1.17
01/04/2026,13:08:45,0,0.00,0.00,0.00,0.00,0.00,0.00,0.00,0.00,-141.52,0.92,0.02,-0.40,-0.82,4.50,1.14,-0.83
01/04/2026,13:08:45,0,0.00,0.00,0.00,0.00,0.00,0.00,0.00,0.00,-141.55,0.99,0.02,-0.40,-0.82,5.27,1.16,-0.48
01/04/2026,13:08:45,0,0.00,0.00,0.00,0.00,0.00,0.00,0.00,0.00,-141.50,0.96,0.02,-0.40,-0.83,4.50,1.27,-0.34
01/04/2026,13:08:45,0,0.00,0.00,0.00,0.00,0.00,0.00,0.00,0.00,-141.52,0.97,0.02,-0.40,-0.82,4.80,0.92,-0.34
01/04/2026,13:08:45,0,0.00,0.00,0.00,0.00,0.00,0.00,0.00,0.00,-141.52,0.88,0.02,-0.40,-0.82,4.89,1.34,-0.56
01/04/2026,13:08:50,0,0.00,0.00,0.00,0.00,0.00,0.00,0.00,0.00,-141.45,0.92,0.02,-0.39,-0.83,5.75,0.64,-1.23
01/04/2026,13:08:50,0,0.00,0.00,0.00,0.00,0.00,0.00,0.00,0.00,-141.54,0.91,0.02,-0.40,-0.82,4.50,1.14,-0.75
01/04/2026,13:08:50,0,0.00,0.00,0.00,0.00,0.00,0.00,0.00,0.00,-141.63,1.09,0.02,-0.40,-0.82,4.75,0.80,-0.94
01/04/2026,13:08:50,0,0.00,0.00,0.00,0.00,0.00,0.00,0.00,0.00,-141.58,1.11,0.02,-0.40,-0.82,5.80,0.58,-0.94
01/04/2026,13:08:50,0,0.00,0.00,0.00,0.00,0.00,0.00,0.00,0.00,-141.64,1.16,0.02,-0.40,-0.82,5.05,1.72,-0.52
01/04/2026,13:08:55,0,0.00,0.00,0.00,0.00,0.00,0.00,0.00,0.00,-141.65,1.08,0.02,-0.40,-0.82,5.02,0.77,-0.77
01/04/2026,13:08:55,0,0.00,0.00,0.00,0.00,0.00,0.00,0.00,0.00,-141.65,1.02,0.02,-0.40,-0.82,4.91,1.23,-0.84
01/04/2026,13:08:55,0,0.00,0.00,0.00,0.00,0.00,0.00,0.00,0.00,-141.64,1.12,0.02,-0.40,-0.83,4.97,1.05,-0.66
01/04/2026,13:08:55,0,0.00,0.00,0.00,0.00,0.00,0.00,0.00,0.00,-141.57,1.10,0.02,-0.40,-0.82,5.41,0.97,-0.81
01/04/2026,13:08:55,0,0.00,0.00,0.00,0.00,0.00,0.00,0.00,0.00,-141.60,1.00,0.02,-0.39,-0.82,5.25,1.17,-0.19
01/04/2026,13:09:00,0,0.00,0.00,0.00,0.00,0.00,0.00,0.00,0.00,-141.57,1.05,0.02,-0.40,-0.83,5.94,0.75,-0.73
01/04/2026,13:09:00,0,0.00,0.00,0.00,0.00,0.00,0.00,0.00,0.00,-141.56,1.07,0.02,-0.40,-0.82,5.11,1.20,-0.58
01/04/2026,13:09:00,0,0.00,0.00,0.00,0.00,0.00,0.00,0.00,0.00,-141.60,1.05,0.02,-0.40,-0.83,5.28,0.81,-1.38
01/04/2026,13:09:00,0,0.00,0.00,0.00,0.00,0.00,0.00,0.00,0.00,-141.63,1.17,0.02,-0.40,-0.82,4.92,0.73,-0.61
01/04/2026,13:09:00,0,0.00,0.00,0.00,0.00,0.00,0.00,0.00,0.00,-141.46,1.16,0.02,-0.39,-0.82,6.47,0.84,-0.56
01/04/2026,13:09:05,0,0.00,0.00,0.00,0.00,0.00,0.00,0.00,0.00,-141.48,1.11,0.02,-0.39,-0.83,5.88,0.80,-0.12
01/04/2026,13:09:05,0,0.00,0.00,0.00,0.00,0.00,0.00,0.00,0.00,-141.49,1.04,0.02,-0.40,-0.82,5.48,0.86,-0.97
01/04/2026,13:09:05,0,0.00,0.00,0.00,0.00,0.00,0.00,0.00,0.00,-141.53,0.86,0.02,-0.40,-0.82,5.27,-3.84,-0.86
01/04/2026,13:09:05,0,0.00,0.00,0.00,0.00,0.00,0.00,0.00,0.00,-141.61,0.89,0.02,-0.40,-0.82,5.14,0.67,-0.84
01/04/2026,13:09:05,0,0.00,0.00,0.00,0.00,0.00,0.00,0.00,0.00,-141.52,0.95,0.02,-0.40,-0.82,5.09,0.84,-0.86
01/04/2026,13:09:10,0,0.00,0.00,0.00,0.00,0.00,0.00,0.00,0.00,-141.47,1.03,0.02,-0.39,-0.83,5.48,0.84,-1.62
01/04/2026,13:09:10,0,0.00,0.00,0.00,0.00,0.00,0.00,0.00,0.00,-141.51,1.05,0.02,-0.40,-0.82,5.19,0.80,-0.55
01/04/2026,13:09:10,0,0.00,0.00,0.00,0.00,0.00,0.00,0.00,0.00,-141.48,1.01,0.02,-0.39,-0.82,5.03,0.92,-0.62
01/04/2026,13:09:10,0,0.00,0.00,0.00,0.00,0.00,0.00,0.00,0.00,-141.50,1.04,0.02,-0.40,-0.83,4.48,0.84,-0.80
01/04/2026,13:09:10,0,0.00,0.00,0.00,0.00,0.00,0.00,0.00,0.00,-141.37,1.08,0.02,-0.40,-0.82,5.58,0.86,-0.62
01/04/2026,13:09:15,0,0.00,0.00,0.00,0.00,0.00,0.00,0.00,0.00,-141.62,1.25,0.02,-0.39,-0.82,-5.58,1.72,-1.55
01/04/2026,13:09:15,0,0.00,0.00,0.00,0.00,0.00,0.00,0.00,0.00,-141.55,1.34,0.02,-0.40,-0.82,4.45,0.80,-0.98
01/04/2026,13:09:15,0,0.00,0.00,0.00,0.00,0.00,0.00,0.00,0.00,-141.60,1.34,0.02,-0.40,-0.82,5.27,1.27,-0.77
01/04/2026,13:09:15,0,0.00,0.00,0.00,0.00,0.00,0.00,0.00,0.00,-141.49,1.21,0.02,-0.40,-0.82,5.92,0.19,0.23
01/04/2026,13:09:15,0,0.00,0.00,0.00,0.00,0.00,0.00,0.00,0.00,-141.62,1.21,0.02,-0.39,-0.83,0.62,0.77,-0.91
01/04/2026,13:09:20,0,0.00,0.00,0.00,0.00,0.00,0.00,0.00,0.00,-141.65,1.18,0.02,-0.40,-0.83,4.09,0.33,-0.81
01/04/2026,13:09:20,0,0.00,0.00,0.00,0.00,0.00,0.00,0.00,0.00,-141.77,1.19,0.02,-0.40,-0.82,5.09,0.91,-1.14
01/04/2026,13:09:20,0,0.00,0.00,0.00,0.00,0.00,0.00,0.00,0.00,-141.74,1.20,0.02,-0.39,-0.83,5.33,0.95,-0.64
01/04/2026,13:09:20,0,0.00,0.00,0.00,0.00,0.00,0.00,0.00,0.00,-141.59,1.18,0.02,-0.40,-0.82,5.12,0.75,-1.09
01/04/2026,13:09:20,0,0.00,0.00,0.00,0.00,0.00,0.00,0.00,0.00,-141.57,1.11,0.02,-0.39,-0.82,5.53,1.48,-0.77
01/04/2026,13:09:25,0,0.00,0.00,0.00,0.00,0.00,0.00,0.00,0.00,-141.61,1.17,0.02,-0.40,-0.83,4.98,1.11,-0.27
01/04/2026,13:09:25,0,0.00,0.00,0.00,0.00,0.00,0.00,0.00,0.00,-141.55,1.15,0.02,-0.40,-0.83,5.17,0.92,-0.77
01/04/2026,13:09:25,0,0.00,0.00,0.00,0.00,0.00,0.00,0.00,0.00,-141.57,1.05,0.02,-0.40,-0.82,5.50,0.72,-0.55
01/04/2026,13:09:25,0,0.00,0.00,0.00,0.00,0.00,0.00,0.00,0.00,-141.67,1.14,0.02,-0.39,-0.82,5.02,1.05,-0.53
01/04/2026,13:09:25,0,0.00,0.00,0.00,0.00,0.00,0.00,0.00,0.00,-141.75,1.18,0.02,-0.39,-0.82,4.94,1.09,-0.83
01/04/2026,13:09:30,0,0.00,0.00,0.00,0.00,0.00,0.00,0.00,0.00,-141.72,1.19,0.02,-0.40,-0.82,4.94,1.36,-1.16
01/04/2026,13:09:30,0,0.00,0.00,0.00,0.00,0.00,0.00,0.00,0.00,-141.63,1.10,0.02,-0.40,-0.83,5.28,0.62,-0.59
01/04/2026,13:09:30,0,0.00,0.00,0.00,0.00,0.00,0.00,0.00,0.00,-141.70,1.10,0.02,-0.40,-0.82,5.19,0.50,-0.47
01/04/2026,13:09:30,0,0.00,0.00,0.00,0.00,0.00,0.00,0.00,0.00,-141.70,1.20,0.02,-0.40,-0.82,5.53,0.66,-0.78
01/04/2026,13:09:30,0,0.00,0.00,0.00,0.00,0.00,0.00,0.00,0.00,-141.67,1.01,0.02,-0.39,-0.82,5.25,0.66,-0.09
01/04/2026,13:09:35,0,0.00,0.00,0.00,0.00,0.00,0.00,0.00,0.00,-141.65,1.04,0.02,-0.40,-0.82,5.08,0.83,-0.36
01/04/2026,13:09:35,0,0.00,0.00,0.00,0.00,0.00,0.00,0.00,0.00,-141.61,0.99,0.02,-0.40,-0.82,4.80,0.92,-0.98
01/04/2026,13:09:35,0,0.00,0.00,0.00,0.00,0.00,0.00,0.00,0.00,-141.59,1.13,0.02,-0.40,-0.82,4.94,1.25,-0.86
01/04/2026,13:09:35,0,0.00,0.00,0.00,0.00,0.00,0.00,0.00,0.00,-141.51,1.04,0.02,-0.40,-0.82,5.09,1.11,-0.34
01/04/2026,13:09:35,0,0.00,0.00,0.00,0.00,0.00,0.00,0.00,0.00,-141.53,1.18,0.02,-0.40,-0.82,5.44,1.33,-0.20
01/04/2026,13:09:40,0,0.00,0.00,0.00,0.00,0.00,0.00,0.00,0.00,-141.56,1.12,0.02,-0.40,-0.82,5.17,1.12,-0.77
01/04/2026,13:09:40,0,0.00,0.00,0.00,0.00,0.00,0.00,0.00,0.00,-141.56,1.17,0.02,-0.40,-0.83,4.77,1.45,-0.38
01/04/2026,13:09:40,0,0.00,0.00,0.00,0.00,0.00,0.00,0.00,0.00,-141.53,1.18,0.02,-0.40,-0.83,5.11,0.69,-0.80
01/04/2026,13:09:40,0,0.00,0.00,0.00,0.00,0.00,0.00,0.00,0.00,-141.55,1.22,0.02,-0.40,-0.82,5.27,0.72,-0.31
01/04/2026,13:09:40,0,0.00,0.00,0.00,0.00,0.00,0.00,0.00,0.00,-141.60,1.06,0.02,-0.40,-0.82,5.61,1.03,-0.69
01/04/2026,13:09:45,0,0.00,0.00,0.00,0.00,0.00,0.00,0.00,0.00,-141.63,1.14,0.02,-0.40,-0.82,4.95,1.31,-0.31
01/04/2026,13:09:45,0,0.00,0.00,0.00,0.00,0.00,0.00,0.00,0.00,-141.63,1.02,0.02,-0.39,-0.82,5.33,0.67,0.03
01/04/2026,13:09:45,0,0.00,0.00,0.00,0.00,0.00,0.00,0.00,0.00,-141.70,1.08,0.02,-0.40,-0.82,5.38,1.00,-0.88
01/04/2026,13:09:45,0,0.00,0.00,0.00,0.00,0.00,0.00,0.00,0.00,-141.54,1.14,0.01,-0.40,-0.82,6.33,0.78,-0.44
01/04/2026,13:09:45,0,0.00,0.00,0.00,0.00,0.00,0.00,0.00,0.00,-141.80,0.68,0.02,-0.39,-0.82,-0.09,1.84,-0.77
01/04/2026,13:09:50,0,0.00,0.00,0.00,0.00,0.00,0.00,0.00,0.00,-141.69,0.78,0.02,-0.39,-0.83,5.44,0.55,-0.20
01/04/2026,13:09:50,0,0.00,0.00,0.00,0.00,0.00,0.00,0.00,0.00,-141.64,0.85,0.02,-0.40,-0.82,4.08,1.12,-0.66
01/04/2026,13:09:50,0,0.00,0.00,0.00,0.00,0.00,0.00,0.00,0.00,-141.63,0.97,0.02,-0.40,-0.82,5.06,1.09,-0.94
01/04/2026,13:09:50,0,0.00,0.00,0.00,0.00,0.00,0.00,0.00,0.00,-141.60,1.01,0.02,-0.40,-0.82,4.83,0.53,-0.44
01/04/2026,13:09:50,0,0.00,0.00,0.00,0.00,0.00,0.00,0.00,0.00,-141.48,1.13,0.02,-0.39,-0.82,5.48,0.81,0.11
01/04/2026,13:09:55,0,0.00,0.00,0.00,0.00,0.00,0.00,0.00,0.00,-141.52,1.12,0.02,-0.40,-0.82,5.88,0.84,0.33
01/04/2026,13:09:55,0,0.00,0.00,0.00,0.00,0.00,0.00,0.00,0.00,-141.54,1.12,0.02,-0.40,-0.82,5.45,1.50,-0.66
01/04/2026,13:09:55,109,0.00,0.00,0.00,0.00,0.00,0.00,0.00,0.00,-141.62,1.07,0.02,-0.40,-0.83,5.06,1.27,-0.84
01/04/2026,13:09:55,155,0.00,0.00,0.00,0.00,0.00,0.00,0.00,0.00,-141.58,1.00,0.02,-0.39,-0.82,5.83,0.62,-0.39
01/04/2026,13:09:55,196,0.00,0.00,0.00,0.00,0.00,0.00,0.00,0.00,-141.64,1.04,0.02,-0.39,-0.82,5.64,1.03,-0.78
01/04/2026,13:10:00,254,0.00,0.00,0.00,0.00,0.00,0.00,0.00,0.00,-141.52,1.11,0.02,-0.40,-0.82,6.11,1.09,-0.83
01/04/2026,13:10:00,272,0.00,0.00,0.00,0.00,0.00,0.00,0.00,0.00,-141.62,1.07,0.02,-0.40,-0.82,4.59,0.88,-0.42
01/04/2026,13:10:00,270,0.00,0.00,0.00,0.00,0.00,0.00,0.00,0.00,-141.64,0.94,0.02,-0.40,-0.82,5.20,0.69,-1.11
01/04/2026,13:10:00,299,0.00,0.00,0.00,0.00,0.00,0.00,0.00,0.00,-141.72,1.06,0.02,-0.40,-0.82,5.20,0.61,-0.83
01/04/2026,13:10:00,298,0.00,0.00,0.00,0.00,0.00,0.00,0.00,0.00,-141.67,1.08,0.02,-0.40,-0.82,5.53,1.62,-1.12
01/04/2026,13:10:05,287,0.00,0.00,0.00,0.00,0.00,0.00,0.00,0.00,-141.69,1.00,0.02,-0.39,-0.82,5.08,0.95,-0.77
01/04/2026,13:10:05,274,0.00,0.00,0.00,0.00,0.00,0.00,0.00,0.00,-141.72,1.03,0.02,-0.40,-0.82,4.72,1.14,-0.95
01/04/2026,13:10:05,245,0.00,0.00,0.00,0.00,0.00,0.00,0.00,0.00,-141.63,1.05,0.02,-0.40,-0.82,5.70,1.30,-0.44
01/04/2026,13:10:05,192,0.00,0.00,0.00,0.00,0.00,0.00,0.00,0.00,-141.66,1.09,0.02,-0.40,-0.82,5.14,0.94,-0.05
01/04/2026,13:10:05,167,0.00,0.00,0.00,0.00,0.00,0.00,0.00,0.00,-141.61,0.96,0.02,-0.40,-0.82,4.80,0.88,-0.58
01/04/2026,13:10:10,116,0.00,0.00,0.00,0.00,0.00,0.00,0.00,0.00,-141.62,0.96,0.02,-0.39,-0.82,5.48,0.72,-0.77
01/04/2026,13:10:10,101,0.00,0.00,0.00,0.00,0.00,0.00,0.00,0.00,-141.60,1.05,0.02,-0.40,-0.82,5.08,0.98,-0.56
01/04/2026,13:10:10,94,0.00,0.00,0.00,0.00,0.00,0.00,0.00,0.00,-141.72,1.24,0.02,-0.40,-0.82,4.95,1.09,-0.08
01/04/2026,13:10:10,91,0.00,0.00,0.00,0.00,0.00,0.00,0.00,0.00,-141.70,1.22,0.02,-0.40,-0.82,4.36,1.14,-0.20
01/04/2026,13:10:10,111,0.00,0.00,0.00,0.00,0.00,0.00,0.00,0.00,-141.77,1.18,0.02,-0.40,-0.83,5.05,1.33,0.14
01/04/2026,13:10:15,144,0.00,0.00,0.00,0.00,0.00,0.00,0.00,0.00,-141.67,1.21,0.02,-0.39,-0.82,5.03,0.31,-0.56
01/04/2026,13:10:15,145,0.00,0.00,0.00,0.00,0.00,0.00,0.00,0.00,-141.74,1.20,0.02,-0.39,-0.83,4.69,0.89,-0.88
01/04/2026,13:10:15,240,0.00,0.00,0.00,0.00,0.00,0.00,0.00,0.00,-141.78,1.13,0.02,-0.40,-0.82,4.50,0.53,-0.05
01/04/2026,13:10:15,285,0.00,0.00,0.00,0.00,0.00,0.00,0.00,0.00,-141.64,1.09,0.02,-0.40,-0.82,5.06,1.38,-0.19
01/04/2026,13:10:15,285,0.00,0.00,0.00,0.00,0.00,0.00,0.00,0.00,-141.59,1.13,0.02,-0.40,-0.82,5.23,1.41,-0.73
01/04/2026,13:10:20,292,0.00,0.00,0.00,0.00,0.00,0.00,0.00,0.00,-141.53,1.15,0.02,-0.40,-0.82,6.16,1.16,-0.31
01/04/2026,13:10:20,222,0.00,0.00,0.00,0.00,0.00,0.00,0.00,0.00,-141.42,1.08,0.02,-0.40,-0.83,5.42,1.12,-0.45
01/04/2026,13:10:20,77,0.00,0.00,0.00,0.00,0.00,0.00,0.00,0.00,-141.47,1.11,0.02,-0.40,-0.82,5.12,0.47,-0.91
01/04/2026,13:10:20,0,0.00,0.00,0.00,0.00,0.00,0.00,0.00,0.00,-141.45,0.96,0.02,-0.40,-0.82,5.28,0.59,0.05
01/04/2026,13:10:20,0,0.00,0.00,0.00,0.00,0.00,0.00,0.00,0.00,-141.45,1.02,0.02,-0.40,-0.82,5.77,0.73,-0.62
01/04/2026,13:10:25,0,0.00,0.00,0.00,0.00,0.00,0.00,0.00,0.00,-141.46,1.00,0.02,-0.40,-0.82,5.02,1.39,-1.06
01/04/2026,13:10:25,0,0.00,0.00,0.00,0.00,0.00,0.00,0.00,0.00,-141.48,1.07,0.02,-0.40,-0.82,4.88,0.48,-0.31
01/04/2026,13:10:25,0,0.00,0.00,0.00,0.00,0.00,0.00,0.00,0.00,-141.55,1.09,0.02,-0.40,-0.83,5.27,1.19,-0.09
01/04/2026,13:10:25,0,0.00,0.00,0.00,0.00,0.00,0.00,0.00,0.00,-141.62,1.06,0.02,-0.40,-0.82,4.94,0.86,-0.56
01/04/2026,13:10:25,0,0.00,0.00,0.00,0.00,0.00,0.00,0.00,0.00,-141.52,0.97,0.02,-0.40,-0.82,4.97,0.56,-0.69
01/04/2026,13:10:30,0,0.00,0.00,0.00,0.00,0.00,0.00,0.00,0.00,-141.53,1.05,0.02,-0.40,-0.82,5.53,1.05,-0.39
01/04/2026,13:10:30,0,0.00,0.00,0.00,0.00,0.00,0.00,0.00,0.00,-141.46,0.93,0.02,-0.40,-0.82,5.08,0.72,-0.75
01/04/2026,13:10:30,0,0.00,0.00,0.00,0.00,0.00,0.00,0.00,0.00,-141.54,0.98,0.02,-0.40,-0.82,4.86,1.59,-0.95
01/04/2026,13:10:30,0,0.00,0.00,0.00,0.00,0.00,0.00,0.00,0.00,-141.67,1.07,0.02,-0.39,-0.81,2.36,2.12,-0.55
01/04/2026,13:10:30,16,0.00,0.00,0.00,0.00,0.00,0.00,0.00,0.00,-141.23,1.02,0.02,-0.41,-0.81,14.12,0.88,0.02
01/04/2026,13:10:35,79,0.00,0.00,0.00,0.00,0.00,0.00,0.00,0.00,-141.47,1.05,0.02,-0.40,-0.81,5.86,0.27,-0.42
01/04/2026,13:10:35,161,0.00,0.00,0.00,0.00,0.00,0.00,0.00,0.00,-141.38,1.04,0.02,-0.39,-0.82,2.41,0.91,-0.72
01/04/2026,13:10:35,226,0.00,0.00,0.00,0.00,0.00,0.00,0.00,0.00,-141.56,1.16,0.02,-0.39,-0.83,2.88,1.28,-1.62
01/04/2026,13:10:35,240,0.00,0.00,0.00,0.00,0.00,0.00,0.00,0.00,-141.42,1.09,0.02,-0.39,-0.82,6.91,2.19,-0.41
01/04/2026,13:10:35,270,0.00,0.00,0.00,0.00,0.00,0.00,0.00,0.00,-141.63,1.34,0.02,-0.40,-0.83,5.39,1.59,-0.25
01/04/2026,13:10:40,291,0.00,0.00,0.00,0.00,0.00,0.00,0.00,0.00,-141.63,1.24,0.02,-0.40,-0.82,5.77,0.97,-0.28
01/04/2026,13:10:40,304,0.00,0.00,0.00,0.00,0.00,0.00,0.00,0.00,-141.61,1.04,0.02,-0.39,-0.82,4.72,0.53,0.12
01/04/2026,13:10:40,272,0.00,0.00,0.00,0.00,0.00,0.00,0.00,0.00,-141.59,1.13,0.02,-0.40,-0.82,4.73,0.95,-0.20
01/04/2026,13:10:40,256,0.00,0.00,0.00,0.00,0.00,0.00,0.00,0.00,-141.60,1.03,0.02,-0.39,-0.82,2.47,0.88,-0.64
01/04/2026,13:10:40,247,0.00,0.00,0.00,0.00,0.00,0.00,0.00,0.00,-141.57,0.95,0.02,-0.40,-0.82,3.80,0.94,-0.94
01/04/2026,13:10:45,221,0.00,0.00,0.00,0.00,0.00,0.00,0.00,0.00,-141.53,0.91,0.02,-0.40,-0.82,5.45,1.30,-0.66
01/04/2026,13:10:45,191,0.00,0.00,0.00,0.00,0.00,0.00,0.00,0.00,-141.58,1.10,0.02,-0.40,-0.82,5.25,0.80,-0.44
01/04/2026,13:10:45,198,0.00,0.00,0.00,0.00,0.00,0.00,0.00,0.00,-141.65,1.01,0.02,-0.40,-0.82,5.06,0.72,-0.42
01/04/2026,13:10:45,214,0.00,0.00,0.00,0.00,0.00,0.00,0.00,0.00,-141.69,1.07,0.02,-0.40,-0.82,4.97,0.72,-0.73
01/04/2026,13:10:45,210,0.00,0.00,0.00,0.00,0.00,0.00,0.00,0.00,-141.61,0.88,0.02,-0.40,-0.82,5.25,0.62,-0.98
01/04/2026,13:10:50,267,0.00,0.00,0.00,0.00,0.00,0.00,0.00,0.00,-141.52,0.56,0.02,-0.39,-0.82,2.94,1.14,-1.36
01/04/2026,13:10:50,365,0.00,0.00,0.00,0.00,0.00,0.00,0.00,0.00,-140.83,0.98,0.01,-0.39,-0.81,34.27,1.86,-1.27
01/04/2026,13:10:50,399,0.00,0.00,0.00,0.00,0.00,0.00,0.00,0.00,-142.20,0.48,0.02,-0.40,-0.82,-8.48,0.17,-0.75
01/04/2026,13:10:50,437,0.00,0.00,0.00,0.00,0.00,0.00,0.00,0.00,-141.45,0.99,0.03,-0.41,-0.83,5.12,-0.58,0.73
01/04/2026,13:10:50,256,0.00,0.00,0.00,0.00,0.00,0.00,0.00,0.00,-141.56,0.99,0.02,-0.40,-0.81,-8.64,1.42,-0.61
01/04/2026,13:10:55,272,0.00,0.00,0.00,0.00,0.00,0.00,0.00,0.00,-141.41,1.03,0.02,-0.40,-0.82,4.84,0.23,0.11
01/04/2026,13:10:55,265,0.00,0.00,0.00,0.00,0.00,0.00,0.00,0.00,-141.52,1.10,0.02,-0.39,-0.83,4.44,0.62,-0.20
01/04/2026,13:10:55,258,0.00,0.00,0.00,0.00,0.00,0.00,0.00,0.00,-141.54,1.08,0.02,-0.40,-0.82,5.50,1.03,-0.81
01/04/2026,13:10:55,304,0.00,0.00,0.00,0.00,0.00,0.00,0.00,0.00,-141.57,1.12,0.02,-0.39,-0.82,5.11,1.02,-0.94
01/04/2026,13:10:55,281,0.00,0.00,0.00,0.00,0.00,0.00,0.00,0.00,-141.86,1.19,0.02,-0.40,-0.83,8.50,0.08,0.16
01/04/2026,13:11:00,336,0.00,0.00,0.00,0.00,0.00,0.00,0.00,0.00,-141.76,0.92,0.02,-0.40,-0.82,3.72,0.56,-1.08
01/04/2026,13:11:00,302,0.00,0.00,0.00,0.00,0.00,0.00,0.00,0.00,-141.67,0.98,0.02,-0.40,-0.82,5.55,1.08,-0.42
01/04/2026,13:11:00,307,0.00,0.00,0.00,0.00,0.00,0.00,0.00,0.00,-141.64,1.04,0.02,-0.39,-0.82,6.17,0.64,0.12
01/04/2026,13:11:00,304,0.00,0.00,0.00,0.00,0.00,0.00,0.00,0.00,-142.30,1.34,0.02,-0.40,-0.82,-8.06,2.44,-2.36
01/04/2026,13:11:00,321,0.00,0.00,0.00,0.00,0.00,0.00,0.00,0.00,-142.05,1.56,0.03,-0.39,-0.83,1.47,5.36,-3.34
01/04/2026,13:11:05,313,0.00,0.00,0.00,0.00,0.00,0.00,0.00,0.00,-141.66,1.39,0.02,-0.40,-0.82,6.48,1.16,-0.39
01/04/2026,13:11:05,306,0.00,0.00,0.00,0.00,0.00,0.00,0.00,0.00,-142.03,0.71,0.00,-0.35,-0.81,13.28,4.52,-4.45
01/04/2026,13:11:05,291,0.00,0.00,0.00,0.00,0.00,0.00,0.00,0.00,-142.54,0.79,0.02,-0.40,-0.82,9.52,0.14,0.30
01/04/2026,13:11:05,272,0.00,0.00,0.00,0.00,0.00,0.00,0.00,0.00,-142.33,0.84,0.02,-0.39,-0.82,4.50,0.78,-0.08
01/04/2026,13:11:05,191,0.00,0.00,0.00,0.00,0.00,0.00,0.00,0.00,-142.10,0.94,0.02,-0.40,-0.82,5.28,0.58,-0.20
01/04/2026,13:11:10,103,0.00,0.00,0.00,0.00,0.00,0.00,0.00,0.00,-142.02,0.97,0.02,-0.39,-0.82,4.55,0.91,-0.38
01/04/2026,13:11:10,0,0.00,0.00,0.00,0.00,0.00,0.00,0.00,0.00,-141.82,0.98,0.02,-0.40,-0.82,5.08,0.78,-0.81
01/04/2026,13:11:10,0,0.00,0.00,0.00,0.00,0.00,0.00,0.00,0.00,-141.69,0.91,0.02,-0.40,-0.82,5.05,0.33,-0.88
01/04/2026,13:11:10,0,0.00,0.00,0.00,0.00,0.00,0.00,0.00,0.00,-141.66,0.90,0.02,-0.40,-0.82,5.30,0.83,-0.47
01/04/2026,13:11:10,0,0.00,0.00,0.00,0.00,0.00,0.00,0.00,0.00,-141.68,0.85,0.02,-0.40,-0.83,4.95,1.11,-0.36
01/04/2026,13:11:15,0,0.00,0.00,0.00,0.00,0.00,0.00,0.00,0.00,-141.74,0.97,0.02,-0.39,-0.83,5.52,0.77,-1.16
01/04/2026,13:11:15,0,0.00,0.00,0.00,0.00,0.00,0.00,0.00,0.00,-141.71,0.98,0.02,-0.40,-0.82,5.44,0.66,-0.58
01/04/2026,13:11:15,0,0.00,0.00,0.00,0.00,0.00,0.00,0.00,0.00,-141.76,1.02,0.02,-0.40,-0.82,5.80,0.98,-0.67
01/04/2026,13:11:15,0,0.00,0.00,0.00,0.00,0.00,0.00,0.00,0.00,-141.81,0.99,0.02,-0.40,-0.82,4.38,0.77,-0.67
01/04/2026,13:11:15,0,0.00,0.00,0.00,0.00,0.00,0.00,0.00,0.00,-141.63,1.09,0.02,-0.40,-0.82,5.36,0.50,-0.20
01/04/2026,13:11:20,0,0.00,0.00,0.00,0.00,0.00,0.00,0.00,0.00,-141.59,1.14,0.02,-0.40,-0.82,5.28,1.53,-0.55
01/04/2026,13:11:20,0,0.00,0.00,0.00,0.00,0.00,0.00,0.00,0.00,-141.66,1.14,0.02,-0.40,-0.82,6.00,1.33,-0.42
01/04/2026,13:11:20,0,0.00,0.00,0.00,0.00,0.00,0.00,0.00,0.00,-141.53,1.17,0.02,-0.40,-0.82,5.17,0.81,0.11
01/04/2026,13:11:20,0,0.00,0.00,0.00,0.00,0.00,0.00,0.00,0.00,-141.52,1.18,0.02,-0.40,-0.82,4.75,1.14,-0.47
01/04/2026,13:11:20,0,0.00,0.00,0.00,0.00,0.00,0.00,0.00,0.00,-141.47,1.15,0.02,-0.40,-0.82,5.02,1.17,0.11
01/04/2026,13:11:25,0,0.00,0.00,0.00,0.00,0.00,0.00,0.00,0.00,-141.45,1.06,0.02,-0.40,-0.82,5.47,0.19,-0.33
01/04/2026,13:11:25,0,0.00,0.00,0.00,0.00,0.00,0.00,0.00,0.00,-141.42,0.98,0.02,-0.39,-0.82,5.03,0.81,-0.67
01/04/2026,13:11:25,0,0.00,0.00,0.00,0.00,0.00,0.00,0.00,0.00,-141.46,1.13,0.02,-0.40,-0.82,5.77,1.05,-0.50
01/04/2026,13:11:25,0,0.00,0.00,0.00,0.00,0.00,0.00,0.00,0.00,-141.50,1.12,0.02,-0.40,-0.82,4.47,0.58,0.03
01/04/2026,13:11:25,0,0.00,0.00,0.00,0.00,0.00,0.00,0.00,0.00,-141.56,1.18,0.02,-0.40,-0.82,5.31,1.02,-0.16
01/04/2026,13:11:30,0,0.00,0.00,0.00,0.00,0.00,0.00,0.00,0.00,-141.51,0.98,0.02,-0.40,-0.82,5.52,0.81,-0.94
01/04/2026,13:11:30,0,0.00,0.00,0.00,0.00,0.00,0.00,0.00,0.00,-141.51,1.05,0.02,-0.40,-0.82,4.92,0.95,-0.30
01/04/2026,13:11:30,0,0.00,0.00,0.00,0.00,0.00,0.00,0.00,0.00,-141.44,1.21,0.02,-0.40,-0.82,5.44,1.72,-0.34
01/04/2026,13:11:30,0,0.00,0.00,0.00,0.00,0.00,0.00,0.00,0.00,-141.55,1.14,0.02,-0.39,-0.82,4.47,0.92,-0.33
01/04/2026,13:11:30,0,0.00,0.00,0.00,0.00,0.00,0.00,0.00,0.00,-141.45,1.05,0.02,-0.39,-0.82,4.95,0.77,-0.58
01/04/2026,13:11:35,0,0.00,0.00,0.00,0.00,0.00,0.00,0.00,0.00,-141.54,1.09,0.02,-0.40,-0.82,5.38,1.23,-1.16
01/04/2026,13:11:35,0,0.00,0.00,0.00,0.00,0.00,0.00,0.00,0.00,-141.51,1.00,0.02,-0.40,-0.82,5.47,0.69,-0.33
01/04/2026,13:11:35,0,0.00,0.00,0.00,0.00,0.00,0.00,0.00,0.00,-141.53,1.05,0.02,-0.40,-0.82,5.67,0.84,-1.30
01/04/2026,13:11:35,0,0.00,0.00,0.00,0.00,0.00,0.00,0.00,0.00,-141.59,1.07,0.02,-0.39,-0.83,5.06,1.23,-0.06
01/04/2026,13:11:35,0,0.00,0.00,0.00,0.00,0.00,0.00,0.00,0.00,-141.60,1.10,0.02,-0.40,-0.83,4.56,1.44,-0.62
01/04/2026,13:11:40,0,0.00,0.00,0.00,0.00,0.00,0.00,0.00,0.00,-141.60,1.18,0.02,-0.39,-0.82,5.31,0.58,-0.53
01/04/2026,13:11:40,0,0.00,0.00,0.00,0.00,0.00,0.00,0.00,0.00,-141.49,1.20,0.02,-0.40,-0.82,5.69,0.97,-0.56
01/04/2026,13:11:40,0,0.00,0.00,0.00,0.00,0.00,0.00,0.00,0.00,-141.47,1.11,0.02,-0.40,-0.82,5.03,0.41,-0.44
01/04/2026,13:11:40,0,0.00,0.00,0.00,0.00,0.00,0.00,0.00,0.00,-141.55,1.06,0.02,-0.40,-0.82,4.94,0.62,-0.72
01/04/2026,13:11:40,0,0.00,0.00,0.00,0.00,0.00,0.00,0.00,0.00,-141.57,1.18,0.02,-0.40,-0.82,5.30,0.94,-0.30
01/04/2026,13:11:45,0,0.00,0.00,0.00,0.00,0.00,0.00,0.00,0.00,-141.59,1.06,0.02,-0.40,-0.82,5.66,0.38,-0.55
01/04/2026,13:11:45,0,0.00,0.00,0.00,0.00,0.00,0.00,0.00,0.00,-141.65,1.08,0.02,-0.40,-0.82,5.78,0.89,-0.28
01/04/2026,13:11:45,0,0.00,0.00,0.00,0.00,0.00,0.00,0.00,0.00,-141.60,1.03,0.02,-0.40,-0.82,4.53,1.03,-0.33
01/04/2026,13:11:45,0,0.00,0.00,0.00,0.00,0.00,0.00,0.00,0.00,-141.71,1.15,0.02,-0.40,-0.82,5.28,0.81,-0.59
01/04/2026,13:11:45,0,0.00,0.00,0.00,0.00,0.00,0.00,0.00,0.00,-141.64,1.14,0.02,-0.40,-0.82,4.89,1.05,-0.53
01/04/2026,13:11:50,0,0.00,0.00,0.00,0.00,0.00,0.00,0.00,0.00,-141.61,1.36,0.02,-0.40,-0.83,5.20,0.27,-0.19
01/04/2026,13:11:50,0,0.00,0.00,0.00,0.00,0.00,0.00,0.00,0.00,-141.57,1.30,0.02,-0.40,-0.82,5.23,1.05,-0.56
01/04/2026,13:11:50,0,0.00,0.00,0.00,0.00,0.00,0.00,0.00,0.00,-141.57,1.43,0.02,-0.40,-0.82,4.05,0.78,-0.64
01/04/2026,13:11:50,0,0.00,0.00,0.00,0.00,0.00,0.00,0.00,0.00,-141.43,1.29,0.01,-0.39,-0.82,5.50,1.06,-0.97
01/04/2026,13:11:50,0,0.00,0.00,0.00,0.00,0.00,0.00,0.00,0.00,-141.59,1.22,0.02,-0.40,-0.83,5.09,0.95,-0.53
01/04/2026,13:11:55,0,0.00,0.00,0.00,0.00,0.00,0.00,0.00,0.00,-141.50,1.15,0.02,-0.40,-0.82,5.27,0.91,-0.72
01/04/2026,13:11:55,0,0.00,0.00,0.00,0.00,0.00,0.00,0.00,0.00,-141.48,1.21,0.02,-0.40,-0.82,5.22,1.42,-0.09
01/04/2026,13:11:55,0,0.00,0.00,0.00,0.00,0.00,0.00,0.00,0.00,-141.48,1.17,0.02,-0.40,-0.82,4.88,1.08,0.02
01/04/2026,13:11:55,0,0.00,0.00,0.00,0.00,0.00,0.00,0.00,0.00,-141.56,1.24,0.02,-0.40,-0.82,5.44,0.91,-0.09
01/04/2026,13:11:55,0,0.00,0.00,0.00,0.00,0.00,0.00,0.00,0.00,-141.55,1.13,0.02,-0.39,-0.82,4.86,0.94,-0.84
01/04/2026,13:12:00,0,0.00,0.00,0.00,0.00,0.00,0.00,0.00,0.00,-141.47,1.15,0.02,-0.40,-0.82,4.92,0.72,-1.02
01/04/2026,13:12:00,0,0.00,0.00,0.00,0.00,0.00,0.00,0.00,0.00,-141.47,1.20,0.02,-0.40,-0.82,4.86,0.91,-0.34
01/04/2026,13:12:00,0,0.00,0.00,0.00,0.00,0.00,0.00,0.00,0.00,-141.56,1.14,0.02,-0.40,-0.83,5.14,0.95,-0.88
01/04/2026,13:12:00,44,0.00,0.00,0.00,0.00,0.00,0.00,0.00,0.00,-141.54,0.97,0.02,-0.40,-0.82,5.11,1.09,-0.27
01/04/2026,13:12:00,195,0.00,0.00,0.00,0.00,0.00,0.00,0.00,0.00,-141.48,0.97,0.02,-0.40,-0.82,4.84,0.38,0.16
01/04/2026,13:12:05,273,0.00,0.00,0.00,0.00,0.00,0.00,0.00,0.00,-141.46,0.92,0.02,-0.40,-0.82,5.34,0.64,-1.17
01/04/2026,13:12:05,314,0.00,0.00,0.00,0.00,0.00,0.00,0.00,0.00,-141.44,0.88,0.02,-0.39,-0.82,5.50,1.12,-0.59
01/04/2026,13:12:05,361,0.00,0.00,0.00,0.00,0.00,0.00,0.00,0.00,-141.46,0.91,0.02,-0.40,-0.82,4.97,0.44,-0.67
01/04/2026,13:12:05,323,0.00,0.00,0.00,0.00,0.00,0.00,0.00,0.00,-141.38,0.93,0.02,-0.40,-0.82,5.08,0.70,-0.62
01/04/2026,13:12:05,294,0.00,0.00,0.00,0.00,0.00,0.00,0.00,0.00,-141.35,0.84,0.02,-0.39,-0.82,6.80,1.36,-0.98
01/04/2026,13:12:10,272,0.00,0.00,0.00,0.00,0.00,0.00,0.00,0.00,-141.58,0.99,0.02,-0.40,-0.83,1.94,1.03,-0.11
01/04/2026,13:12:10,239,0.00,0.00,0.00,0.00,0.00,0.00,0.00,0.00,-141.45,1.04,0.02,-0.39,-0.81,6.22,3.08,-1.78
01/04/2026,13:12:10,197,0.00,0.00,0.00,0.00,0.00,0.00,0.00,0.00,-141.61,0.78,0.02,-0.40,-0.83,0.23,-0.30,-0.38
01/04/2026,13:12:10,154,0.00,0.00,0.00,0.00,0.00,0.00,0.00,0.00,-141.55,0.85,0.02,-0.40,-0.82,5.83,0.80,-0.31
01/04/2026,13:12:10,166,0.00,0.00,0.00,0.00,0.00,0.00,0.00,0.00,-141.39,0.96,0.02,-0.39,-0.82,6.05,1.31,-0.45
01/04/2026,13:12:15,153,0.00,0.00,0.00,0.00,0.00,0.00,0.00,0.00,-141.23,1.10,0.02,-0.39,-0.83,11.27,0.11,0.09
01/04/2026,13:12:15,165,0.00,0.00,0.00,0.00,0.00,0.00,0.00,0.00,-141.58,1.29,0.02,-0.40,-0.82,4.67,1.55,-0.91
01/04/2026,13:12:15,227,0.00,0.00,0.00,0.00,0.00,0.00,0.00,0.00,-141.57,1.24,0.02,-0.40,-0.82,5.86,1.09,-0.31
01/04/2026,13:12:15,240,0.00,0.00,0.00,0.00,0.00,0.00,0.00,0.00,-141.44,1.15,0.02,-0.39,-0.83,5.36,1.17,-0.31
01/04/2026,13:12:15,257,0.00,0.00,0.00,0.00,0.00,0.00,0.00,0.00,-141.54,1.10,0.02,-0.40,-0.82,5.64,1.23,-0.31
01/04/2026,13:12:20,276,0.00,0.00,0.00,0.00,0.00,0.00,0.00,0.00,-141.43,1.08,0.02,-0.40,-0.82,5.20,1.33,-0.70
01/04/2026,13:12:20,288,0.00,0.00,0.00,0.00,0.00,0.00,0.00,0.00,-141.48,1.15,0.02,-0.40,-0.82,5.36,1.09,-0.41
01/04/2026,13:12:20,294,0.00,0.00,0.00,0.00,0.00,0.00,0.00,0.00,-141.36,1.17,0.02,-0.40,-0.82,5.28,1.33,-0.72
01/04/2026,13:12:20,305,0.00,0.00,0.00,0.00,0.00,0.00,0.00,0.00,-141.35,1.02,0.02,-0.40,-0.82,5.77,1.42,-0.09
01/04/2026,13:12:20,332,0.00,0.00,0.00,0.00,0.00,0.00,0.00,0.00,-141.42,0.93,0.02,-0.40,-0.83,5.66,0.44,-0.67
01/04/2026,13:12:25,335,0.00,0.00,0.00,0.00,0.00,0.00,0.00,0.00,-141.45,0.90,0.02,-0.40,-0.82,4.86,0.52,-0.36
01/04/2026,13:12:25,297,0.00,0.00,0.00,0.00,0.00,0.00,0.00,0.00,-141.44,0.93,0.02,-0.39,-0.82,5.72,0.39,-1.44
01/04/2026,13:12:25,258,0.00,0.00,0.00,0.00,0.00,0.00,0.00,0.00,-141.41,0.98,0.02,-0.40,-0.83,4.52,0.89,-0.55
01/04/2026,13:12:25,144,0.00,0.00,0.00,0.00,0.00,0.00,0.00,0.00,-141.46,1.09,0.02,-0.40,-0.82,5.06,1.00,-0.09
01/04/2026,13:12:25,0,0.00,0.00,0.00,0.00,0.00,0.00,0.00,0.00,-141.33,1.04,0.02,-0.39,-0.82,5.48,0.98,-0.55
01/04/2026,13:12:30,0,0.00,0.00,0.00,0.00,0.00,0.00,0.00,0.00,-141.36,1.10,0.02,-0.39,-0.82,4.62,1.47,-0.17
01/04/2026,13:12:30,0,0.00,0.00,0.00,0.00,0.00,0.00,0.00,0.00,-141.36,1.12,0.02,-0.39,-0.82,6.53,0.72,-0.38
01/04/2026,13:12:30,0,0.00,0.00,0.00,0.00,0.00,0.00,0.00,0.00,-141.46,1.16,0.02,-0.40,-0.82,4.73,1.22,-0.39
01/04/2026,13:12:30,0,0.00,0.00,0.00,0.00,0.00,0.00,0.00,0.00,-141.46,1.18,0.02,-0.40,-0.83,4.92,1.41,-1.47
01/04/2026,13:12:30,0,0.00,0.00,0.00,0.00,0.00,0.00,0.00,0.00,-141.46,1.17,0.02,-0.40,-0.82,4.91,0.69,-0.69
01/04/2026,13:12:35,0,0.00,0.00,0.00,0.00,0.00,0.00,0.00,0.00,-141.48,1.07,0.02,-0.40,-0.82,5.09,1.19,-0.64
01/04/2026,13:12:35,0,0.00,0.00,0.00,0.00,0.00,0.00,0.00,0.00,-141.52,1.00,0.02,-0.40,-0.82,5.39,0.69,-0.50
01/04/2026,13:12:35,0,0.00,0.00,0.00,0.00,0.00,0.00,0.00,0.00,-141.51,1.07,0.02,-0.40,-0.83,4.97,0.88,-0.64
01/04/2026,13:12:35,0,0.00,0.00,0.00,0.00,0.00,0.00,0.00,0.00,-141.54,1.10,0.02,-0.40,-0.82,5.58,0.84,-0.66
01/04/2026,13:12:35,0,0.00,0.00,0.00,0.00,0.00,0.00,0.00,0.00,-141.58,1.08,0.02,-0.40,-0.82,5.91,1.30,-0.62
01/04/2026,13:12:40,0,0.00,0.00,0.00,0.00,0.00,0.00,0.00,0.00,-141.45,1.11,0.02,-0.40,-0.82,5.31,0.73,-0.31
01/04/2026,13:12:40,0,0.00,0.00,0.00,0.00,0.00,0.00,0.00,0.00,-141.41,1.14,0.02,-0.40,-0.82,5.03,0.19,-0.42
01/04/2026,13:12:40,0,0.00,0.00,0.00,0.00,0.00,0.00,0.00,0.00,-141.39,1.09,0.02,-0.40,-0.82,5.95,0.95,-0.20
01/04/2026,13:12:40,0,0.00,0.00,0.00,0.00,0.00,0.00,0.00,0.00,-141.49,1.25,0.02,-0.40,-0.83,5.03,1.06,-0.34
01/04/2026,13:12:40,0,0.00,0.00,0.00,0.00,0.00,0.00,0.00,0.00,-141.56,1.08,0.02,-0.40,-0.83,5.19,0.75,-0.48
01/04/2026,13:12:45,0,0.00,0.00,0.00,0.00,0.00,0.00,0.00,0.00,-141.56,1.05,0.02,-0.39,-0.83,5.08,0.81,-0.28
01/04/2026,13:12:45,0,0.00,0.00,0.00,0.00,0.00,0.00,0.00,0.00,-141.52,1.05,0.02,-0.39,-0.82,4.81,1.33,-0.22
01/04/2026,13:12:45,0,0.00,0.00,0.00,0.00,0.00,0.00,0.00,0.00,-141.44,1.09,0.02,-0.39,-0.82,5.88,1.36,-0.64
01/04/2026,13:12:45,71,0.00,0.00,0.00,0.00,0.00,0.00,0.00,0.00,-141.53,1.08,0.02,-0.40,-0.82,5.23,0.38,-0.92
01/04/2026,13:12:45,206,0.00,0.00,0.00,0.00,0.00,0.00,0.00,0.00,-141.58,1.14,0.02,-0.40,-0.82,5.12,1.42,-0.61
01/04/2026,13:12:50,293,0.00,0.00,0.00,0.00,0.00,0.00,0.00,0.00,-141.45,1.10,0.02,-0.40,-0.82,6.12,0.88,0.25
01/04/2026,13:12:50,328,0.00,0.00,0.00,0.00,0.00,0.00,0.00,0.00,-141.51,1.17,0.02,-0.40,-0.82,5.16,1.25,-0.66
01/04/2026,13:12:50,319,0.00,0.00,0.00,0.00,0.00,0.00,0.00,0.00,-141.51,1.07,0.02,-0.40,-0.82,4.89,0.98,-0.38
01/04/2026,13:12:50,304,0.00,0.00,0.00,0.00,0.00,0.00,0.00,0.00,-141.41,1.01,0.02,-0.39,-0.82,5.38,0.52,-0.91
01/04/2026,13:12:50,291,0.00,0.00,0.00,0.00,0.00,0.00,0.00,0.00,-141.40,1.02,0.02,-0.40,-0.82,5.12,0.97,-0.34
01/04/2026,13:12:55,316,0.00,0.00,0.00,0.00,0.00,0.00,0.00,0.00,-141.49,1.10,0.02,-0.40,-0.82,5.50,1.02,-0.66
01/04/2026,13:12:55,285,0.00,0.00,0.00,0.00,0.00,0.00,0.00,0.00,-141.47,1.04,0.02,-0.40,-0.82,5.50,0.67,-0.56
01/04/2026,13:12:55,234,0.00,0.00,0.00,0.00,0.00,0.00,0.00,0.00,-141.62,0.89,0.01,-0.40,-0.83,-0.23,-1.06,0.66
01/04/2026,13:12:55,208,0.00,0.00,0.00,0.00,0.00,0.00,0.00,0.00,-140.53,0.83,0.03,-0.41,-0.83,28.72,-0.17,1.95
01/04/2026,13:12:55,70,0.00,0.00,0.00,0.00,0.00,0.00,0.00,0.00,-141.37,1.25,0.01,-0.40,-0.83,2.11,0.17,-0.28
01/04/2026,13:13:00,0,0.00,0.00,0.00,0.00,0.00,0.00,0.00,0.00,-141.49,0.77,0.03,-0.40,-0.83,-0.09,-0.05,-0.09
01/04/2026,13:13:00,0,0.00,0.00,0.00,0.00,0.00,0.00,0.00,0.00,-141.20,0.63,0.03,-0.39,-0.83,13.20,-0.75,0.62
01/04/2026,13:13:00,0,0.00,0.00,0.00,0.00,0.00,0.00,0.00,0.00,-141.67,0.78,0.02,-0.40,-0.82,6.84,1.06,-1.73
01/04/2026,13:13:00,0,0.00,0.00,0.00,0.00,0.00,0.00,0.00,0.00,-141.85,0.71,0.02,-0.39,-0.83,0.14,1.19,-1.36
01/04/2026,13:13:00,0,0.00,0.00,0.00,0.00,0.00,0.00,0.00,0.00,-141.73,0.87,0.02,-0.39,-0.82,4.42,1.03,-0.17
01/04/2026,13:13:05,0,0.00,0.00,0.00,0.00,0.00,0.00,0.00,0.00,-141.77,1.05,0.02,-0.39,-0.83,3.00,0.91,-0.77
01/04/2026,13:13:05,0,0.00,0.00,0.00,0.00,0.00,0.00,0.00,0.00,-140.60,1.13,0.02,-0.43,-0.83,33.47,-5.58,7.17
01/04/2026,13:13:05,0,0.00,0.00,0.00,0.00,0.00,0.00,0.00,0.00,-141.57,0.88,0.00,-0.40,-0.79,39.22,1.42,0.78
01/04/2026,13:13:05,0,0.00,0.00,0.00,0.00,0.00,0.00,0.00,0.00,-142.34,1.02,0.01,-0.39,-0.83,1.91,0.55,-0.72
01/04/2026,13:13:05,0,0.00,0.00,0.00,0.00,0.00,0.00,0.00,0.00,-142.12,1.17,0.01,-0.39,-0.83,5.30,1.08,-0.38
01/04/2026,13:13:10,0,0.00,0.00,0.00,0.00,0.00,0.00,0.00,0.00,-142.07,1.18,0.01,-0.39,-0.82,4.55,0.88,-0.75
01/04/2026,13:13:10,0,0.00,0.00,0.00,0.00,0.00,0.00,0.00,0.00,-142.06,1.25,0.01,-0.39,-0.82,5.08,0.42,-0.83
01/04/2026,13:13:10,0,0.00,0.00,0.00,0.00,0.00,0.00,0.00,0.00,-141.99,1.34,0.01,-0.39,-0.83,6.61,1.11,-1.09
01/04/2026,13:13:10,0,0.00,0.00,0.00,0.00,0.00,0.00,0.00,0.00,-141.97,1.31,0.02,-0.39,-0.83,4.80,1.28,-0.98
01/04/2026,13:13:10,0,0.00,0.00,0.00,0.00,0.00,0.00,0.00,0.00,-142.03,1.42,0.01,-0.39,-0.83,5.14,1.25,-0.38
01/04/2026,13:13:15,0,0.00,0.00,0.00,0.00,0.00,0.00,0.00,0.00,-141.94,1.31,0.01,-0.39,-0.83,5.06,0.75,-0.05
01/04/2026,13:13:15,0,0.00,0.00,0.00,0.00,0.00,0.00,0.00,0.00,-141.90,1.35,0.01,-0.39,-0.83,5.19,0.84,-0.16
01/04/2026,13:13:15,0,0.00,0.00,0.00,0.00,0.00,0.00,0.00,0.00,-141.99,1.31,0.01,-0.39,-0.83,4.64,0.66,-0.50
01/04/2026,13:13:15,0,0.00,0.00,0.00,0.00,0.00,0.00,0.00,0.00,-141.92,1.33,0.01,-0.39,-0.83,5.30,1.12,-0.06
01/04/2026,13:13:15,0,0.00,0.00,0.00,0.00,0.00,0.00,0.00,0.00,-141.97,1.41,0.01,-0.39,-0.82,4.78,1.42,-0.56
01/04/2026,13:13:20,0,0.00,0.00,0.00,0.00,0.00,0.00,0.00,0.00,-142.02,1.40,0.02,-0.39,-0.83,5.64,1.02,-0.59
01/04/2026,13:13:20,0,0.00,0.00,0.00,0.00,0.00,0.00,0.00,0.00,-142.01,1.48,0.01,-0.39,-0.82,5.47,0.88,-0.75
01/04/2026,13:13:20,0,0.00,0.00,0.00,0.00,0.00,0.00,0.00,0.00,-142.07,1.55,0.01,-0.39,-0.83,4.78,1.28,-1.02
01/04/2026,13:13:20,0,0.00,0.00,0.00,0.00,0.00,0.00,0.00,0.00,-141.97,1.44,0.01,-0.39,-0.83,4.95,0.45,-0.86
01/04/2026,13:13:20,0,0.00,0.00,0.00,0.00,0.00,0.00,0.00,0.00,-141.96,1.39,0.01,-0.39,-0.83,4.69,1.14,0.25
01/04/2026,13:13:25,0,0.00,0.00,0.00,0.00,0.00,0.00,0.00,0.00,-141.97,1.31,0.01,-0.39,-0.83,5.25,1.36,-0.28
01/04/2026,13:13:25,0,0.00,0.00,0.00,0.00,0.00,0.00,0.00,0.00,-141.98,1.39,0.02,-0.39,-0.83,5.55,1.44,-0.62
01/04/2026,13:13:25,0,0.00,0.00,0.00,0.00,0.00,0.00,0.00,0.00,-141.99,1.34,0.02,-0.39,-0.82,4.69,0.61,-0.36
01/04/2026,13:13:25,0,0.00,0.00,0.00,0.00,0.00,0.00,0.00,0.00,-142.06,1.38,0.01,-0.39,-0.82,5.03,1.19,-0.61
01/04/2026,13:13:25,0,0.00,0.00,0.00,0.00,0.00,0.00,0.00,0.00,-142.02,1.36,0.01,-0.39,-0.82,5.39,0.47,-0.42
01/04/2026,13:13:30,0,0.00,0.00,0.00,0.00,0.00,0.00,0.00,0.00,-141.99,1.51,0.01,-0.39,-0.82,5.38,1.23,-0.48
01/04/2026,13:13:30,0,0.00,0.00,0.00,0.00,0.00,0.00,0.00,0.00,-142.00,1.45,0.02,-0.39,-0.83,4.89,1.17,-0.80
01/04/2026,13:13:30,0,0.00,0.00,0.00,0.00,0.00,0.00,0.00,0.00,-141.97,1.26,0.01,-0.39,-0.82,5.20,0.55,-1.14
01/04/2026,13:13:30,0,0.00,0.00,0.00,0.00,0.00,0.00,0.00,0.00,-141.98,1.36,0.01,-0.39,-0.83,5.08,0.61,-0.81
01/04/2026,13:13:30,0,0.00,0.00,0.00,0.00,0.00,0.00,0.00,0.00,-142.02,1.40,0.01,-0.39,-0.83,5.56,0.58,-0.36
01/04/2026,13:13:35,0,0.00,0.00,0.00,0.00,0.00,0.00,0.00,0.00,-141.94,1.42,0.02,-0.39,-0.82,5.62,1.42,-0.67
01/04/2026,13:13:35,0,0.00,0.00,0.00,0.00,0.00,0.00,0.00,0.00,-141.91,1.31,0.01,-0.39,-0.83,5.31,-0.30,-0.48
01/04/2026,13:13:35,0,0.00,0.00,0.00,0.00,0.00,0.00,0.00,0.00,-141.91,1.28,0.01,-0.39,-0.83,5.91,1.00,-0.20
01/04/2026,13:13:35,0,0.00,0.00,0.00,0.00,0.00,0.00,0.00,0.00,-142.00,1.25,0.01,-0.39,-0.83,4.88,0.55,-0.69
01/04/2026,13:13:35,0,0.00,0.00,0.00,0.00,0.00,0.00,0.00,0.00,-141.94,1.19,0.01,-0.39,-0.83,5.05,0.62,-0.61
01/04/2026,13:13:40,0,0.00,0.00,0.00,0.00,0.00,0.00,0.00,0.00,-141.88,1.38,0.01,-0.39,-0.82,5.38,0.88,0.16
01/04/2026,13:13:40,0,0.00,0.00,0.00,0.00,0.00,0.00,0.00,0.00,-141.94,1.48,0.01,-0.39,-0.83,5.41,1.91,-0.22
01/04/2026,13:13:40,0,0.00,0.00,0.00,0.00,0.00,0.00,0.00,0.00,-142.04,1.47,0.01,-0.39,-0.83,5.44,1.11,-0.52
01/04/2026,13:13:40,0,0.00,0.00,0.00,0.00,0.00,0.00,0.00,0.00,-142.00,1.50,0.01,-0.39,-0.83,5.19,1.06,-0.80
01/04/2026,13:13:40,0,0.00,0.00,0.00,0.00,0.00,0.00,0.00,0.00,-141.93,1.45,0.01,-0.39,-0.82,5.80,0.86,-1.22
01/04/2026,13:13:45,0,0.00,0.00,0.00,0.00,0.00,0.00,0.00,0.00,-142.00,1.41,0.02,-0.39,-0.83,5.36,0.64,-0.27
01/04/2026,13:13:45,0,0.00,0.00,0.00,0.00,0.00,0.00,0.00,0.00,-141.96,1.39,0.01,-0.39,-0.82,5.34,0.94,-0.67
01/04/2026,13:13:45,0,0.00,0.00,0.00,0.00,0.00,0.00,0.00,0.00,-141.99,1.44,0.02,-0.39,-0.83,5.11,0.97,-0.86
01/04/2026,13:13:45,0,0.00,0.00,0.00,0.00,0.00,0.00,0.00,0.00,-141.98,1.44,0.01,-0.39,-0.83,5.34,0.78,-0.91
01/04/2026,13:13:45,0,0.00,0.00,0.00,0.00,0.00,0.00,0.00,0.00,-141.92,1.33,0.01,-0.39,-0.82,5.08,0.61,-0.64
01/04/2026,13:13:50,0,0.00,0.00,0.00,0.00,0.00,0.00,0.00,0.00,-141.91,1.37,0.02,-0.39,-0.83,5.17,1.17,-0.97
01/04/2026,13:13:50,0,0.00,0.00,0.00,0.00,0.00,0.00,0.00,0.00,-141.89,1.31,0.02,-0.39,-0.83,5.45,0.81,-0.39
01/04/2026,13:13:50,0,0.00,0.00,0.00,0.00,0.00,0.00,0.00,0.00,-141.95,1.24,0.01,-0.39,-0.82,4.98,0.56,-0.25
01/04/2026,13:13:50,0,0.00,0.00,0.00,0.00,0.00,0.00,0.00,0.00,-141.88,1.30,0.01,-0.39,-0.83,5.53,1.06,-0.09
01/04/2026,13:13:50,0,0.00,0.00,0.00,0.00,0.00,0.00,0.00,0.00,-141.85,1.35,0.01,-0.39,-0.83,4.94,0.75,-1.03
01/04/2026,13:13:55,0,0.00,0.00,0.00,0.00,0.00,0.00,0.00,0.00,-141.77,1.43,0.01,-0.39,-0.82,4.97,1.41,-1.14
01/04/2026,13:13:55,0,0.00,0.00,0.00,0.00,0.00,0.00,0.00,0.00,-141.80,1.32,0.02,-0.39,-0.82,5.78,0.72,-0.84
01/04/2026,13:13:55,0,0.00,0.00,0.00,0.00,0.00,0.00,0.00,0.00,-141.91,1.37,0.01,-0.39,-0.83,4.58,1.14,-0.28
01/04/2026,13:13:55,0,0.00,0.00,0.00,0.00,0.00,0.00,0.00,0.00,-141.96,1.39,0.01,-0.39,-0.83,4.83,0.91,-0.11
01/04/2026,13:13:55,0,0.00,0.00,0.00,0.00,0.00,0.00,0.00,0.00,-142.09,1.45,0.01,-0.39,-0.82,4.22,0.75,-0.42
01/04/2026,13:14:00,0,0.00,0.00,0.00,0.00,0.00,0.00,0.00,0.00,-142.14,1.51,0.01,-0.39,-0.82,4.66,1.59,-0.75
01/04/2026,13:14:00,0,0.00,0.00,0.00,0.00,0.00,0.00,0.00,0.00,-142.57,0.79,0.02,-0.40,-0.82,-5.48,0.48,-0.27
01/04/2026,13:14:00,0,0.00,0.00,0.00,0.00,0.00,0.00,0.00,0.00,-142.20,1.10,0.01,-0.39,-0.83,5.73,1.58,-0.75
01/04/2026,13:14:00,0,0.00,0.00,0.00,0.00,0.00,0.00,0.00,0.00,-141.45,1.90,0.04,-0.32,-0.78,68.97,22.77,-20.94
01/04/2026,13:14:00,0,0.00,0.00,0.00,0.00,0.00,0.00,0.00,0.00,-143.10,1.14,0.02,-0.39,-0.82,6.77,2.11,-0.23
01/04/2026,13:14:05,0,0.00,0.00,0.00,0.00,0.00,0.00,0.00,0.00,-143.90,6.15,0.05,-0.36,-0.82,4.06,18.31,-2.88
01/04/2026,13:14:05,0,0.00,0.00,0.00,0.00,0.00,0.00,0.00,0.00,-145.69,5.21,0.07,-0.36,-0.86,-5.64,-2.36,0.00
01/04/2026,13:14:05,0,0.00,0.00,0.00,0.00,0.00,0.00,0.00,0.00,-144.47,2.39,0.06,-0.37,-0.84,10.91,-1.80,0.22
01/04/2026,13:14:05,0,0.00,0.00,0.00,0.00,0.00,0.00,0.00,0.00,-144.74,1.59,0.03,-0.36,-0.86,7.19,7.64,-4.23
01/04/2026,13:14:05,0,0.00,0.00,0.00,0.00,0.00,0.00,0.00,0.00,-144.95,0.58,0.06,-0.37,-0.86,5.58,0.33,-0.33
01/04/2026,13:14:10,0,0.00,0.00,0.00,0.00,0.00,0.00,0.00,0.00,-143.45,-2.25,0.02,-0.36,-0.84,6.70,-3.56,0.09
01/04/2026,13:14:10,0,0.00,0.00,0.00,0.00,0.00,0.00,0.00,0.00,-143.52,-1.31,0.02,-0.36,-0.84,5.28,0.30,-0.67
01/04/2026,13:14:10,0,0.00,0.00,0.00,0.00,0.00,0.00,0.00,0.00,-143.63,-0.55,0.02,-0.37,-0.84,5.31,0.69,-0.55
01/04/2026,13:14:10,0,0.00,0.00,0.00,0.00,0.00,0.00,0.00,0.00,-143.67,0.03,0.02,-0.36,-0.84,5.45,1.58,-0.09
01/04/2026,13:14:10,0,0.00,0.00,0.00,0.00,0.00,0.00,0.00,0.00,-143.69,0.28,0.02,-0.36,-0.84,5.78,0.89,-0.44
01/04/2026,13:14:15,0,0.00,0.00,0.00,0.00,0.00,0.00,0.00,0.00,-143.83,0.43,0.02,-0.36,-0.84,4.61,1.45,-0.39
01/04/2026,13:14:15,0,0.00,0.00,0.00,0.00,0.00,0.00,0.00,0.00,-143.88,0.53,0.02,-0.36,-0.84,5.22,1.02,-0.66
01/04/2026,13:14:15,0,0.00,0.00,0.00,0.00,0.00,0.00,0.00,0.00,-143.83,0.77,0.02,-0.36,-0.84,4.94,1.16,-0.58
01/04/2026,13:14:15,0,0.00,0.00,0.00,0.00,0.00,0.00,0.00,0.00,-143.75,0.81,0.02,-0.36,-0.84,5.12,1.00,-0.34
01/04/2026,13:14:15,0,0.00,0.00,0.00,0.00,0.00,0.00,0.00,0.00,-143.91,0.88,0.02,-0.36,-0.84,5.23,0.62,-0.86
01/04/2026,13:14:20,0,0.00,0.00,0.00,0.00,0.00,0.00,0.00,0.00,-143.84,0.87,0.02,-0.36,-0.84,4.86,0.25,-1.00
01/04/2026,13:14:20,0,0.00,0.00,0.00,0.00,0.00,0.00,0.00,0.00,-143.95,0.87,0.02,-0.36,-0.84,5.00,1.20,-0.50
01/04/2026,13:14:20,0,0.00,0.00,0.00,0.00,0.00,0.00,0.00,0.00,-143.82,0.90,0.02,-0.36,-0.84,5.27,0.55,-0.33
01/04/2026,13:14:20,0,0.00,0.00,0.00,0.00,0.00,0.00,0.00,0.00,-143.74,0.93,0.02,-0.36,-0.84,5.05,1.08,-0.30
01/04/2026,13:14:20,0,0.00,0.00,0.00,0.00,0.00,0.00,0.00,0.00,-143.78,0.96,0.02,-0.36,-0.84,4.89,0.56,-0.20
01/04/2026,13:14:25,0,0.00,0.00,0.00,0.00,0.00,0.00,0.00,0.00,-143.73,1.01,0.02,-0.36,-0.84,5.20,0.66,-0.20
01/04/2026,13:14:25,0,0.00,0.00,0.00,0.00,0.00,0.00,0.00,0.00,-143.85,0.97,0.02,-0.36,-0.84,5.11,0.92,-0.70
01/04/2026,13:14:25,0,0.00,0.00,0.00,0.00,0.00,0.00,0.00,0.00,-143.80,0.94,0.02,-0.36,-0.84,5.02,1.03,0.05
01/04/2026,13:14:25,0,0.00,0.00,0.00,0.00,0.00,0.00,0.00,0.00,-143.95,0.87,0.02,-0.36,-0.84,4.98,0.39,-0.59
01/04/2026,13:14:25,0,0.00,0.00,0.00,0.00,0.00,0.00,0.00,0.00,-143.95,0.91,0.02,-0.36,-0.84,5.23,1.17,-0.78
01/04/2026,13:14:30,0,0.00,0.00,0.00,0.00,0.00,0.00,0.00,0.00,-143.88,0.89,0.02,-0.36,-0.84,4.94,1.02,0.33
01/04/2026,13:14:30,0,0.00,0.00,0.00,0.00,0.00,0.00,0.00,0.00,-143.90,0.96,0.02,-0.36,-0.84,4.98,1.16,-0.27
01/04/2026,13:14:30,0,0.00,0.00,0.00,0.00,0.00,0.00,0.00,0.00,-143.84,0.93,0.02,-0.36,-0.84,5.67,0.73,-0.66
01/04/2026,13:14:30,0,0.00,0.00,0.00,0.00,0.00,0.00,0.00,0.00,-143.85,0.92,0.02,-0.36,-0.84,5.45,0.88,-0.67
01/04/2026,13:14:30,0,0.00,0.00,0.00,0.00,0.00,0.00,0.00,0.00,-143.76,1.01,0.02,-0.37,-0.84,5.16,0.89,-0.50
01/04/2026,13:14:35,0,0.00,0.00,0.00,0.00,0.00,0.00,0.00,0.00,-143.67,0.93,0.02,-0.36,-0.84,5.91,0.52,-0.70
01/04/2026,13:14:35,0,0.00,0.00,0.00,0.00,0.00,0.00,0.00,0.00,-143.74,0.83,0.02,-0.37,-0.84,5.19,-0.12,-0.22
01/04/2026,13:14:35,0,0.00,0.00,0.00,0.00,0.00,0.00,0.00,0.00,-143.75,0.93,0.02,-0.36,-0.84,4.88,1.08,-0.75
01/04/2026,13:14:35,0,0.00,0.00,0.00,0.00,0.00,0.00,0.00,0.00,-143.74,0.85,0.02,-0.36,-0.84,4.59,0.81,-0.39
01/04/2026,13:14:35,0,0.00,0.00,0.00,0.00,0.00,0.00,0.00,0.00,-143.81,0.91,0.02,-0.37,-0.84,5.28,0.94,-0.92
01/04/2026,13:14:40,0,0.00,0.00,0.00,0.00,0.00,0.00,0.00,0.00,-143.88,0.84,0.02,-0.36,-0.84,4.89,1.27,-0.61
01/04/2026,13:14:40,0,0.00,0.00,0.00,0.00,0.00,0.00,0.00,0.00,-143.78,0.97,0.02,-0.36,-0.84,5.42,0.81,-0.52
01/04/2026,13:14:40,0,0.00,0.00,0.00,0.00,0.00,0.00,0.00,0.00,-143.84,1.02,0.02,-0.36,-0.84,5.64,1.39,-0.38
01/04/2026,13:14:40,0,0.00,0.00,0.00,0.00,0.00,0.00,0.00,0.00,-143.80,1.01,0.02,-0.36,-0.84,5.34,1.56,-0.72
01/04/2026,13:14:40,0,0.00,0.00,0.00,0.00,0.00,0.00,0.00,0.00,-143.84,1.02,0.02,-0.36,-0.84,4.89,1.41,-0.16
01/04/2026,13:14:45,0,0.00,0.00,0.00,0.00,0.00,0.00,0.00,0.00,-143.82,1.04,0.02,-0.36,-0.84,5.23,1.70,-0.81
01/04/2026,13:14:45,0,0.00,0.00,0.00,0.00,0.00,0.00,0.00,0.00,-143.74,1.09,0.02,-0.36,-0.84,5.36,1.25,-0.62
01/04/2026,13:14:45,0,0.00,0.00,0.00,0.00,0.00,0.00,0.00,0.00,-143.81,1.09,0.02,-0.36,-0.84,5.28,1.00,-0.95
01/04/2026,13:14:45,0,0.00,0.00,0.00,0.00,0.00,0.00,0.00,0.00,-143.81,1.03,0.02,-0.36,-0.84,5.23,0.98,-0.91
01/04/2026,13:14:45,0,0.00,0.00,0.00,0.00,0.00,0.00,0.00,0.00,-143.79,0.94,0.02,-0.36,-0.84,4.92,0.88,0.25
01/04/2026,13:14:50,0,0.00,0.00,0.00,0.00,0.00,0.00,0.00,0.00,-143.87,1.06,0.02,-0.36,-0.83,4.86,0.72,-0.61
01/04/2026,13:14:50,0,0.00,0.00,0.00,0.00,0.00,0.00,0.00,0.00,-143.89,1.04,0.02,-0.37,-0.84,5.06,1.22,-0.11
01/04/2026,13:14:50,0,0.00,0.00,0.00,0.00,0.00,0.00,0.00,0.00,-143.92,0.87,0.02,-0.36,-0.84,4.97,0.78,-0.41
01/04/2026,13:14:50,0,0.00,0.00,0.00,0.00,0.00,0.00,0.00,0.00,-143.88,1.06,0.02,-0.36,-0.84,5.73,1.33,-1.02
01/04/2026,13:14:50,0,0.00,0.00,0.00,0.00,0.00,0.00,0.00,0.00,-143.83,1.01,0.02,-0.36,-0.84,5.33,0.70,-0.59
01/04/2026,13:14:55,0,0.00,0.00,0.00,0.00,0.00,0.00,0.00,0.00,-143.78,1.00,0.02,-0.36,-0.84,5.20,0.75,-0.47
01/04/2026,13:14:55,0,0.00,0.00,0.00,0.00,0.00,0.00,0.00,0.00,-143.95,0.90,0.02,-0.36,-0.84,5.17,0.59,-0.39
01/04/2026,13:14:55,0,0.00,0.00,0.00,0.00,0.00,0.00,0.00,0.00,-144.00,0.87,0.02,-0.36,-0.84,5.53,1.17,-0.39
01/04/2026,13:14:55,0,0.00,0.00,0.00,0.00,0.00,0.00,0.00,0.00,-143.96,1.00,0.02,-0.36,-0.84,5.31,0.59,-0.34
01/04/2026,13:14:55,0,0.00,0.00,0.00,0.00,0.00,0.00,0.00,0.00,-143.88,1.01,0.02,-0.36,-0.84,5.48,1.72,-0.75
01/04/2026,13:15:00,0,0.00,0.00,0.00,0.00,0.00,0.00,0.00,0.00,-143.75,1.02,0.02,-0.36,-0.84,5.72,0.86,-0.61
01/04/2026,13:15:00,0,0.00,0.00,0.00,0.00,0.00,0.00,0.00,0.00,-143.77,1.03,0.02,-0.36,-0.84,5.05,0.70,-1.09
01/04/2026,13:15:00,0,0.00,0.00,0.00,0.00,0.00,0.00,0.00,0.00,-143.86,0.99,0.02,-0.36,-0.84,4.64,0.81,-0.02
01/04/2026,13:15:00,0,0.00,0.00,0.00,0.00,0.00,0.00,0.00,0.00,-143.90,1.02,0.02,-0.36,-0.84,4.95,1.41,-0.30
01/04/2026,13:15:00,0,0.00,0.00,0.00,0.00,0.00,0.00,0.00,0.00,-143.87,1.10,0.02,-0.36,-0.84,5.58,0.28,-0.06
01/04/2026,13:15:05,0,0.00,0.00,0.00,0.00,0.00,0.00,0.00,0.00,-143.81,1.06,0.02,-0.36,-0.84,5.41,0.97,-0.56
01/04/2026,13:15:05,0,0.00,0.00,0.00,0.00,0.00,0.00,0.00,0.00,-143.72,1.03,0.02,-0.36,-0.84,5.69,0.66,-0.64
01/04/2026,13:15:05,0,0.00,0.00,0.00,0.00,0.00,0.00,0.00,0.00,-143.74,1.05,0.02,-0.36,-0.84,5.39,1.20,-0.41
01/04/2026,13:15:05,0,0.00,0.00,0.00,0.00,0.00,0.00,0.00,0.00,-143.80,1.01,0.02,-0.36,-0.84,4.86,0.41,-0.14
01/04/2026,13:15:05,0,0.00,0.00,0.00,0.00,0.00,0.00,0.00,0.00,-143.82,1.01,0.02,-0.36,-0.84,5.48,1.11,-0.05
01/04/2026,13:15:10,0,0.00,0.00,0.00,0.00,0.00,0.00,0.00,0.00,-143.84,0.94,0.02,-0.36,-0.84,5.14,1.00,-0.34
01/04/2026,13:15:10,0,0.00,0.00,0.00,0.00,0.00,0.00,0.00,0.00,-143.85,0.94,0.02,-0.36,-0.84,5.39,0.59,-0.70
01/04/2026,13:15:10,96,0.00,0.00,0.00,0.00,0.00,0.00,0.00,0.00,-143.79,1.07,0.02,-0.36,-0.84,5.22,0.72,-0.38
01/04/2026,13:15:10,230,0.00,0.00,0.00,0.00,0.00,0.00,0.00,0.00,-143.85,1.19,0.02,-0.36,-0.84,5.47,1.38,0.23
01/04/2026,13:15:15,324,0.00,0.00,0.00,0.00,0.00,0.00,0.00,0.00,-143.80,1.16,0.02,-0.36,-0.84,5.38,1.16,-0.59
01/04/2026,13:15:15,275,0.00,0.00,0.00,0.00,0.00,0.00,0.00,0.00,-143.76,1.18,0.02,-0.36,-0.84,4.98,0.89,-1.30
01/04/2026,13:15:15,202,0.00,0.00,0.00,0.00,0.00,0.00,0.00,0.00,-143.79,0.96,0.02,-0.36,-0.84,5.41,0.38,-0.19
01/04/2026,13:15:15,0,0.00,0.00,0.00,0.00,0.00,0.00,0.00,0.00,-143.89,1.01,0.02,-0.36,-0.84,5.19,0.84,-0.08
01/04/2026,13:15:15,0,0.00,0.00,0.00,0.00,0.00,0.00,0.00,0.00,-143.92,0.98,0.02,-0.36,-0.84,5.23,0.59,-1.03
01/04/2026,13:15:20,0,0.00,0.00,0.00,0.00,0.00,0.00,0.00,0.00,-143.91,0.96,0.02,-0.36,-0.84,5.28,0.56,-0.34
01/04/2026,13:15:20,0,0.00,0.00,0.00,0.00,0.00,0.00,0.00,0.00,-143.78,1.05,0.02,-0.36,-0.84,5.42,0.94,-0.67
01/04/2026,13:15:20,0,0.00,0.00,0.00,0.00,0.00,0.00,0.00,0.00,-143.76,1.13,0.02,-0.36,-0.84,5.00,1.55,-0.30
01/04/2026,13:15:20,0,0.00,0.00,0.00,0.00,0.00,0.00,0.00,0.00,-143.82,1.01,0.02,-0.37,-0.84,5.02,1.09,-0.58
01/04/2026,13:15:20,0,0.00,0.00,0.00,0.00,0.00,0.00,0.00,0.00,-143.87,1.03,0.02,-0.36,-0.84,5.06,1.39,-0.44
01/04/2026,13:15:25,0,0.00,0.00,0.00,0.00,0.00,0.00,0.00,0.00,-143.88,0.91,0.02,-0.36,-0.84,4.78,0.95,-0.22
01/04/2026,13:15:25,0,0.00,0.00,0.00,0.00,0.00,0.00,0.00,0.00,-143.83,0.95,0.02,-0.36,-0.84,5.39,0.84,-0.14
01/04/2026,13:15:25,0,0.00,0.00,0.00,0.00,0.00,0.00,0.00,0.00,-143.83,0.99,0.02,-0.36,-0.84,4.84,0.84,-0.91
01/04/2026,13:15:25,0,0.00,0.00,0.00,0.00,0.00,0.00,0.00,0.00,-143.86,0.97,0.02,-0.36,-0.84,5.22,0.69,-0.22
01/04/2026,13:15:25,0,0.00,0.00,0.00,0.00,0.00,0.00,0.00,0.00,-143.73,1.06,0.02,-0.36,-0.84,5.39,1.23,-0.66
01/04/2026,13:15:30,0,0.00,0.00,0.00,0.00,0.00,0.00,0.00,0.00,-143.64,1.10,0.02,-0.36,-0.84,5.47,0.78,-1.14
01/04/2026,13:15:30,0,0.00,0.00,0.00,0.00,0.00,0.00,0.00,0.00,-143.78,1.08,0.02,-0.36,-0.84,4.81,1.08,0.17
01/04/2026,13:15:30,0,0.00,0.00,0.00,0.00,0.00,0.00,0.00,0.00,-143.82,0.99,0.02,-0.36,-0.84,5.12,1.33,-0.50
01/04/2026,13:15:30,0,0.00,0.00,0.00,0.00,0.00,0.00,0.00,0.00,-143.82,0.94,0.02,-0.36,-0.84,5.44,1.03,0.09
01/04/2026,13:15:30,0,0.00,0.00,0.00,0.00,0.00,0.00,0.00,0.00,-143.92,1.01,0.02,-0.36,-0.84,5.36,1.11,-0.69
01/04/2026,13:15:35,0,0.00,0.00,0.00,0.00,0.00,0.00,0.00,0.00,-143.83,1.05,0.02,-0.36,-0.84,5.31,1.08,-0.03
01/04/2026,13:15:35,0,0.00,0.00,0.00,0.00,0.00,0.00,0.00,0.00,-143.87,1.02,0.02,-0.36,-0.84,5.47,1.17,-0.22
01/04/2026,13:15:35,106,0.00,0.00,0.00,0.00,0.00,0.00,0.00,0.00,-143.82,0.99,0.02,-0.36,-0.84,5.44,0.58,-0.66
01/04/2026,13:15:35,195,0.00,0.00,0.00,0.00,0.00,0.00,0.00,0.00,-143.80,0.99,0.02,-0.36,-0.84,4.78,0.95,-0.17
01/04/2026,13:15:35,295,0.00,0.00,0.00,0.00,0.00,0.00,0.00,0.00,-143.79,0.95,0.02,-0.36,-0.84,5.05,0.69,-0.45
01/04/2026,13:15:40,341,0.00,0.00,0.00,0.00,0.00,0.00,0.00,0.00,-143.86,1.09,0.02,-0.36,-0.84,5.39,0.81,-0.92
01/04/2026,13:15:40,333,0.00,0.00,0.00,0.00,0.00,0.00,0.00,0.00,-143.81,1.09,0.02,-0.37,-0.85,4.86,1.25,-0.34
01/04/2026,13:15:40,308,0.00,0.00,0.00,0.00,0.00,0.00,0.00,0.00,-143.67,1.14,0.02,-0.36,-0.84,5.31,1.30,-0.34
01/04/2026,13:15:40,267,0.00,0.00,0.00,0.00,0.00,0.00,0.00,0.00,-143.75,1.21,0.02,-0.36,-0.84,5.23,0.67,-0.28
01/04/2026,13:15:40,223,0.00,0.00,0.00,0.00,0.00,0.00,0.00,0.00,-143.79,1.00,0.02,-0.36,-0.84,4.95,0.64,-0.66
01/04/2026,13:15:45,228,0.00,0.00,0.00,0.00,0.00,0.00,0.00,0.00,-143.79,1.14,0.02,-0.36,-0.84,4.97,0.97,-0.34
01/04/2026,13:15:45,223,0.00,0.00,0.00,0.00,0.00,0.00,0.00,0.00,-143.85,1.08,0.02,-0.36,-0.84,4.89,0.56,-0.20
01/04/2026,13:15:45,258,0.00,0.00,0.00,0.00,0.00,0.00,0.00,0.00,-143.82,1.11,0.02,-0.36,-0.84,5.16,1.03,-0.42
01/04/2026,13:15:45,282,0.00,0.00,0.00,0.00,0.00,0.00,0.00,0.00,-143.83,1.03,0.02,-0.36,-0.84,5.34,1.09,-0.98
01/04/2026,13:15:45,306,0.00,0.00,0.00,0.00,0.00,0.00,0.00,0.00,-143.77,1.09,0.02,-0.36,-0.84,5.48,1.56,-0.55
01/04/2026,13:15:50,306,0.00,0.00,0.00,0.00,0.00,0.00,0.00,0.00,-143.90,0.97,0.02,-0.36,-0.84,4.94,0.97,-1.05
01/04/2026,13:15:50,349,0.00,0.00,0.00,0.00,0.00,0.00,0.00,0.00,-143.91,1.02,0.02,-0.36,-0.84,4.98,0.64,-1.25
01/04/2026,13:15:50,353,0.00,0.00,0.00,0.00,0.00,0.00,0.00,0.00,-143.86,0.94,0.02,-0.36,-0.84,4.95,0.30,-0.14
01/04/2026,13:15:50,349,0.00,0.00,0.00,0.00,0.00,0.00,0.00,0.00,-143.91,0.99,0.02,-0.36,-0.84,5.67,1.08,-0.41
01/04/2026,13:15:50,320,0.00,0.00,0.00,0.00,0.00,0.00,0.00,0.00,-143.83,1.01,0.02,-0.36,-0.84,5.34,0.84,-0.33
01/04/2026,13:15:55,257,0.00,0.00,0.00,0.00,0.00,0.00,0.00,0.00,-143.91,1.05,0.02,-0.36,-0.84,5.03,0.77,-0.56
01/04/2026,13:15:55,173,0.00,0.00,0.00,0.00,0.00,0.00,0.00,0.00,-143.86,1.17,0.02,-0.36,-0.84,4.62,0.67,-0.27
01/04/2026,13:15:55,66,0.00,0.00,0.00,0.00,0.00,0.00,0.00,0.00,-143.87,1.21,0.02,-0.36,-0.84,4.77,1.56,0.14
01/04/2026,13:15:55,0,0.00,0.00,0.00,0.00,0.00,0.00,0.00,0.00,-143.88,1.07,0.02,-0.36,-0.84,4.91,0.58,-0.27
01/04/2026,13:15:55,0,0.00,0.00,0.00,0.00,0.00,0.00,0.00,0.00,-143.89,0.95,0.02,-0.36,-0.84,5.14,0.81,-0.34
01/04/2026,13:16:00,0,0.00,0.00,0.00,0.00,0.00,0.00,0.00,0.00,-143.90,0.92,0.02,-0.36,-0.84,5.80,0.83,-0.30
01/04/2026,13:16:00,0,0.00,0.00,0.00,0.00,0.00,0.00,0.00,0.00,-143.87,0.78,0.02,-0.36,-0.84,5.77,1.23,-0.53
01/04/2026,13:16:00,0,0.00,0.00,0.00,0.00,0.00,0.00,0.00,0.00,-143.88,0.88,0.02,-0.36,-0.84,5.11,1.12,-0.12
01/04/2026,13:16:00,0,0.00,0.00,0.00,0.00,0.00,0.00,0.00,0.00,-143.79,0.98,0.02,-0.36,-0.84,5.27,0.81,-0.80
01/04/2026,13:16:00,0,0.00,0.00,0.00,0.00,0.00,0.00,0.00,0.00,-143.78,1.04,0.02,-0.36,-0.84,5.77,1.20,-0.81
01/04/2026,13:16:05,0,0.00,0.00,0.00,0.00,0.00,0.00,0.00,0.00,-143.84,1.05,0.02,-0.36,-0.84,4.72,0.69,-0.45
01/04/2026,13:16:05,0,0.00,0.00,0.00,0.00,0.00,0.00,0.00,0.00,-143.87,1.02,0.02,-0.36,-0.84,5.14,1.12,-0.66
01/04/2026,13:16:05,0,0.00,0.00,0.00,0.00,0.00,0.00,0.00,0.00,-143.81,0.95,0.02,-0.36,-0.84,5.73,0.64,-1.14
01/04/2026,13:16:05,0,0.00,0.00,0.00,0.00,0.00,0.00,0.00,0.00,-143.90,1.01,0.02,-0.36,-0.84,4.83,0.72,-0.08
01/04/2026,13:16:05,0,0.00,0.00,0.00,0.00,0.00,0.00,0.00,0.00,-143.89,1.18,0.02,-0.36,-0.84,5.55,0.67,-0.36
01/04/2026,13:16:10,0,0.00,0.00,0.00,0.00,0.00,0.00,0.00,0.00,-143.94,1.10,0.02,-0.36,-0.84,5.80,1.16,-0.83
01/04/2026,13:16:10,0,0.00,0.00,0.00,0.00,0.00,0.00,0.00,0.00,-143.92,1.09,0.02,-0.36,-0.84,5.02,1.25,-1.12
01/04/2026,13:16:10,0,0.00,0.00,0.00,0.00,0.00,0.00,0.00,0.00,-143.86,1.10,0.02,-0.36,-0.84,5.39,1.16,-0.69
01/04/2026,13:16:10,0,0.00,0.00,0.00,0.00,0.00,0.00,0.00,0.00,-143.90,1.18,0.02,-0.36,-0.84,5.03,0.45,-0.19
01/04/2026,13:16:10,0,0.00,0.00,0.00,0.00,0.00,0.00,0.00,0.00,-143.89,1.05,0.02,-0.36,-0.84,5.38,0.91,-0.45
01/04/2026,13:16:15,0,0.00,0.00,0.00,0.00,0.00,0.00,0.00,0.00,-143.96,1.10,0.02,-0.36,-0.84,5.45,0.14,-0.94
01/04/2026,13:16:15,0,0.00,0.00,0.00,0.00,0.00,0.00,0.00,0.00,-143.88,1.03,0.02,-0.36,-0.84,5.17,0.58,-0.25
01/04/2026,13:16:15,0,0.00,0.00,0.00,0.00,0.00,0.00,0.00,0.00,-143.98,1.04,0.02,-0.36,-0.84,4.91,0.72,-0.73
01/04/2026,13:16:15,0,0.00,0.00,0.00,0.00,0.00,0.00,0.00,0.00,-143.85,1.04,0.02,-0.36,-0.84,5.36,1.45,-1.23
01/04/2026,13:16:15,0,0.00,0.00,0.00,0.00,0.00,0.00,0.00,0.00,-143.76,1.03,0.02,-0.36,-0.84,4.97,1.06,0.00
01/04/2026,13:16:20,0,0.00,0.00,0.00,0.00,0.00,0.00,0.00,0.00,-143.87,1.04,0.02,-0.36,-0.84,5.36,0.83,-0.44
01/04/2026,13:16:20,0,0.00,0.00,0.00,0.00,0.00,0.00,0.00,0.00,-143.88,0.92,0.02,-0.36,-0.84,5.22,1.16,-0.91
01/04/2026,13:16:20,0,0.00,0.00,0.00,0.00,0.00,0.00,0.00,0.00,-143.82,0.99,0.02,-0.36,-0.84,5.61,0.75,-0.69
01/04/2026,13:16:20,0,0.00,0.00,0.00,0.00,0.00,0.00,0.00,0.00,-143.87,1.02,0.02,-0.36,-0.84,5.50,1.08,0.11
01/04/2026,13:16:20,0,0.00,0.00,0.00,0.00,0.00,0.00,0.00,0.00,-143.89,1.14,0.02,-0.36,-0.84,5.00,1.03,-0.78
01/04/2026,13:16:25,0,0.00,0.00,0.00,0.00,0.00,0.00,0.00,0.00,-143.91,1.06,0.02,-0.36,-0.84,4.89,0.78,-0.25
01/04/2026,13:16:25,0,0.00,0.00,0.00,0.00,0.00,0.00,0.00,0.00,-143.91,1.00,0.02,-0.36,-0.84,5.02,1.20,-1.03
01/04/2026,13:16:25,0,0.00,0.00,0.00,0.00,0.00,0.00,0.00,0.00,-143.91,1.07,0.02,-0.36,-0.84,4.92,0.92,-0.36
01/04/2026,13:16:25,0,0.00,0.00,0.00,0.00,0.00,0.00,0.00,0.00,-143.96,1.08,0.02,-0.36,-0.84,5.20,1.56,-0.09
01/04/2026,13:16:25,0,0.00,0.00,0.00,0.00,0.00,0.00,0.00,0.00,-143.95,1.08,0.02,-0.36,-0.84,5.69,1.23,-0.14
01/04/2026,13:16:30,0,0.00,0.00,0.00,0.00,0.00,0.00,0.00,0.00,-143.86,0.98,0.02,-0.36,-0.84,5.75,0.92,-0.98
01/04/2026,13:16:30,0,0.00,0.00,0.00,0.00,0.00,0.00,0.00,0.00,-143.93,0.94,0.02,-0.36,-0.84,5.00,1.11,-0.38
01/04/2026,13:16:30,0,0.00,0.00,0.00,0.00,0.00,0.00,0.00,0.00,-144.02,0.92,0.02,-0.36,-0.84,5.44,0.83,-0.17
01/04/2026,13:16:30,0,0.00,0.00,0.00,0.00,0.00,0.00,0.00,0.00,-144.07,0.95,0.02,-0.36,-0.84,5.16,1.22,-0.12
01/04/2026,13:16:30,0,0.00,0.00,0.00,0.00,0.00,0.00,0.00,0.00,-144.07,1.05,0.02,-0.36,-0.84,5.27,1.22,-1.11
01/04/2026,13:16:35,0,0.00,0.00,0.00,0.00,0.00,0.00,0.00,0.00,-144.03,1.12,0.02,-0.36,-0.84,5.19,1.09,-0.45
01/04/2026,13:16:35,0,0.00,0.00,0.00,0.00,0.00,0.00,0.00,0.00,-143.94,1.19,0.02,-0.36,-0.84,4.83,1.42,-0.39
01/04/2026,13:16:35,0,0.00,0.00,0.00,0.00,0.00,0.00,0.00,0.00,-143.88,1.18,0.02,-0.36,-0.84,5.25,1.05,-0.64
01/04/2026,13:16:35,0,0.00,0.00,0.00,0.00,0.00,0.00,0.00,0.00,-143.82,1.13,0.02,-0.36,-0.84,5.67,0.61,-0.23
01/04/2026,13:16:35,81,0.00,0.00,0.00,0.00,0.00,0.00,0.00,0.00,-143.90,1.17,0.02,-0.36,-0.84,5.42,1.12,0.17
01/04/2026,13:16:40,163,0.00,0.00,0.00,0.00,0.00,0.00,0.00,0.00,-143.88,1.15,0.02,-0.36,-0.84,5.38,1.08,-0.50
01/04/2026,13:16:40,181,0.00,0.00,0.00,0.00,0.00,0.00,0.00,0.00,-143.83,1.07,0.02,-0.36,-0.84,4.78,0.75,-0.09
01/04/2026,13:16:40,222,0.00,0.00,0.00,0.00,0.00,0.00,0.00,0.00,-143.83,1.08,0.02,-0.36,-0.84,4.97,1.33,-0.81
01/04/2026,13:16:40,293,0.00,0.00,0.00,0.00,0.00,0.00,0.00,0.00,-143.81,0.99,0.02,-0.36,-0.84,5.11,0.61,-0.98
01/04/2026,13:16:40,336,0.00,0.00,0.00,0.00,0.00,0.00,0.00,0.00,-143.79,0.97,0.02,-0.36,-0.84,5.16,0.88,-0.55
01/04/2026,13:16:45,358,0.00,0.00,0.00,0.00,0.00,0.00,0.00,0.00,-143.72,1.07,0.02,-0.36,-0.84,5.55,1.75,-0.39
01/04/2026,13:16:45,296,0.00,0.00,0.00,0.00,0.00,0.00,0.00,0.00,-143.83,1.06,0.02,-0.36,-0.84,5.42,1.34,-0.67
01/04/2026,13:16:45,301,0.00,0.00,0.00,0.00,0.00,0.00,0.00,0.00,-143.87,1.05,0.02,-0.36,-0.84,5.47,1.00,-0.48
01/04/2026,13:16:45,290,0.00,0.00,0.00,0.00,0.00,0.00,0.00,0.00,-143.91,1.06,0.02,-0.36,-0.84,5.23,0.41,-0.61
01/04/2026,13:16:45,267,0.00,0.00,0.00,0.00,0.00,0.00,0.00,0.00,-144.01,1.02,0.02,-0.36,-0.84,4.89,0.80,-0.78
01/04/2026,13:16:50,241,0.00,0.00,0.00,0.00,0.00,0.00,0.00,0.00,-143.96,0.90,0.02,-0.36,-0.84,5.11,0.33,-0.83
01/04/2026,13:16:50,236,0.00,0.00,0.00,0.00,0.00,0.00,0.00,0.00,-143.88,1.04,0.02,-0.36,-0.84,5.05,1.80,-0.69
01/04/2026,13:16:50,241,0.00,0.00,0.00,0.00,0.00,0.00,0.00,0.00,-143.94,1.08,0.02,-0.36,-0.84,5.59,1.41,-1.06
01/04/2026,13:16:50,239,0.00,0.00,0.00,0.00,0.00,0.00,0.00,0.00,-143.91,1.05,0.02,-0.36,-0.84,5.36,0.86,-0.47
01/04/2026,13:16:50,245,0.00,0.00,0.00,0.00,0.00,0.00,0.00,0.00,-143.93,0.92,0.02,-0.36,-0.84,4.98,1.05,-0.73
01/04/2026,13:16:55,218,0.00,0.00,0.00,0.00,0.00,0.00,0.00,0.00,-144.00,0.92,0.02,-0.36,-0.84,5.39,1.23,-0.84
01/04/2026,13:16:55,224,0.00,0.00,0.00,0.00,0.00,0.00,0.00,0.00,-143.99,1.01,0.02,-0.36,-0.84,5.47,1.50,0.11
01/04/2026,13:16:55,228,0.00,0.00,0.00,0.00,0.00,0.00,0.00,0.00,-143.98,1.02,0.02,-0.36,-0.84,5.14,1.06,-0.39
01/04/2026,13:16:55,240,0.00,0.00,0.00,0.00,0.00,0.00,0.00,0.00,-143.86,1.07,0.02,-0.36,-0.84,5.33,1.34,-0.78
01/04/2026,13:16:55,257,0.00,0.00,0.00,0.00,0.00,0.00,0.00,0.00,-143.90,1.09,0.02,-0.36,-0.84,4.86,1.17,-1.19
01/04/2026,13:17:00,273,0.00,0.00,0.00,0.00,0.00,0.00,0.00,0.00,-143.96,1.03,0.02,-0.36,-0.84,5.25,1.30,-0.42
01/04/2026,13:17:00,298,0.00,0.00,0.00,0.00,0.00,0.00,0.00,0.00,-143.98,0.97,0.02,-0.36,-0.84,5.30,0.95,-0.72
01/04/2026,13:17:00,304,0.00,0.00,0.00,0.00,0.00,0.00,0.00,0.00,-143.90,0.98,0.02,-0.36,-0.85,4.98,0.81,-0.75
01/04/2026,13:17:00,329,0.00,0.00,0.00,0.00,0.00,0.00,0.00,0.00,-143.82,0.96,0.02,-0.36,-0.84,5.62,0.83,-0.36
01/04/2026,13:17:00,346,0.00,0.00,0.00,0.00,0.00,0.00,0.00,0.00,-143.90,1.01,0.02,-0.36,-0.84,5.39,0.95,-0.25
01/04/2026,13:17:05,349,0.00,0.00,0.00,0.00,0.00,0.00,0.00,0.00,-143.90,1.02,0.02,-0.36,-0.84,5.11,1.33,-0.73
01/04/2026,13:17:05,363,0.00,0.00,0.00,0.00,0.00,0.00,0.00,0.00,-144.08,0.96,0.02,-0.36,-0.84,4.80,0.70,-0.66
01/04/2026,13:17:05,325,0.00,0.00,0.00,0.00,0.00,0.00,0.00,0.00,-143.97,1.07,0.02,-0.36,-0.84,4.98,0.45,-0.95
01/04/2026,13:17:05,335,0.00,0.00,0.00,0.00,0.00,0.00,0.00,0.00,-144.08,1.00,0.02,-0.36,-0.84,4.86,0.80,-0.55
01/04/2026,13:17:05,315,0.00,0.00,0.00,0.00,0.00,0.00,0.00,0.00,-144.07,0.98,0.02,-0.36,-0.84,4.98,1.25,-0.42
01/04/2026,13:17:10,319,0.00,0.00,0.00,0.00,0.00,0.00,0.00,0.00,-143.98,1.00,0.02,-0.36,-0.84,5.45,0.94,-1.06
01/04/2026,13:17:10,339,0.00,0.00,0.00,0.00,0.00,0.00,0.00,0.00,-143.97,1.01,0.02,-0.36,-0.84,5.33,1.11,-0.80
01/04/2026,13:17:10,324,0.00,0.00,0.00,0.00,0.00,0.00,0.00,0.00,-143.93,1.02,0.02,-0.36,-0.84,5.53,0.78,-0.41
01/04/2026,13:17:10,317,0.00,0.00,0.00,0.00,0.00,0.00,0.00,0.00,-143.79,1.07,0.02,-0.36,-0.84,5.59,1.27,-0.48
01/04/2026,13:17:10,318,0.00,0.00,0.00,0.00,0.00,0.00,0.00,0.00,-143.83,1.06,0.02,-0.36,-0.84,5.14,0.84,-0.31
01/04/2026,13:17:15,320,0.00,0.00,0.00,0.00,0.00,0.00,0.00,0.00,-143.80,1.03,0.02,-0.36,-0.84,5.16,0.97,0.00
01/04/2026,13:17:15,320,0.00,0.00,0.00,0.00,0.00,0.00,0.00,0.00,-143.82,1.14,0.02,-0.36,-0.84,5.14,1.08,-0.33
01/04/2026,13:17:15,302,0.00,0.00,0.00,0.00,0.00,0.00,0.00,0.00,-143.88,1.08,0.02,-0.36,-0.84,5.09,0.47,-0.98
01/04/2026,13:17:15,310,0.00,0.00,0.00,0.00,0.00,0.00,0.00,0.00,-143.91,1.08,0.02,-0.36,-0.84,5.44,0.80,-0.20
01/04/2026,13:17:15,286,0.00,0.00,0.00,0.00,0.00,0.00,0.00,0.00,-143.89,1.11,0.02,-0.36,-0.84,5.17,1.20,-0.84
01/04/2026,13:17:20,279,0.00,0.00,0.00,0.00,0.00,0.00,0.00,0.00,-143.82,1.08,0.02,-0.36,-0.84,5.77,0.86,-0.38
01/04/2026,13:17:20,221,0.00,0.00,0.00,0.00,0.00,0.00,0.00,0.00,-143.87,1.09,0.02,-0.36,-0.84,5.33,1.20,-0.70
01/04/2026,13:17:20,202,0.00,0.00,0.00,0.00,0.00,0.00,0.00,0.00,-143.93,1.17,0.02,-0.36,-0.84,5.02,0.80,-0.45
01/04/2026,13:17:20,212,0.00,0.00,0.00,0.00,0.00,0.00,0.00,0.00,-143.88,1.18,0.02,-0.36,-0.84,5.53,0.78,-0.98
01/04/2026,13:17:20,218,0.00,0.00,0.00,0.00,0.00,0.00,0.00,0.00,-143.88,1.12,0.02,-0.36,-0.85,4.58,0.64,-0.69
01/04/2026,13:17:25,195,0.00,0.00,0.00,0.00,0.00,0.00,0.00,0.00,-143.87,0.93,0.02,-0.36,-0.84,5.77,1.47,-0.27
01/04/2026,13:17:25,199,0.00,0.00,0.00,0.00,0.00,0.00,0.00,0.00,-143.84,1.06,0.02,-0.36,-0.84,5.08,1.17,-0.72
01/04/2026,13:17:25,251,0.00,0.00,0.00,0.00,0.00,0.00,0.00,0.00,-143.95,1.18,0.02,-0.36,-0.84,4.73,0.80,-0.20
01/04/2026,13:17:25,262,0.00,0.00,0.00,0.00,0.00,0.00,0.00,0.00,-143.88,1.09,0.02,-0.36,-0.84,5.39,0.98,0.22
01/04/2026,13:17:25,272,0.00,0.00,0.00,0.00,0.00,0.00,0.00,0.00,-143.86,1.09,0.02,-0.36,-0.84,5.19,0.91,-0.34
01/04/2026,13:17:30,272,0.00,0.00,0.00,0.00,0.00,0.00,0.00,0.00,-143.81,1.11,0.02,-0.36,-0.84,5.48,1.11,-0.78
01/04/2026,13:17:30,251,0.00,0.00,0.00,0.00,0.00,0.00,0.00,0.00,-143.84,1.03,0.02,-0.36,-0.84,5.25,1.19,-0.36
01/04/2026,13:17:30,258,0.00,0.00,0.00,0.00,0.00,0.00,0.00,0.00,-143.87,1.08,0.02,-0.36,-0.84,5.44,1.19,-0.17
01/04/2026,13:17:30,242,0.00,0.00,0.00,0.00,0.00,0.00,0.00,0.00,-143.93,1.08,0.02,-0.36,-0.84,5.16,0.64,-0.39
01/04/2026,13:17:30,239,0.00,0.00,0.00,0.00,0.00,0.00,0.00,0.00,-143.94,1.18,0.02,-0.36,-0.84,5.00,1.11,-0.86
01/04/2026,13:17:35,231,0.00,0.00,0.00,0.00,0.00,0.00,0.00,0.00,-143.92,1.13,0.02,-0.36,-0.84,4.97,1.17,-0.83
01/04/2026,13:17:35,192,0.00,0.00,0.00,0.00,0.00,0.00,0.00,0.00,-143.86,1.12,0.02,-0.36,-0.84,5.70,1.58,-1.08
01/04/2026,13:17:35,160,0.00,0.00,0.00,0.00,0.00,0.00,0.00,0.00,-143.92,1.06,0.02,-0.36,-0.84,4.94,1.05,-0.31
01/04/2026,13:17:35,98,0.00,0.00,0.00,0.00,0.00,0.00,0.00,0.00,-144.06,1.09,0.02,-0.36,-0.84,5.53,0.61,-0.44
01/04/2026,13:17:35,18,0.00,0.00,0.00,0.00,0.00,0.00,0.00,0.00,-143.99,1.13,0.02,-0.36,-0.84,5.58,0.78,0.39
01/04/2026,13:17:40,0,0.00,0.00,0.00,0.00,0.00,0.00,0.00,0.00,-144.01,1.12,0.02,-0.36,-0.84,5.16,1.16,-0.70
01/04/2026,13:17:40,0,0.00,0.00,0.00,0.00,0.00,0.00,0.00,0.00,-143.96,1.07,0.02,-0.36,-0.84,5.16,1.17,-0.84
01/04/2026,13:17:40,0,0.00,0.00,0.00,0.00,0.00,0.00,0.00,0.00,-143.93,1.18,0.02,-0.36,-0.84,5.45,0.61,-1.31
01/04/2026,13:17:40,0,0.00,0.00,0.00,0.00,0.00,0.00,0.00,0.00,-143.95,1.11,0.02,-0.36,-0.84,5.42,0.66,-0.50
01/04/2026,13:17:40,0,0.00,0.00,0.00,0.00,0.00,0.00,0.00,0.00,-143.98,1.11,0.02,-0.36,-0.84,5.47,1.06,-0.70
01/04/2026,13:17:45,0,0.00,0.00,0.00,0.00,0.00,0.00,0.00,0.00,-144.06,1.00,0.02,-0.36,-0.84,5.20,0.52,-0.08
01/04/2026,13:17:45,0,0.00,0.00,0.00,0.00,0.00,0.00,0.00,0.00,-144.02,1.06,0.02,-0.36,-0.84,5.59,1.11,-0.47
01/04/2026,13:17:45,0,0.00,0.00,0.00,0.00,0.00,0.00,0.00,0.00,-144.08,1.08,0.02,-0.36,-0.84,5.28,0.77,-0.52
01/04/2026,13:17:45,0,0.00,0.00,0.00,0.00,0.00,0.00,0.00,0.00,-143.96,1.07,0.02,-0.36,-0.84,5.33,0.98,-0.86
01/04/2026,13:17:45,0,0.00,0.00,0.00,0.00,0.00,0.00,0.00,0.00,-143.95,1.03,0.02,-0.36,-0.84,5.47,0.53,0.02
01/04/2026,13:17:50,0,0.00,0.00,0.00,0.00,0.00,0.00,0.00,0.00,-143.84,0.94,0.02,-0.36,-0.84,5.47,1.02,-0.55
01/04/2026,13:17:50,0,0.00,0.00,0.00,0.00,0.00,0.00,0.00,0.00,-143.90,1.10,0.02,-0.36,-0.84,5.25,1.05,-0.20
01/04/2026,13:17:50,51,0.00,0.00,0.00,0.00,0.00,0.00,0.00,0.00,-144.01,1.11,0.02,-0.36,-0.84,5.47,1.03,-0.78
01/04/2026,13:17:50,58,0.00,0.00,0.00,0.00,0.00,0.00,0.00,0.00,-144.09,1.08,0.02,-0.36,-0.84,5.03,0.27,-0.48
01/04/2026,13:17:50,64,0.00,0.00,0.00,0.00,0.00,0.00,0.00,0.00,-143.95,1.04,0.02,-0.36,-0.84,5.19,1.20,-0.34
01/04/2026,13:17:55,89,0.00,0.00,0.00,0.00,0.00,0.00,0.00,0.00,-143.96,1.02,0.02,-0.36,-0.84,5.03,0.67,-0.55
01/04/2026,13:17:55,143,0.00,0.00,0.00,0.00,0.00,0.00,0.00,0.00,-143.84,1.15,0.02,-0.36,-0.84,5.22,1.05,-0.59
01/04/2026,13:17:55,152,0.00,0.00,0.00,0.00,0.00,0.00,0.00,0.00,-143.95,1.06,0.02,-0.36,-0.84,5.14,1.91,-0.27
01/04/2026,13:17:55,168,0.00,0.00,0.00,0.00,0.00,0.00,0.00,0.00,-143.92,1.13,0.02,-0.36,-0.84,4.94,0.78,-0.89
01/04/2026,13:17:55,177,0.00,0.00,0.00,0.00,0.00,0.00,0.00,0.00,-143.93,0.99,0.02,-0.36,-0.84,5.31,1.66,-0.48
01/04/2026,13:18:00,186,0.00,0.00,0.00,0.00,0.00,0.00,0.00,0.00,-143.93,0.98,0.02,-0.36,-0.84,5.41,0.78,-0.70
01/04/2026,13:18:00,194,0.00,0.00,0.00,0.00,0.00,0.00,0.00,0.00,-143.95,1.03,0.02,-0.36,-0.84,5.19,1.41,-0.56
01/04/2026,13:18:00,229,0.00,0.00,0.00,0.00,0.00,0.00,0.00,0.00,-143.78,1.03,0.02,-0.36,-0.84,5.55,0.72,-0.58
01/04/2026,13:18:00,227,0.00,0.00,0.00,0.00,0.00,0.00,0.00,0.00,-143.87,0.92,0.02,-0.36,-0.84,5.19,0.75,-0.64
01/04/2026,13:18:00,272,0.00,0.00,0.00,0.00,0.00,0.00,0.00,0.00,-143.90,1.03,0.02,-0.36,-0.84,5.14,1.45,-0.45
01/04/2026,13:18:05,295,0.00,0.00,0.00,0.00,0.00,0.00,0.00,0.00,-143.85,1.11,0.02,-0.36,-0.84,5.70,0.81,-0.67
01/04/2026,13:18:05,321,0.00,0.00,0.00,0.00,0.00,0.00,0.00,0.00,-143.91,1.12,0.02,-0.36,-0.84,5.45,0.89,-0.67
01/04/2026,13:18:05,345,0.00,0.00,0.00,0.00,0.00,0.00,0.00,0.00,-143.84,1.07,0.02,-0.36,-0.84,4.84,0.62,-0.44
01/04/2026,13:18:05,310,0.00,0.00,0.00,0.00,0.00,0.00,0.00,0.00,-143.94,1.03,0.02,-0.36,-0.84,4.88,0.86,-0.70
01/04/2026,13:18:05,273,0.00,0.00,0.00,0.00,0.00,0.00,0.00,0.00,-144.02,1.00,0.02,-0.36,-0.84,4.88,0.58,-0.41
01/04/2026,13:18:10,193,0.00,0.00,0.00,0.00,0.00,0.00,0.00,0.00,-144.12,1.12,0.02,-0.36,-0.84,5.41,1.39,-0.66
01/04/2026,13:18:10,81,0.00,0.00,0.00,0.00,0.00,0.00,0.00,0.00,-144.01,1.04,0.02,-0.36,-0.84,5.20,0.66,-0.89
01/04/2026,13:18:10,0,0.00,0.00,0.00,0.00,0.00,0.00,0.00,0.00,-144.10,0.99,0.02,-0.36,-0.84,5.08,0.86,-0.50
01/04/2026,13:18:10,0,0.00,0.00,0.00,0.00,0.00,0.00,0.00,0.00,-144.02,1.07,0.02,-0.36,-0.84,5.38,1.56,-0.06
01/04/2026,13:18:10,0,0.00,0.00,0.00,0.00,0.00,0.00,0.00,0.00,-143.94,0.98,0.02,-0.36,-0.84,5.36,0.44,-0.58
01/04/2026,13:18:15,0,0.00,0.00,0.00,0.00,0.00,0.00,0.00,0.00,-143.96,0.92,0.02,-0.36,-0.84,5.39,0.58,-0.50
01/04/2026,13:18:15,0,0.00,0.00,0.00,0.00,0.00,0.00,0.00,0.00,-143.95,0.91,0.02,-0.36,-0.84,5.36,0.69,0.12
01/04/2026,13:18:15,0,0.00,0.00,0.00,0.00,0.00,0.00,0.00,0.00,-143.92,0.98,0.02,-0.36,-0.84,5.41,1.02,-0.20
01/04/2026,13:18:15,0,0.00,0.00,0.00,0.00,0.00,0.00,0.00,0.00,-143.99,0.99,0.02,-0.36,-0.84,4.81,0.64,-0.44
01/04/2026,13:18:15,0,0.00,0.00,0.00,0.00,0.00,0.00,0.00,0.00,-144.08,0.97,0.02,-0.36,-0.84,4.72,0.84,-0.11
01/04/2026,13:18:20,0,0.00,0.00,0.00,0.00,0.00,0.00,0.00,0.00,-144.05,1.00,0.02,-0.36,-0.84,5.05,1.22,-0.38
01/04/2026,13:18:20,0,0.00,0.00,0.00,0.00,0.00,0.00,0.00,0.00,-144.01,1.12,0.02,-0.36,-0.84,4.22,0.25,-0.14
01/04/2026,13:18:20,0,0.00,0.00,0.00,0.00,0.00,0.00,0.00,0.00,-144.00,1.11,0.02,-0.36,-0.84,4.98,0.75,-0.75
01/04/2026,13:18:20,0,0.00,0.00,0.00,0.00,0.00,0.00,0.00,0.00,-143.99,1.16,0.02,-0.36,-0.84,5.22,0.89,-0.12
01/04/2026,13:18:20,0,0.00,0.00,0.00,0.00,0.00,0.00,0.00,0.00,-143.89,1.04,0.02,-0.36,-0.84,4.92,0.97,-0.27
01/04/2026,13:18:25,0,0.00,0.00,0.00,0.00,0.00,0.00,0.00,0.00,-143.88,1.06,0.02,-0.36,-0.84,5.28,1.48,-1.19
01/04/2026,13:18:25,0,0.00,0.00,0.00,0.00,0.00,0.00,0.00,0.00,-143.96,1.03,0.02,-0.36,-0.84,5.27,1.19,-0.66
01/04/2026,13:18:25,0,0.00,0.00,0.00,0.00,0.00,0.00,0.00,0.00,-143.91,1.12,0.02,-0.36,-0.84,5.56,1.41,-0.42
01/04/2026,13:18:25,0,0.00,0.00,0.00,0.00,0.00,0.00,0.00,0.00,-144.04,1.15,0.02,-0.36,-0.84,5.06,1.44,-0.44
01/04/2026,13:18:25,0,0.00,0.00,0.00,0.00,0.00,0.00,0.00,0.00,-144.08,1.00,0.03,-0.36,-0.84,5.41,0.38,-0.97
01/04/2026,13:18:30,0,0.00,0.00,0.00,0.00,0.00,0.00,0.00,0.00,-144.06,1.01,0.02,-0.36,-0.84,5.61,0.75,-0.39
01/04/2026,13:18:30,0,0.00,0.00,0.00,0.00,0.00,0.00,0.00,0.00,-144.05,1.13,0.02,-0.36,-0.84,5.34,1.16,-0.55
01/04/2026,13:18:30,0,0.00,0.00,0.00,0.00,0.00,0.00,0.00,0.00,-144.01,1.10,0.02,-0.36,-0.84,4.81,0.39,-0.16
01/04/2026,13:18:30,0,0.00,0.00,0.00,0.00,0.00,0.00,0.00,0.00,-144.08,1.07,0.02,-0.36,-0.84,4.97,1.42,-0.97
01/04/2026,13:18:30,0,0.00,0.00,0.00,0.00,0.00,0.00,0.00,0.00,-143.95,1.00,0.02,-0.36,-0.84,5.77,0.47,-1.11
01/04/2026,13:18:35,0,0.00,0.00,0.00,0.00,0.00,0.00,0.00,0.00,-143.91,1.18,0.02,-0.36,-0.84,5.31,1.34,-0.77
01/04/2026,13:18:35,0,0.00,0.00,0.00,0.00,0.00,0.00,0.00,0.00,-143.92,1.08,0.02,-0.36,-0.84,5.28,0.98,-0.58
01/04/2026,13:18:35,153,0.00,0.00,0.00,0.00,0.00,0.00,0.00,0.00,-143.85,1.19,0.02,-0.36,-0.84,4.80,1.42,-0.16
01/04/2026,13:18:35,256,0.00,0.00,0.00,0.00,0.00,0.00,0.00,0.00,-143.91,1.10,0.02,-0.36,-0.84,5.39,0.89,-0.55
01/04/2026,13:18:35,263,0.00,0.00,0.00,0.00,0.00,0.00,0.00,0.00,-144.00,1.10,0.02,-0.36,-0.84,6.05,0.75,-0.97
01/04/2026,13:18:40,323,0.00,0.00,0.00,0.00,0.00,0.00,0.00,0.00,-143.96,1.00,0.02,-0.36,-0.84,5.11,1.03,-0.80
01/04/2026,13:18:40,337,0.00,0.00,0.00,0.00,0.00,0.00,0.00,0.00,-144.02,0.91,0.02,-0.36,-0.84,5.56,0.67,0.41
01/04/2026,13:18:40,338,0.00,0.00,0.00,0.00,0.00,0.00,0.00,0.00,-144.04,0.92,0.02,-0.36,-0.84,5.52,1.45,-0.52
01/04/2026,13:18:40,375,0.00,0.00,0.00,0.00,0.00,0.00,0.00,0.00,-144.09,0.98,0.02,-0.36,-0.84,5.30,1.19,-0.81
01/04/2026,13:18:40,317,0.00,0.00,0.00,0.00,0.00,0.00,0.00,0.00,-144.06,0.98,0.02,-0.36,-0.84,5.36,0.42,-0.03
01/04/2026,13:18:45,314,0.00,0.00,0.00,0.00,0.00,0.00,0.00,0.00,-144.01,1.13,0.02,-0.36,-0.84,5.47,1.25,-0.48
01/04/2026,13:18:45,302,0.00,0.00,0.00,0.00,0.00,0.00,0.00,0.00,-143.97,0.99,0.02,-0.36,-0.84,5.20,1.20,-0.64
01/04/2026,13:18:45,272,0.00,0.00,0.00,0.00,0.00,0.00,0.00,0.00,-143.95,0.96,0.02,-0.36,-0.84,5.28,1.39,-0.52
01/04/2026,13:18:45,219,0.00,0.00,0.00,0.00,0.00,0.00,0.00,0.00,-143.97,1.06,0.02,-0.36,-0.84,4.97,0.67,-0.55
01/04/2026,13:18:45,190,0.00,0.00,0.00,0.00,0.00,0.00,0.00,0.00,-143.95,1.09,0.02,-0.36,-0.84,5.12,1.09,-0.81
01/04/2026,13:18:50,155,0.00,0.00,0.00,0.00,0.00,0.00,0.00,0.00,-143.91,1.19,0.02,-0.36,-0.84,5.55,0.95,-0.25
01/04/2026,13:18:50,104,0.00,0.00,0.00,0.00,0.00,0.00,0.00,0.00,-143.90,1.17,0.02,-0.36,-0.84,5.72,1.28,-0.45
01/04/2026,13:18:50,86,0.00,0.00,0.00,0.00,0.00,0.00,0.00,0.00,-143.95,1.02,0.02,-0.36,-0.84,5.25,0.64,0.08
01/04/2026,13:18:50,98,0.00,0.00,0.00,0.00,0.00,0.00,0.00,0.00,-143.99,0.99,0.02,-0.36,-0.84,4.80,1.53,-1.16
01/04/2026,13:18:50,131,0.00,0.00,0.00,0.00,0.00,0.00,0.00,0.00,-144.04,1.05,0.02,-0.36,-0.84,5.27,1.39,-0.66
01/04/2026,13:18:55,202,0.00,0.00,0.00,0.00,0.00,0.00,0.00,0.00,-143.90,1.03,0.02,-0.36,-0.84,5.69,0.69,-0.06
01/04/2026,13:18:55,226,0.00,0.00,0.00,0.00,0.00,0.00,0.00,0.00,-143.87,0.89,0.02,-0.36,-0.84,5.39,0.48,-0.48
01/04/2026,13:18:55,270,0.00,0.00,0.00,0.00,0.00,0.00,0.00,0.00,-143.87,0.96,0.02,-0.36,-0.84,5.34,0.91,-0.42
01/04/2026,13:18:55,304,0.00,0.00,0.00,0.00,0.00,0.00,0.00,0.00,-143.92,0.94,0.02,-0.36,-0.84,5.38,0.78,-0.95
01/04/2026,13:18:55,318,0.00,0.00,0.00,0.00,0.00,0.00,0.00,0.00,-143.94,0.90,0.02,-0.36,-0.84,5.12,0.78,-0.58
01/04/2026,13:19:00,347,0.00,0.00,0.00,0.00,0.00,0.00,0.00,0.00,-143.94,0.97,0.02,-0.36,-0.84,5.14,1.02,-0.23
01/04/2026,13:19:00,303,0.00,0.00,0.00,0.00,0.00,0.00,0.00,0.00,-144.00,0.89,0.02,-0.36,-0.84,4.72,0.83,-0.84
01/04/2026,13:19:00,234,0.00,0.00,0.00,0.00,0.00,0.00,0.00,0.00,-143.99,0.94,0.02,-0.36,-0.84,5.09,1.41,-0.83
01/04/2026,13:19:00,176,0.00,0.00,0.00,0.00,0.00,0.00,0.00,0.00,-143.98,0.97,0.02,-0.36,-0.84,4.94,0.70,-0.55
01/04/2026,13:19:00,77,0.00,0.00,0.00,0.00,0.00,0.00,0.00,0.00,-143.98,1.01,0.02,-0.36,-0.84,5.28,1.00,-1.20
01/04/2026,13:19:05,45,0.00,0.00,0.00,0.00,0.00,0.00,0.00,0.00,-143.88,0.99,0.02,-0.36,-0.84,4.66,1.27,-0.86
01/04/2026,13:19:05,0,0.00,0.00,0.00,0.00,0.00,0.00,0.00,0.00,-143.84,1.08,0.02,-0.36,-0.84,5.08,1.80,-1.17
01/04/2026,13:19:05,0,0.00,0.00,0.00,0.00,0.00,0.00,0.00,0.00,-143.87,1.07,0.02,-0.36,-0.84,5.72,0.36,-0.42
01/04/2026,13:19:05,0,0.00,0.00,0.00,0.00,0.00,0.00,0.00,0.00,-143.99,1.25,0.02,-0.36,-0.84,4.44,1.17,-0.25
01/04/2026,13:19:05,0,0.00,0.00,0.00,0.00,0.00,0.00,0.00,0.00,-143.96,1.32,0.02,-0.36,-0.84,4.91,1.17,-0.28
01/04/2026,13:19:10,0,0.00,0.00,0.00,0.00,0.00,0.00,0.00,0.00,-143.97,1.40,0.02,-0.36,-0.84,4.92,2.14,-0.56
01/04/2026,13:19:10,0,0.00,0.00,0.00,0.00,0.00,0.00,0.00,0.00,-144.02,1.26,0.02,-0.36,-0.84,5.25,0.91,-0.56
01/04/2026,13:19:10,0,0.00,0.00,0.00,0.00,0.00,0.00,0.00,0.00,-144.00,1.28,0.02,-0.36,-0.84,5.58,0.53,-0.16
01/04/2026,13:19:10,0,0.00,0.00,0.00,0.00,0.00,0.00,0.00,0.00,-143.98,1.24,0.02,-0.36,-0.84,5.22,0.89,-0.44
01/04/2026,13:19:10,0,0.00,0.00,0.00,0.00,0.00,0.00,0.00,0.00,-143.98,1.15,0.02,-0.36,-0.84,5.31,1.34,-0.81
01/04/2026,13:19:15,0,0.00,0.00,0.00,0.00,0.00,0.00,0.00,0.00,-143.94,1.21,0.02,-0.36,-0.84,5.31,0.91,-0.20
01/04/2026,13:19:15,0,0.00,0.00,0.00,0.00,0.00,0.00,0.00,0.00,-143.91,1.13,0.02,-0.36,-0.84,5.28,0.88,-0.20
01/04/2026,13:19:15,0,0.00,0.00,0.00,0.00,0.00,0.00,0.00,0.00,-143.99,1.11,0.02,-0.36,-0.84,5.30,0.84,-0.67
01/04/2026,13:19:15,0,0.00,0.00,0.00,0.00,0.00,0.00,0.00,0.00,-143.93,1.03,0.02,-0.36,-0.84,5.70,1.23,-0.34
01/04/2026,13:19:15,0,0.00,0.00,0.00,0.00,0.00,0.00,0.00,0.00,-143.93,1.02,0.02,-0.36,-0.84,5.38,1.12,-0.92
01/04/2026,13:19:20,0,0.00,0.00,0.00,0.00,0.00,0.00,0.00,0.00,-144.03,1.01,0.02,-0.36,-0.84,5.16,1.28,-0.84
01/04/2026,13:19:20,0,0.00,0.00,0.00,0.00,0.00,0.00,0.00,0.00,-144.04,1.06,0.02,-0.36,-0.84,5.53,1.08,-0.12
01/04/2026,13:19:20,0,0.00,0.00,0.00,0.00,0.00,0.00,0.00,0.00,-143.97,1.11,0.02,-0.36,-0.84,5.34,1.20,-0.53
01/04/2026,13:19:20,0,0.00,0.00,0.00,0.00,0.00,0.00,0.00,0.00,-144.01,1.14,0.02,-0.36,-0.84,5.12,1.22,-0.45
01/04/2026,13:19:20,0,0.00,0.00,0.00,0.00,0.00,0.00,0.00,0.00,-143.97,1.03,0.02,-0.36,-0.84,5.23,0.72,-1.08
01/04/2026,13:19:25,0,0.00,0.00,0.00,0.00,0.00,0.00,0.00,0.00,-144.01,0.95,0.02,-0.36,-0.84,4.75,1.30,-0.58
01/04/2026,13:19:25,0,0.00,0.00,0.00,0.00,0.00,0.00,0.00,0.00,-144.08,0.93,0.02,-0.36,-0.84,5.50,0.78,0.44
01/04/2026,13:19:25,23,0.00,0.00,0.00,0.00,0.00,0.00,0.00,0.00,-144.10,0.95,0.02,-0.36,-0.84,5.44,0.47,-0.52
01/04/2026,13:19:25,93,0.00,0.00,0.00,0.00,0.00,0.00,0.00,0.00,-144.07,0.90,0.02,-0.36,-0.84,5.39,1.03,-0.42
01/04/2026,13:19:25,159,0.00,0.00,0.00,0.00,0.00,0.00,0.00,0.00,-143.92,1.01,0.02,-0.36,-0.84,5.78,1.16,-0.39
01/04/2026,13:19:30,222,0.00,0.00,0.00,0.00,0.00,0.00,0.00,0.00,-143.95,1.09,0.02,-0.36,-0.84,5.50,1.22,-0.98
01/04/2026,13:19:30,273,0.00,0.00,0.00,0.00,0.00,0.00,0.00,0.00,-143.96,1.07,0.02,-0.36,-0.84,5.47,1.55,-0.27
01/04/2026,13:19:30,308,0.00,0.00,0.00,0.00,0.00,0.00,0.00,0.00,-143.93,1.05,0.02,-0.36,-0.84,4.78,0.89,-0.30
01/04/2026,13:19:30,350,0.00,0.00,0.00,0.00,0.00,0.00,0.00,0.00,-143.95,1.11,0.02,-0.36,-0.84,4.81,1.14,-0.28
01/04/2026,13:19:30,337,0.00,0.00,0.00,0.00,0.00,0.00,0.00,0.00,-143.87,1.02,0.02,-0.36,-0.84,5.34,1.27,0.02
01/04/2026,13:19:35,351,0.00,0.00,0.00,0.00,0.00,0.00,0.00,0.00,-143.98,1.00,0.02,-0.36,-0.84,4.89,0.95,-0.06
01/04/2026,13:19:35,319,0.00,0.00,0.00,0.00,0.00,0.00,0.00,0.00,-144.00,1.06,0.02,-0.36,-0.84,4.98,0.52,-0.61
01/04/2026,13:19:35,367,0.00,0.00,0.00,0.00,0.00,0.00,0.00,0.00,-144.04,1.09,0.02,-0.36,-0.84,4.95,1.05,-0.14
01/04/2026,13:19:35,336,0.00,0.00,0.00,0.00,0.00,0.00,0.00,0.00,-143.85,0.93,0.02,-0.36,-0.84,5.58,1.00,-0.94
01/04/2026,13:19:35,373,0.00,0.00,0.00,0.00,0.00,0.00,0.00,0.00,-143.95,0.96,0.02,-0.37,-0.84,4.70,0.92,-0.80
01/04/2026,13:19:40,346,0.00,0.00,0.00,0.00,0.00,0.00,0.00,0.00,-143.83,1.06,0.02,-0.36,-0.84,5.03,1.14,-0.16
01/04/2026,13:19:40,336,0.00,0.00,0.00,0.00,0.00,0.00,0.00,0.00,-144.03,1.08,0.02,-0.36,-0.85,5.41,1.19,-0.75
01/04/2026,13:19:40,330,0.00,0.00,0.00,0.00,0.00,0.00,0.00,0.00,-144.04,0.99,0.02,-0.36,-0.84,5.25,0.52,0.02
01/04/2026,13:19:40,336,0.00,0.00,0.00,0.00,0.00,0.00,0.00,0.00,-144.03,1.05,0.02,-0.36,-0.84,5.08,1.17,-0.70
01/04/2026,13:19:40,311,0.00,0.00,0.00,0.00,0.00,0.00,0.00,0.00,-144.02,1.12,0.02,-0.36,-0.84,5.47,1.78,-0.48
01/04/2026,13:19:45,330,0.00,0.00,0.00,0.00,0.00,0.00,0.00,0.00,-144.02,1.17,0.02,-0.36,-0.84,4.70,0.80,-0.41
01/04/2026,13:19:45,336,0.00,0.00,0.00,0.00,0.00,0.00,0.00,0.00,-143.95,1.12,0.02,-0.36,-0.84,5.62,1.14,-1.17
01/04/2026,13:19:45,311,0.00,0.00,0.00,0.00,0.00,0.00,0.00,0.00,-143.94,1.10,0.02,-0.36,-0.84,5.88,1.27,-0.52
01/04/2026,13:19:45,256,0.00,0.00,0.00,0.00,0.00,0.00,0.00,0.00,-143.87,1.11,0.02,-0.36,-0.84,5.55,1.39,-0.70
01/04/2026,13:19:45,248,0.00,0.00,0.00,0.00,0.00,0.00,0.00,0.00,-143.86,1.05,0.02,-0.36,-0.84,4.83,0.55,-1.25
01/04/2026,13:19:50,208,0.00,0.00,0.00,0.00,0.00,0.00,0.00,0.00,-143.89,0.93,0.02,-0.36,-0.84,5.06,0.75,-0.92
01/04/2026,13:19:50,171,0.00,0.00,0.00,0.00,0.00,0.00,0.00,0.00,-143.92,1.00,0.02,-0.36,-0.84,5.08,1.52,-0.67
01/04/2026,13:19:50,147,0.00,0.00,0.00,0.00,0.00,0.00,0.00,0.00,-143.85,0.98,0.02,-0.36,-0.84,5.45,1.05,-0.67
01/04/2026,13:19:50,106,0.00,0.00,0.00,0.00,0.00,0.00,0.00,0.00,-143.81,0.92,0.02,-0.36,-0.84,5.03,0.48,-1.16
01/04/2026,13:19:50,77,0.00,0.00,0.00,0.00,0.00,0.00,0.00,0.00,-143.90,0.94,0.02,-0.36,-0.84,5.00,1.45,-0.72
01/04/2026,13:19:55,0,0.00,0.00,0.00,0.00,0.00,0.00,0.00,0.00,-144.00,0.99,0.02,-0.36,-0.84,5.36,0.98,-0.28
01/04/2026,13:19:55,0,0.00,0.00,0.00,0.00,0.00,0.00,0.00,0.00,-144.01,1.01,0.02,-0.36,-0.84,5.36,0.81,-0.33
01/04/2026,13:19:55,0,0.00,0.00,0.00,0.00,0.00,0.00,0.00,0.00,-144.00,1.15,0.02,-0.36,-0.84,5.28,1.08,-0.12
01/04/2026,13:19:55,0,0.00,0.00,0.00,0.00,0.00,0.00,0.00,0.00,-143.97,1.10,0.02,-0.36,-0.84,5.39,1.33,-0.36
01/04/2026,13:19:55,0,0.00,0.00,0.00,0.00,0.00,0.00,0.00,0.00,-143.90,1.03,0.02,-0.36,-0.84,5.59,0.77,-0.41
01/04/2026,13:20:00,0,0.00,0.00,0.00,0.00,0.00,0.00,0.00,0.00,-143.97,1.07,0.02,-0.36,-0.84,5.33,0.83,-0.73
01/04/2026,13:20:00,0,0.00,0.00,0.00,0.00,0.00,0.00,0.00,0.00,-143.95,1.05,0.02,-0.36,-0.84,5.91,1.36,-0.73
01/04/2026,13:20:00,0,0.00,0.00,0.00,0.00,0.00,0.00,0.00,0.00,-144.01,1.12,0.02,-0.36,-0.84,5.11,0.86,-0.38
01/04/2026,13:20:00,0,0.00,0.00,0.00,0.00,0.00,0.00,0.00,0.00,-143.94,1.00,0.02,-0.36,-0.84,5.42,1.02,-0.20
01/04/2026,13:20:00,0,0.00,0.00,0.00,0.00,0.00,0.00,0.00,0.00,-143.93,1.06,0.02,-0.37,-0.84,4.75,1.28,-0.27
01/04/2026,13:20:05,0,0.00,0.00,0.00,0.00,0.00,0.00,0.00,0.00,-143.97,1.09,0.02,-0.36,-0.84,5.00,0.94,-0.55
01/04/2026,13:20:05,0,0.00,0.00,0.00,0.00,0.00,0.00,0.00,0.00,-144.02,1.04,0.02,-0.36,-0.84,5.23,0.44,-0.89
01/04/2026,13:20:05,0,0.00,0.00,0.00,0.00,0.00,0.00,0.00,0.00,-144.05,0.91,0.02,-0.36,-0.84,5.14,0.69,-0.56
01/04/2026,13:20:05,0,0.00,0.00,0.00,0.00,0.00,0.00,0.00,0.00,-144.00,1.08,0.02,-0.36,-0.84,5.23,1.19,-0.47
01/04/2026,13:20:05,0,0.00,0.00,0.00,0.00,0.00,0.00,0.00,0.00,-144.05,1.04,0.02,-0.36,-0.84,4.52,1.17,-0.41
01/04/2026,13:20:10,0,0.00,0.00,0.00,0.00,0.00,0.00,0.00,0.00,-144.05,0.97,0.02,-0.36,-0.84,5.41,1.11,-0.23
01/04/2026,13:20:10,0,0.00,0.00,0.00,0.00,0.00,0.00,0.00,0.00,-144.07,1.05,0.02,-0.36,-0.84,4.92,0.64,-0.47
01/04/2026,13:20:10,0,0.00,0.00,0.00,0.00,0.00,0.00,0.00,0.00,-144.10,1.06,0.02,-0.36,-0.84,5.11,1.33,-0.61
01/04/2026,13:20:10,0,0.00,0.00,0.00,0.00,0.00,0.00,0.00,0.00,-144.03,1.27,0.02,-0.36,-0.84,5.09,1.19,-0.58
01/04/2026,13:20:10,0,0.00,0.00,0.00,0.00,0.00,0.00,0.00,0.00,-143.96,1.32,0.02,-0.36,-0.84,5.34,1.28,-1.45
01/04/2026,13:20:15,0,0.00,0.00,0.00,0.00,0.00,0.00,0.00,0.00,-144.00,1.34,0.02,-0.36,-0.84,4.61,1.47,-0.45
01/04/2026,13:20:15,0,0.00,0.00,0.00,0.00,0.00,0.00,0.00,0.00,-144.07,1.21,0.02,-0.36,-0.84,5.42,0.59,-1.31
01/04/2026,13:20:15,0,0.00,0.00,0.00,0.00,0.00,0.00,0.00,0.00,-143.92,1.13,0.02,-0.36,-0.84,5.66,0.77,-0.66
01/04/2026,13:20:15,0,0.00,0.00,0.00,0.00,0.00,0.00,0.00,0.00,-143.88,1.15,0.02,-0.36,-0.84,5.41,0.92,-0.41
01/04/2026,13:20:15,0,0.00,0.00,0.00,0.00,0.00,0.00,0.00,0.00,-143.91,0.97,0.02,-0.36,-0.84,4.64,1.23,-0.86
01/04/2026,13:20:20,0,0.00,0.00,0.00,0.00,0.00,0.00,0.00,0.00,-143.79,0.96,0.02,-0.36,-0.84,5.39,0.92,-0.34
01/04/2026,13:20:20,0,0.00,0.00,0.00,0.00,0.00,0.00,0.00,0.00,-143.93,0.96,0.02,-0.36,-0.84,5.20,1.41,-0.78
01/04/2026,13:20:20,0,0.00,0.00,0.00,0.00,0.00,0.00,0.00,0.00,-143.95,1.00,0.02,-0.36,-0.84,5.31,1.14,-0.25
01/04/2026,13:20:20,0,0.00,0.00,0.00,0.00,0.00,0.00,0.00,0.00,-143.98,1.12,0.02,-0.37,-0.84,5.91,1.12,-0.33
01/04/2026,13:20:20,0,0.00,0.00,0.00,0.00,0.00,0.00,0.00,0.00,-143.88,1.10,0.02,-0.36,-0.84,5.67,1.11,-0.69
01/04/2026,13:20:25,0,0.00,0.00,0.00,0.00,0.00,0.00,0.00,0.00,-143.82,1.22,0.02,-0.36,-0.84,4.80,1.09,-0.61
01/04/2026,13:20:25,0,0.00,0.00,0.00,0.00,0.00,0.00,0.00,0.00,-143.94,1.25,0.02,-0.36,-0.84,5.16,0.67,-0.39
01/04/2026,13:20:25,0,0.00,0.00,0.00,0.00,0.00,0.00,0.00,0.00,-143.94,1.10,0.02,-0.36,-0.84,5.20,1.03,-0.38
01/04/2026,13:20:25,0,0.00,0.00,0.00,0.00,0.00,0.00,0.00,0.00,-143.92,1.03,0.02,-0.36,-0.84,4.84,1.41,-0.30
01/04/2026,13:20:25,0,0.00,0.00,0.00,0.00,0.00,0.00,0.00,0.00,-144.01,1.08,0.02,-0.36,-0.84,5.28,1.03,-0.97
01/04/2026,13:20:30,0,0.00,0.00,0.00,0.00,0.00,0.00,0.00,0.00,-144.07,1.09,0.02,-0.36,-0.84,5.17,1.33,-0.64
01/04/2026,13:20:30,0,0.00,0.00,0.00,0.00,0.00,0.00,0.00,0.00,-143.92,1.17,0.02,-0.36,-0.84,5.61,0.95,-0.14
01/04/2026,13:20:30,0,0.00,0.00,0.00,0.00,0.00,0.00,0.00,0.00,-143.97,1.31,0.02,-0.36,-0.84,5.16,1.47,-0.33
01/04/2026,13:20:30,0,0.00,0.00,0.00,0.00,0.00,0.00,0.00,0.00,-143.95,1.29,0.02,-0.36,-0.84,5.22,0.89,-1.02
01/04/2026,13:20:30,0,0.00,0.00,0.00,0.00,0.00,0.00,0.00,0.00,-143.98,1.13,0.02,-0.36,-0.84,5.19,0.62,-0.77
01/04/2026,13:20:35,0,0.00,0.00,0.00,0.00,0.00,0.00,0.00,0.00,-143.99,1.24,0.02,-0.36,-0.84,5.14,0.95,-0.16
01/04/2026,13:20:35,0,0.00,0.00,0.00,0.00,0.00,0.00,0.00,0.00,-143.92,1.24,0.02,-0.36,-0.84,5.19,1.25,-0.73
01/04/2026,13:20:35,0,0.00,0.00,0.00,0.00,0.00,0.00,0.00,0.00,-143.90,1.24,0.02,-0.36,-0.84,4.94,0.91,-0.25
01/04/2026,13:20:35,0,0.00,0.00,0.00,0.00,0.00,0.00,0.00,0.00,-143.92,1.20,0.02,-0.36,-0.84,5.78,0.67,-0.48
01/04/2026,13:20:35,0,0.00,0.00,0.00,0.00,0.00,0.00,0.00,0.00,-143.88,1.08,0.02,-0.36,-0.84,5.61,0.56,-0.09
01/04/2026,13:20:40,0,0.00,0.00,0.00,0.00,0.00,0.00,0.00,0.00,-143.80,1.15,0.02,-0.36,-0.84,5.39,1.25,-0.41
01/04/2026,13:20:40,0,0.00,0.00,0.00,0.00,0.00,0.00,0.00,0.00,-143.84,1.19,0.02,-0.36,-0.84,5.52,1.75,-0.62
01/04/2026,13:20:40,0,0.00,0.00,0.00,0.00,0.00,0.00,0.00,0.00,-143.87,1.02,0.02,-0.36,-0.84,5.05,0.58,-0.86
01/04/2026,13:20:40,0,0.00,0.00,0.00,0.00,0.00,0.00,0.00,0.00,-143.91,1.05,0.02,-0.36,-0.84,5.19,1.03,-0.75
01/04/2026,13:20:40,0,0.00,0.00,0.00,0.00,0.00,0.00,0.00,0.00,-143.87,1.12,0.02,-0.36,-0.84,5.12,1.03,-0.59
01/04/2026,13:20:45,0,0.00,0.00,0.00,0.00,0.00,0.00,0.00,0.00,-143.91,1.08,0.02,-0.36,-0.84,5.25,1.72,-0.64
01/04/2026,13:20:45,0,0.00,0.00,0.00,0.00,0.00,0.00,0.00,0.00,-143.82,0.93,0.02,-0.36,-0.84,5.16,0.64,-0.31
01/04/2026,13:20:45,0,0.00,0.00,0.00,0.00,0.00,0.00,0.00,0.00,-144.02,1.00,0.02,-0.36,-0.84,5.27,0.91,-1.34
01/04/2026,13:20:45,0,0.00,0.00,0.00,0.00,0.00,0.00,0.00,0.00,-143.91,1.08,0.02,-0.36,-0.84,5.44,0.80,-0.31
01/04/2026,13:20:45,0,0.00,0.00,0.00,0.00,0.00,0.00,0.00,0.00,-143.98,0.97,0.02,-0.36,-0.84,5.55,0.86,-0.11
01/04/2026,13:20:50,0,0.00,0.00,0.00,0.00,0.00,0.00,0.00,0.00,-143.97,1.08,0.02,-0.36,-0.84,4.70,1.75,-0.62
01/04/2026,13:20:50,0,0.00,0.00,0.00,0.00,0.00,0.00,0.00,0.00,-144.09,0.98,0.02,-0.36,-0.84,5.27,0.64,-0.34
01/04/2026,13:20:50,0,0.00,0.00,0.00,0.00,0.00,0.00,0.00,0.00,-144.05,0.86,0.02,-0.36,-0.84,4.84,0.83,-0.42
01/04/2026,13:20:50,0,0.00,0.00,0.00,0.00,0.00,0.00,0.00,0.00,-143.91,0.91,0.02,-0.36,-0.84,5.17,1.19,-0.72
01/04/2026,13:20:50,0,0.00,0.00,0.00,0.00,0.00,0.00,0.00,0.00,-143.91,1.04,0.02,-0.36,-0.84,5.28,0.75,-1.27
01/04/2026,13:20:55,0,0.00,0.00,0.00,0.00,0.00,0.00,0.00,0.00,-143.95,1.09,0.02,-0.36,-0.84,4.69,1.64,-0.50
01/04/2026,13:20:55,0,0.00,0.00,0.00,0.00,0.00,0.00,0.00,0.00,-143.95,1.04,0.02,-0.36,-0.84,5.02,1.06,-0.72
01/04/2026,13:20:55,0,0.00,0.00,0.00,0.00,0.00,0.00,0.00,0.00,-143.98,1.06,0.02,-0.36,-0.84,5.38,1.05,-0.28
01/04/2026,13:20:55,0,0.00,0.00,0.00,0.00,0.00,0.00,0.00,0.00,-144.04,1.19,0.02,-0.36,-0.84,5.17,1.48,-0.70
01/04/2026,13:20:55,0,0.00,0.00,0.00,0.00,0.00,0.00,0.00,0.00,-143.99,1.10,0.02,-0.36,-0.84,5.28,1.08,-0.48
01/04/2026,13:21:00,0,0.00,0.00,0.00,0.00,0.00,0.00,0.00,0.00,-143.87,1.10,0.02,-0.36,-0.84,4.78,1.02,-0.91
01/04/2026,13:21:00,0,0.00,0.00,0.00,0.00,0.00,0.00,0.00,0.00,-143.95,1.29,0.02,-0.36,-0.84,5.06,1.31,0.02
01/04/2026,13:21:00,0,0.00,0.00,0.00,0.00,0.00,0.00,0.00,0.00,-144.05,1.26,0.02,-0.36,-0.84,5.28,1.20,0.05
01/04/2026,13:21:00,0,0.00,0.00,0.00,0.00,0.00,0.00,0.00,0.00,-144.04,1.18,0.02,-0.36,-0.84,4.67,1.88,-1.06
01/04/2026,13:21:00,0,0.00,0.00,0.00,0.00,0.00,0.00,0.00,0.00,-143.99,1.23,0.02,-0.36,-0.84,4.77,1.39,-0.83
01/04/2026,13:21:05,0,0.00,0.00,0.00,0.00,0.00,0.00,0.00,0.00,-143.95,1.16,0.02,-0.36,-0.84,5.16,0.73,-0.45
01/04/2026,13:21:05,0,0.00,0.00,0.00,0.00,0.00,0.00,0.00,0.00,-143.91,1.30,0.02,-0.36,-0.84,5.34,0.92,-0.09
01/04/2026,13:21:05,0,0.00,0.00,0.00,0.00,0.00,0.00,0.00,0.00,-144.02,1.27,0.02,-0.36,-0.84,5.61,0.94,-0.59
01/04/2026,13:21:05,0,0.00,0.00,0.00,0.00,0.00,0.00,0.00,0.00,-144.05,1.20,0.02,-0.36,-0.84,5.20,1.27,-1.00
01/04/2026,13:21:05,0,0.00,0.00,0.00,0.00,0.00,0.00,0.00,0.00,-144.07,1.24,0.02,-0.36,-0.84,5.70,0.72,-0.16
01/04/2026,13:21:10,0,0.00,0.00,0.00,0.00,0.00,0.00,0.00,0.00,-143.99,1.25,0.02,-0.36,-0.84,5.38,1.33,-0.31
01/04/2026,13:21:10,0,0.00,0.00,0.00,0.00,0.00,0.00,0.00,0.00,-143.94,1.26,0.02,-0.36,-0.84,5.64,0.80,-0.70
01/04/2026,13:21:10,0,0.00,0.00,0.00,0.00,0.00,0.00,0.00,0.00,-143.88,1.08,0.02,-0.36,-0.84,5.16,0.52,-0.72
01/04/2026,13:21:10,0,0.00,0.00,0.00,0.00,0.00,0.00,0.00,0.00,-143.82,1.06,0.02,-0.36,-0.84,5.61,1.27,-0.77
01/04/2026,13:21:10,253,0.00,0.00,0.00,0.00,0.00,0.00,0.00,0.00,-143.91,1.02,0.02,-0.36,-0.84,5.11,0.84,-0.34
01/04/2026,13:21:15,349,0.00,0.00,0.00,0.00,0.00,0.00,0.00,0.00,-143.92,1.00,0.02,-0.36,-0.84,5.75,1.42,-0.47
01/04/2026,13:21:15,294,0.00,0.00,0.00,0.00,0.00,0.00,0.00,0.00,-143.92,1.03,0.02,-0.36,-0.84,4.92,1.39,-0.91
01/04/2026,13:21:15,208,0.00,0.00,0.00,0.00,0.00,0.00,0.00,0.00,-143.73,1.09,0.02,-0.36,-0.85,5.84,1.38,0.03
01/04/2026,13:21:15,95,0.00,0.00,0.00,0.00,0.00,0.00,0.00,0.00,-143.81,1.19,0.02,-0.36,-0.84,5.22,0.80,0.03
01/04/2026,13:21:15,65,0.00,0.00,0.00,0.00,0.00,0.00,0.00,0.00,-143.83,1.25,0.02,-0.36,-0.84,5.12,0.95,-0.72
01/04/2026,13:21:20,11,0.00,0.00,0.00,0.00,0.00,0.00,0.00,0.00,-143.93,1.26,0.02,-0.36,-0.84,5.09,1.11,-0.86
01/04/2026,13:21:20,0,0.00,0.00,0.00,0.00,0.00,0.00,0.00,0.00,-143.98,1.15,0.02,-0.36,-0.84,5.39,0.64,-0.81
01/04/2026,13:21:20,0,0.00,0.00,0.00,0.00,0.00,0.00,0.00,0.00,-143.83,1.17,0.02,-0.36,-0.84,4.92,0.95,-0.56
01/04/2026,13:21:20,0,0.00,0.00,0.00,0.00,0.00,0.00,0.00,0.00,-143.83,1.24,0.02,-0.36,-0.84,5.59,0.48,-0.58
01/04/2026,13:21:20,0,0.00,0.00,0.00,0.00,0.00,0.00,0.00,0.00,-143.91,1.19,0.02,-0.36,-0.84,5.09,0.66,-0.38
01/04/2026,13:21:25,0,0.00,0.00,0.00,0.00,0.00,0.00,0.00,0.00,-143.86,1.20,0.02,-0.36,-0.84,5.70,1.31,-0.25
01/04/2026,13:21:25,0,0.00,0.00,0.00,0.00,0.00,0.00,0.00,0.00,-143.89,1.15,0.02,-0.36,-0.84,5.41,1.20,-0.45
01/04/2026,13:21:25,0,0.00,0.00,0.00,0.00,0.00,0.00,0.00,0.00,-143.97,1.13,0.02,-0.36,-0.84,4.66,1.39,-0.36
01/04/2026,13:21:25,0,0.00,0.00,0.00,0.00,0.00,0.00,0.00,0.00,-143.86,1.22,0.02,-0.36,-0.84,5.78,1.27,-1.11
01/04/2026,13:21:25,0,0.00,0.00,0.00,0.00,0.00,0.00,0.00,0.00,-143.92,1.16,0.02,-0.36,-0.84,5.27,0.98,-1.28
01/04/2026,13:21:30,0,0.00,0.00,0.00,0.00,0.00,0.00,0.00,0.00,-143.96,1.28,0.02,-0.36,-0.84,4.84,0.75,-0.22
01/04/2026,13:21:30,0,0.00,0.00,0.00,0.00,0.00,0.00,0.00,0.00,-143.91,1.24,0.02,-0.36,-0.84,5.00,1.12,-0.05
01/04/2026,13:21:30,0,0.00,0.00,0.00,0.00,0.00,0.00,0.00,0.00,-143.84,1.31,0.02,-0.36,-0.84,5.52,1.38,-0.55
01/04/2026,13:21:30,0,0.00,0.00,0.00,0.00,0.00,0.00,0.00,0.00,-143.80,1.37,0.02,-0.36,-0.84,5.52,1.23,-0.80
01/04/2026,13:21:30,0,0.00,0.00,0.00,0.00,0.00,0.00,0.00,0.00,-143.89,1.30,0.02,-0.36,-0.84,5.05,1.09,-0.50
01/04/2026,13:21:35,0,0.00,0.00,0.00,0.00,0.00,0.00,0.00,0.00,-143.92,1.24,0.02,-0.36,-0.84,5.08,1.38,-0.42
01/04/2026,13:21:35,0,0.00,0.00,0.00,0.00,0.00,0.00,0.00,0.00,-143.91,1.21,0.02,-0.36,-0.84,5.78,1.00,-0.86
01/04/2026,13:21:35,0,0.00,0.00,0.00,0.00,0.00,0.00,0.00,0.00,-143.96,1.21,0.02,-0.36,-0.84,4.73,0.70,-0.20
01/04/2026,13:21:35,0,0.00,0.00,0.00,0.00,0.00,0.00,0.00,0.00,-143.95,1.13,0.02,-0.36,-0.84,5.36,0.59,-0.31
01/04/2026,13:21:35,0,0.00,0.00,0.00,0.00,0.00,0.00,0.00,0.00,-143.93,1.08,0.02,-0.36,-0.84,5.31,1.03,-0.23
01/04/2026,13:21:40,0,0.00,0.00,0.00,0.00,0.00,0.00,0.00,0.00,-144.00,1.02,0.02,-0.36,-0.84,4.89,1.08,-0.44
01/04/2026,13:21:40,0,0.00,0.00,0.00,0.00,0.00,0.00,0.00,0.00,-143.94,0.98,0.02,-0.36,-0.84,5.39,0.84,-0.17
01/04/2026,13:21:40,0,0.00,0.00,0.00,0.00,0.00,0.00,0.00,0.00,-143.96,0.87,0.02,-0.36,-0.84,5.06,0.92,-0.45
01/04/2026,13:21:40,0,0.00,0.00,0.00,0.00,0.00,0.00,0.00,0.00,-143.93,0.91,0.02,-0.36,-0.84,4.78,1.34,0.03
01/04/2026,13:21:40,0,0.00,0.00,0.00,0.00,0.00,0.00,0.00,0.00,-143.96,1.04,0.02,-0.36,-0.84,4.97,1.47,-0.66
01/04/2026,13:21:45,0,0.00,0.00,0.00,0.00,0.00,0.00,0.00,0.00,-143.92,1.04,0.02,-0.36,-0.84,4.98,0.12,-0.64
01/04/2026,13:21:45,0,0.00,0.00,0.00,0.00,0.00,0.00,0.00,0.00,-144.04,1.03,0.02,-0.36,-0.84,5.69,0.78,-0.62
01/04/2026,13:21:45,0,0.00,0.00,0.00,0.00,0.00,0.00,0.00,0.00,-143.93,0.94,0.02,-0.36,-0.84,5.02,0.83,-0.91
01/04/2026,13:21:45,0,0.00,0.00,0.00,0.00,0.00,0.00,0.00,0.00,-143.85,0.99,0.02,-0.36,-0.84,5.42,0.92,-0.59
01/04/2026,13:21:45,0,0.00,0.00,0.00,0.00,0.00,0.00,0.00,0.00,-143.89,1.04,0.02,-0.36,-0.84,4.81,1.36,-0.62
01/04/2026,13:21:50,0,0.00,0.00,0.00,0.00,0.00,0.00,0.00,0.00,-143.94,0.95,0.02,-0.36,-0.84,5.27,1.02,-0.36
01/04/2026,13:21:50,0,0.00,0.00,0.00,0.00,0.00,0.00,0.00,0.00,-144.01,1.11,0.02,-0.36,-0.84,5.11,1.42,-1.06
01/04/2026,13:21:50,0,0.00,0.00,0.00,0.00,0.00,0.00,0.00,0.00,-143.97,1.16,0.02,-0.36,-0.84,5.16,0.84,-0.88
01/04/2026,13:21:50,0,0.00,0.00,0.00,0.00,0.00,0.00,0.00,0.00,-143.99,1.19,0.02,-0.36,-0.84,4.95,0.81,-1.06
01/04/2026,13:21:50,0,0.00,0.00,0.00,0.00,0.00,0.00,0.00,0.00,-143.96,1.15,0.02,-0.36,-0.84,4.97,0.31,-0.11
01/04/2026,13:21:55,0,0.00,0.00,0.00,0.00,0.00,0.00,0.00,0.00,-144.01,1.22,0.02,-0.36,-0.84,5.14,1.50,-0.27
01/04/2026,13:21:55,0,0.00,0.00,0.00,0.00,0.00,0.00,0.00,0.00,-144.02,1.12,0.02,-0.36,-0.84,5.11,0.45,-0.86
01/04/2026,13:21:55,0,0.00,0.00,0.00,0.00,0.00,0.00,0.00,0.00,-143.99,1.02,0.02,-0.36,-0.84,4.95,0.58,-0.39
01/04/2026,13:21:55,0,0.00,0.00,0.00,0.00,0.00,0.00,0.00,0.00,-143.93,1.05,0.02,-0.36,-0.84,5.05,1.06,-0.25
01/04/2026,13:21:55,0,0.00,0.00,0.00,0.00,0.00,0.00,0.00,0.00,-144.03,1.13,0.02,-0.36,-0.84,5.19,1.25,-0.33
01/04/2026,13:22:00,0,0.00,0.00,0.00,0.00,0.00,0.00,0.00,0.00,-144.07,1.23,0.02,-0.36,-0.84,5.48,0.89,-0.84
01/04/2026,13:22:00,0,0.00,0.00,0.00,0.00,0.00,0.00,0.00,0.00,-143.96,1.23,0.02,-0.36,-0.84,5.08,1.05,-0.42
01/04/2026,13:22:00,0,0.00,0.00,0.00,0.00,0.00,0.00,0.00,0.00,-144.00,1.20,0.02,-0.36,-0.84,4.59,1.05,-0.33
01/04/2026,13:22:00,0,0.00,0.00,0.00,0.00,0.00,0.00,0.00,0.00,-144.06,1.26,0.02,-0.36,-0.84,4.78,1.20,-0.11
01/04/2026,13:22:00,30,0.00,0.00,0.00,0.00,0.00,0.00,0.00,0.00,-144.01,1.21,0.02,-0.36,-0.84,5.55,0.62,-1.05
01/04/2026,13:22:05,115,0.00,0.00,0.00,0.00,0.00,0.00,0.00,0.00,-143.93,1.23,0.02,-0.36,-0.84,5.75,0.80,-0.56
01/04/2026,13:22:05,191,0.00,0.00,0.00,0.00,0.00,0.00,0.00,0.00,-144.01,1.18,0.02,-0.36,-0.84,5.05,0.77,-0.22
01/04/2026,13:22:05,259,0.00,0.00,0.00,0.00,0.00,0.00,0.00,0.00,-143.93,1.09,0.02,-0.36,-0.84,5.06,1.31,-0.16
01/04/2026,13:22:05,267,0.00,0.00,0.00,0.00,0.00,0.00,0.00,0.00,-143.93,1.05,0.02,-0.36,-0.84,5.67,0.02,0.02
01/04/2026,13:22:05,310,0.00,0.00,0.00,0.00,0.00,0.00,0.00,0.00,-143.96,0.91,0.02,-0.36,-0.84,5.00,0.84,-0.64
01/04/2026,13:22:10,307,0.00,0.00,0.00,0.00,0.00,0.00,0.00,0.00,-144.00,0.89,0.02,-0.36,-0.84,5.44,0.95,-0.50
01/04/2026,13:22:10,336,0.00,0.00,0.00,0.00,0.00,0.00,0.00,0.00,-143.99,1.00,0.02,-0.36,-0.84,5.58,1.08,-0.78
01/04/2026,13:22:10,346,0.00,0.00,0.00,0.00,0.00,0.00,0.00,0.00,-143.98,1.12,0.02,-0.36,-0.84,5.41,0.95,-0.27
01/04/2026,13:22:10,353,0.00,0.00,0.00,0.00,0.00,0.00,0.00,0.00,-143.95,1.06,0.02,-0.36,-0.84,5.41,0.62,-0.39
01/04/2026,13:22:10,339,0.00,0.00,0.00,0.00,0.00,0.00,0.00,0.00,-143.96,1.22,0.02,-0.36,-0.84,5.27,0.75,-0.44
01/04/2026,13:22:15,332,0.00,0.00,0.00,0.00,0.00,0.00,0.00,0.00,-143.89,1.22,0.02,-0.36,-0.84,5.39,1.41,-0.62
01/04/2026,13:22:15,333,0.00,0.00,0.00,0.00,0.00,0.00,0.00,0.00,-143.91,1.28,0.02,-0.36,-0.84,5.83,1.08,-1.33
01/04/2026,13:22:15,320,0.00,0.00,0.00,0.00,0.00,0.00,0.00,0.00,-143.78,1.30,0.02,-0.36,-0.84,5.09,0.89,-0.44
01/04/2026,13:22:15,297,0.00,0.00,0.00,0.00,0.00,0.00,0.00,0.00,-143.74,1.15,0.02,-0.36,-0.84,5.78,0.55,-0.42
01/04/2026,13:22:15,267,0.00,0.00,0.00,0.00,0.00,0.00,0.00,0.00,-143.71,1.16,0.02,-0.36,-0.84,5.08,0.70,-0.78
01/04/2026,13:22:20,167,0.00,0.00,0.00,0.00,0.00,0.00,0.00,0.00,-143.86,1.17,0.02,-0.36,-0.84,4.98,1.06,-1.05
01/04/2026,13:22:20,122,0.00,0.00,0.00,0.00,0.00,0.00,0.00,0.00,-143.82,1.20,0.02,-0.36,-0.84,5.39,0.91,-0.27
01/04/2026,13:22:20,0,0.00,0.00,0.00,0.00,0.00,0.00,0.00,0.00,-143.86,1.11,0.02,-0.36,-0.84,5.30,1.09,-1.42
01/04/2026,13:22:20,0,0.00,0.00,0.00,0.00,0.00,0.00,0.00,0.00,-143.89,1.16,0.02,-0.36,-0.84,5.50,1.06,-0.39
01/04/2026,13:22:20,0,0.00,0.00,0.00,0.00,0.00,0.00,0.00,0.00,-143.97,1.26,0.02,-0.36,-0.84,4.91,0.78,-0.41
01/04/2026,13:22:25,0,0.00,0.00,0.00,0.00,0.00,0.00,0.00,0.00,-143.98,1.31,0.02,-0.36,-0.84,5.59,1.28,-0.53
01/04/2026,13:22:25,0,0.00,0.00,0.00,0.00,0.00,0.00,0.00,0.00,-144.00,1.25,0.02,-0.36,-0.84,4.86,0.77,-0.73
01/04/2026,13:22:25,0,0.00,0.00,0.00,0.00,0.00,0.00,0.00,0.00,-144.06,1.19,0.02,-0.36,-0.84,5.44,1.02,-0.31
01/04/2026,13:22:25,0,0.00,0.00,0.00,0.00,0.00,0.00,0.00,0.00,-144.02,1.11,0.02,-0.36,-0.84,5.50,0.23,-0.84
01/04/2026,13:22:25,0,0.00,0.00,0.00,0.00,0.00,0.00,0.00,0.00,-143.92,1.20,0.02,-0.36,-0.84,5.80,0.75,-0.44
01/04/2026,13:22:30,0,0.00,0.00,0.00,0.00,0.00,0.00,0.00,0.00,-144.03,1.09,0.02,-0.36,-0.84,4.94,0.81,-0.06
01/04/2026,13:22:30,0,0.00,0.00,0.00,0.00,0.00,0.00,0.00,0.00,-143.94,1.25,0.02,-0.36,-0.85,5.38,0.95,-0.81
01/04/2026,13:22:30,0,0.00,0.00,0.00,0.00,0.00,0.00,0.00,0.00,-143.90,1.20,0.02,-0.36,-0.84,5.02,0.78,-0.30
01/04/2026,13:22:30,0,0.00,0.00,0.00,0.00,0.00,0.00,0.00,0.00,-143.87,1.16,0.02,-0.36,-0.84,5.36,1.45,-0.58
01/04/2026,13:22:30,0,0.00,0.00,0.00,0.00,0.00,0.00,0.00,0.00,-143.92,1.19,0.02,-0.36,-0.84,5.09,1.28,-0.45
01/04/2026,13:22:35,0,0.00,0.00,0.00,0.00,0.00,0.00,0.00,0.00,-143.88,1.13,0.02,-0.36,-0.84,5.16,1.03,-0.53
01/04/2026,13:22:35,0,0.00,0.00,0.00,0.00,0.00,0.00,0.00,0.00,-143.88,1.27,0.02,-0.36,-0.84,5.30,0.78,0.02
01/04/2026,13:22:35,0,0.00,0.00,0.00,0.00,0.00,0.00,0.00,0.00,-143.98,1.35,0.02,-0.36,-0.84,5.20,0.94,-0.06
01/04/2026,13:22:35,0,0.00,0.00,0.00,0.00,0.00,0.00,0.00,0.00,-144.00,1.31,0.02,-0.36,-0.84,4.64,0.48,-0.52
01/04/2026,13:22:35,0,0.00,0.00,0.00,0.00,0.00,0.00,0.00,0.00,-143.95,1.18,0.02,-0.36,-0.84,5.47,1.06,-0.12
01/04/2026,13:22:40,0,0.00,0.00,0.00,0.00,0.00,0.00,0.00,0.00,-143.96,1.09,0.02,-0.36,-0.85,4.95,1.39,-0.41
01/04/2026,13:22:40,0,0.00,0.00,0.00,0.00,0.00,0.00,0.00,0.00,-143.82,0.98,0.02,-0.36,-0.84,5.67,0.94,-0.61
01/04/2026,13:22:40,0,0.00,0.00,0.00,0.00,0.00,0.00,0.00,0.00,-143.86,0.94,0.02,-0.36,-0.84,4.89,1.09,-0.52
01/04/2026,13:22:40,0,0.00,0.00,0.00,0.00,0.00,0.00,0.00,0.00,-143.79,1.01,0.02,-0.36,-0.84,5.19,0.92,-0.83
01/04/2026,13:22:40,0,0.00,0.00,0.00,0.00,0.00,0.00,0.00,0.00,-143.88,1.00,0.02,-0.36,-0.84,5.27,0.89,-0.91
01/04/2026,13:22:45,0,0.00,0.00,0.00,0.00,0.00,0.00,0.00,0.00,-143.95,1.10,0.03,-0.36,-0.84,5.11,1.20,-0.11
01/04/2026,13:22:45,0,0.00,0.00,0.00,0.00,0.00,0.00,0.00,0.00,-143.97,1.03,0.02,-0.36,-0.85,5.03,0.88,-0.81
01/04/2026,13:22:45,0,0.00,0.00,0.00,0.00,0.00,0.00,0.00,0.00,-143.89,1.25,0.02,-0.36,-0.84,4.86,1.44,-0.59
01/04/2026,13:22:45,0,0.00,0.00,0.00,0.00,0.00,0.00,0.00,0.00,-143.96,1.31,0.02,-0.36,-0.84,4.86,0.97,-0.73
01/04/2026,13:22:45,0,0.00,0.00,0.00,0.00,0.00,0.00,0.00,0.00,-144.01,1.22,0.02,-0.36,-0.84,5.12,1.28,-0.34
01/04/2026,13:22:50,0,0.00,0.00,0.00,0.00,0.00,0.00,0.00,0.00,-144.06,1.26,0.02,-0.36,-0.84,5.20,0.50,-0.73
01/04/2026,13:22:50,0,0.00,0.00,0.00,0.00,0.00,0.00,0.00,0.00,-143.93,1.13,0.02,-0.36,-0.84,5.64,1.05,-0.11
01/04/2026,13:22:50,0,0.00,0.00,0.00,0.00,0.00,0.00,0.00,0.00,-143.91,1.07,0.02,-0.36,-0.84,5.39,1.03,-0.42
01/04/2026,13:22:50,0,0.00,0.00,0.00,0.00,0.00,0.00,0.00,0.00,-143.99,1.17,0.02,-0.36,-0.84,5.30,1.03,-0.59
01/04/2026,13:22:50,0,0.00,0.00,0.00,0.00,0.00,0.00,0.00,0.00,-143.94,1.10,0.02,-0.36,-0.84,5.84,0.98,-0.69
01/04/2026,13:22:55,0,0.00,0.00,0.00,0.00,0.00,0.00,0.00,0.00,-143.96,1.01,0.02,-0.36,-0.84,5.61,0.86,-0.17
01/04/2026,13:22:55,0,0.00,0.00,0.00,0.00,0.00,0.00,0.00,0.00,-143.96,1.19,0.02,-0.36,-0.84,5.47,1.30,-0.55
01/04/2026,13:22:55,0,0.00,0.00,0.00,0.00,0.00,0.00,0.00,0.00,-143.99,1.27,0.02,-0.36,-0.84,5.02,1.23,-0.45
01/04/2026,13:22:55,0,0.00,0.00,0.00,0.00,0.00,0.00,0.00,0.00,-144.04,1.26,0.02,-0.36,-0.84,5.03,1.05,-0.25
01/04/2026,13:22:55,0,0.00,0.00,0.00,0.00,0.00,0.00,0.00,0.00,-144.01,1.07,0.02,-0.36,-0.84,5.03,0.69,-0.52
01/04/2026,13:23:00,0,0.00,0.00,0.00,0.00,0.00,0.00,0.00,0.00,-143.98,1.18,0.02,-0.36,-0.84,5.53,0.75,-0.61
01/04/2026,13:23:00,0,0.00,0.00,0.00,0.00,0.00,0.00,0.00,0.00,-143.90,1.13,0.02,-0.36,-0.84,5.08,0.84,-0.39
01/04/2026,13:23:00,0,0.00,0.00,0.00,0.00,0.00,0.00,0.00,0.00,-143.91,1.20,0.03,-0.36,-0.84,5.50,1.11,-0.98
01/04/2026,13:23:00,0,0.00,0.00,0.00,0.00,0.00,0.00,0.00,0.00,-143.97,1.20,0.02,-0.36,-0.84,5.33,1.11,-0.83
01/04/2026,13:23:00,0,0.00,0.00,0.00,0.00,0.00,0.00,0.00,0.00,-143.93,1.15,0.02,-0.36,-0.84,5.64,0.83,-0.39
01/04/2026,13:23:05,0,0.00,0.00,0.00,0.00,0.00,0.00,0.00,0.00,-143.84,1.10,0.02,-0.36,-0.84,5.27,1.47,-0.81
01/04/2026,13:23:05,0,0.00,0.00,0.00,0.00,0.00,0.00,0.00,0.00,-143.92,1.03,0.02,-0.36,-0.84,4.73,0.89,0.02
01/04/2026,13:23:05,0,0.00,0.00,0.00,0.00,0.00,0.00,0.00,0.00,-143.92,1.15,0.02,-0.36,-0.84,5.17,1.36,-0.17
01/04/2026,13:23:05,0,0.00,0.00,0.00,0.00,0.00,0.00,0.00,0.00,-143.93,1.24,0.02,-0.36,-0.84,4.78,0.80,-0.59
01/04/2026,13:23:05,0,0.00,0.00,0.00,0.00,0.00,0.00,0.00,0.00,-143.89,1.15,0.02,-0.36,-0.84,5.30,1.14,-0.45
01/04/2026,13:23:10,0,0.00,0.00,0.00,0.00,0.00,0.00,0.00,0.00,-143.94,1.06,0.02,-0.36,-0.84,5.27,1.19,-0.70
01/04/2026,13:23:10,0,0.00,0.00,0.00,0.00,0.00,0.00,0.00,0.00,-143.87,1.15,0.02,-0.36,-0.84,5.45,1.02,-0.78
01/04/2026,13:23:10,0,0.00,0.00,0.00,0.00,0.00,0.00,0.00,0.00,-143.95,1.12,0.02,-0.36,-0.84,5.16,1.03,-1.02
01/04/2026,13:23:10,0,0.00,0.00,0.00,0.00,0.00,0.00,0.00,0.00,-143.94,1.13,0.02,-0.36,-0.84,5.06,1.03,-0.50
01/04/2026,13:23:10,0,0.00,0.00,0.00,0.00,0.00,0.00,0.00,0.00,-143.97,1.25,0.02,-0.36,-0.84,4.98,1.36,-0.73
01/04/2026,13:23:15,0,0.00,0.00,0.00,0.00,0.00,0.00,0.00,0.00,-143.94,1.32,0.02,-0.36,-0.84,5.58,1.30,-0.47
01/04/2026,13:23:15,0,0.00,0.00,0.00,0.00,0.00,0.00,0.00,0.00,-143.89,1.22,0.02,-0.36,-0.84,5.25,1.03,-0.30
01/04/2026,13:23:15,0,0.00,0.00,0.00,0.00,0.00,0.00,0.00,0.00,-143.89,1.28,0.02,-0.36,-0.84,5.45,2.05,-0.81
01/04/2026,13:23:15,0,0.00,0.00,0.00,0.00,0.00,0.00,0.00,0.00,-143.92,1.35,0.02,-0.36,-0.84,4.83,1.52,-0.88
01/04/2026,13:23:15,0,0.00,0.00,0.00,0.00,0.00,0.00,0.00,0.00,-143.93,1.25,0.02,-0.36,-0.84,5.38,0.88,-0.81
01/04/2026,13:23:20,0,0.00,0.00,0.00,0.00,0.00,0.00,0.00,0.00,-143.88,1.20,0.02,-0.36,-0.84,5.06,0.89,-0.47
01/04/2026,13:23:20,0,0.00,0.00,0.00,0.00,0.00,0.00,0.00,0.00,-144.02,1.14,0.02,-0.36,-0.84,4.84,1.00,-0.92
01/04/2026,13:23:20,0,0.00,0.00,0.00,0.00,0.00,0.00,0.00,0.00,-144.07,1.13,0.02,-0.36,-0.84,5.53,0.70,-0.81
01/04/2026,13:23:20,0,0.00,0.00,0.00,0.00,0.00,0.00,0.00,0.00,-144.07,1.23,0.02,-0.36,-0.84,5.06,0.83,-0.05
01/04/2026,13:23:20,0,0.00,0.00,0.00,0.00,0.00,0.00,0.00,0.00,-143.93,1.31,0.02,-0.36,-0.84,5.33,1.09,-0.91
01/04/2026,13:23:25,0,0.00,0.00,0.00,0.00,0.00,0.00,0.00,0.00,-143.97,1.26,0.02,-0.36,-0.84,5.14,1.36,-0.09
01/04/2026,13:23:25,0,0.00,0.00,0.00,0.00,0.00,0.00,0.00,0.00,-143.91,1.31,0.02,-0.36,-0.84,5.89,0.73,-0.80
01/04/2026,13:23:25,0,0.00,0.00,0.00,0.00,0.00,0.00,0.00,0.00,-143.75,1.24,0.02,-0.36,-0.84,5.48,1.55,-0.73
01/04/2026,13:23:25,0,0.00,0.00,0.00,0.00,0.00,0.00,0.00,0.00,-143.74,1.20,0.02,-0.36,-0.84,5.05,0.98,-0.44
01/04/2026,13:23:25,0,0.00,0.00,0.00,0.00,0.00,0.00,0.00,0.00,-143.69,1.22,0.02,-0.36,-0.84,4.64,1.17,-0.38
01/04/2026,13:23:30,0,0.00,0.00,0.00,0.00,0.00,0.00,0.00,0.00,-143.83,1.11,0.02,-0.36,-0.84,4.83,1.14,-1.00
01/04/2026,13:23:30,0,0.00,0.00,0.00,0.00,0.00,0.00,0.00,0.00,-143.94,1.06,0.02,-0.36,-0.84,5.11,0.61,-0.59
01/04/2026,13:23:30,0,0.00,0.00,0.00,0.00,0.00,0.00,0.00,0.00,-143.81,1.04,0.02,-0.36,-0.84,4.91,1.83,-1.12
01/04/2026,13:23:30,0,0.00,0.00,0.00,0.00,0.00,0.00,0.00,0.00,-143.95,1.07,0.02,-0.36,-0.84,4.78,1.33,-0.06
01/04/2026,13:23:30,0,0.00,0.00,0.00,0.00,0.00,0.00,0.00,0.00,-144.00,1.16,0.02,-0.36,-0.84,5.28,0.45,-0.45
01/04/2026,13:23:35,0,0.00,0.00,0.00,0.00,0.00,0.00,0.00,0.00,-143.94,1.08,0.02,-0.36,-0.84,5.97,1.02,-0.47
01/04/2026,13:23:35,0,0.00,0.00,0.00,0.00,0.00,0.00,0.00,0.00,-143.92,1.08,0.02,-0.36,-0.84,5.00,0.97,-0.77
01/04/2026,13:23:35,0,0.00,0.00,0.00,0.00,0.00,0.00,0.00,0.00,-143.90,1.16,0.02,-0.36,-0.84,4.97,0.92,-0.19
01/04/2026,13:23:35,0,0.00,0.00,0.00,0.00,0.00,0.00,0.00,0.00,-143.97,1.22,0.02,-0.36,-0.84,5.19,0.77,-0.09
01/04/2026,13:23:35,0,0.00,0.00,0.00,0.00,0.00,0.00,0.00,0.00,-144.00,1.23,0.02,-0.36,-0.84,4.81,0.81,-0.47
01/04/2026,13:23:40,0,0.00,0.00,0.00,0.00,0.00,0.00,0.00,0.00,-143.93,1.18,0.02,-0.36,-0.84,6.02,1.00,-0.77
01/04/2026,13:23:40,0,0.00,0.00,0.00,0.00,0.00,0.00,0.00,0.00,-144.02,1.32,0.02,-0.36,-0.84,5.30,1.06,-0.55
01/04/2026,13:23:40,0,0.00,0.00,0.00,0.00,0.00,0.00,0.00,0.00,-143.99,1.40,0.02,-0.36,-0.84,5.08,1.08,-0.66
01/04/2026,13:23:40,0,0.00,0.00,0.00,0.00,0.00,0.00,0.00,0.00,-143.94,1.26,0.02,-0.36,-0.84,4.86,1.06,-0.50
01/04/2026,13:23:40,0,0.00,0.00,0.00,0.00,0.00,0.00,0.00,0.00,-143.98,1.33,0.02,-0.36,-0.84,5.42,1.30,-0.59
01/04/2026,13:23:45,0,0.00,0.00,0.00,0.00,0.00,0.00,0.00,0.00,-143.98,1.27,0.02,-0.36,-0.84,5.95,1.30,-0.52
01/04/2026,13:23:45,0,0.00,0.00,0.00,0.00,0.00,0.00,0.00,0.00,-143.92,1.23,0.02,-0.36,-0.84,5.41,1.20,-1.11
01/04/2026,13:23:45,0,0.00,0.00,0.00,0.00,0.00,0.00,0.00,0.00,-143.87,1.19,0.02,-0.36,-0.84,5.36,1.09,-0.69
01/04/2026,13:23:45,0,0.00,0.00,0.00,0.00,0.00,0.00,0.00,0.00,-143.95,1.11,0.02,-0.36,-0.84,4.97,0.45,0.12
01/04/2026,13:23:45,0,0.00,0.00,0.00,0.00,0.00,0.00,0.00,0.00,-144.05,1.08,0.02,-0.36,-0.84,4.88,0.92,-0.22
01/04/2026,13:23:50,37,0.00,0.00,0.00,0.00,0.00,0.00,0.00,0.00,-143.87,0.96,0.02,-0.36,-0.84,5.50,0.75,-0.16
01/04/2026,13:23:50,140,0.00,0.00,0.00,0.00,0.00,0.00,0.00,0.00,-143.95,1.18,0.02,-0.36,-0.84,5.39,0.92,-0.39
01/04/2026,13:23:50,197,0.00,0.00,0.00,0.00,0.00,0.00,0.00,0.00,-143.99,1.13,0.02,-0.36,-0.84,5.48,1.06,-0.62
01/04/2026,13:23:50,278,0.00,0.00,0.00,0.00,0.00,0.00,0.00,0.00,-144.02,1.11,0.02,-0.36,-0.84,4.92,1.20,-0.58
01/04/2026,13:23:50,301,0.00,0.00,0.00,0.00,0.00,0.00,0.00,0.00,-144.10,1.13,0.02,-0.36,-0.84,5.00,1.36,-0.17
01/04/2026,13:23:55,317,0.00,0.00,0.00,0.00,0.00,0.00,0.00,0.00,-144.04,1.04,0.02,-0.36,-0.84,4.58,1.00,-0.56
01/04/2026,13:23:55,351,0.00,0.00,0.00,0.00,0.00,0.00,0.00,0.00,-144.08,1.13,0.02,-0.36,-0.84,5.48,1.31,-0.17
01/04/2026,13:23:55,389,0.00,0.00,0.00,0.00,0.00,0.00,0.00,0.00,-143.99,1.03,0.02,-0.36,-0.84,5.55,1.23,-0.59
01/04/2026,13:23:55,361,0.00,0.00,0.00,0.00,0.00,0.00,0.00,0.00,-143.96,1.10,0.02,-0.36,-0.84,5.47,0.67,-0.16
01/04/2026,13:23:55,337,0.00,0.00,0.00,0.00,0.00,0.00,0.00,0.00,-144.00,1.03,0.02,-0.36,-0.84,5.11,0.92,-0.39
01/04/2026,13:24:00,351,0.00,0.00,0.00,0.00,0.00,0.00,0.00,0.00,-144.04,1.10,0.02,-0.36,-0.84,5.25,1.20,-0.02
01/04/2026,13:24:00,357,0.00,0.00,0.00,0.00,0.00,0.00,0.00,0.00,-143.94,1.24,0.02,-0.36,-0.84,6.14,0.70,-0.64
01/04/2026,13:24:00,384,0.00,0.00,0.00,0.00,0.00,0.00,0.00,0.00,-143.89,1.28,0.02,-0.36,-0.84,5.52,1.52,-0.38
01/04/2026,13:24:00,331,0.00,0.00,0.00,0.00,0.00,0.00,0.00,0.00,-143.89,1.14,0.02,-0.36,-0.84,5.22,0.98,-0.86
01/04/2026,13:24:00,319,0.00,0.00,0.00,0.00,0.00,0.00,0.00,0.00,-144.02,1.18,0.02,-0.36,-0.84,4.92,0.31,-0.08
01/04/2026,13:24:05,311,0.00,0.00,0.00,0.00,0.00,0.00,0.00,0.00,-143.94,1.16,0.02,-0.36,-0.84,5.09,1.41,-0.44
01/04/2026,13:24:05,291,0.00,0.00,0.00,0.00,0.00,0.00,0.00,0.00,-143.90,1.14,0.02,-0.36,-0.84,5.25,1.25,-0.42
01/04/2026,13:24:05,310,0.00,0.00,0.00,0.00,0.00,0.00,0.00,0.00,-143.98,1.16,0.02,-0.36,-0.84,5.03,1.39,0.20
01/04/2026,13:24:05,278,0.00,0.00,0.00,0.00,0.00,0.00,0.00,0.00,-143.84,1.12,0.02,-0.36,-0.84,5.50,0.47,0.06
01/04/2026,13:24:05,237,0.00,0.00,0.00,0.00,0.00,0.00,0.00,0.00,-143.82,1.14,0.02,-0.36,-0.84,5.41,1.31,-0.22
01/04/2026,13:24:10,218,0.00,0.00,0.00,0.00,0.00,0.00,0.00,0.00,-143.90,1.03,0.02,-0.36,-0.84,5.27,0.88,-1.17
01/04/2026,13:24:10,213,0.00,0.00,0.00,0.00,0.00,0.00,0.00,0.00,-143.90,1.10,0.02,-0.36,-0.84,5.33,1.30,-1.14
01/04/2026,13:24:10,225,0.00,0.00,0.00,0.00,0.00,0.00,0.00,0.00,-143.95,1.01,0.02,-0.36,-0.84,5.61,0.94,-0.70
01/04/2026,13:24:10,248,0.00,0.00,0.00,0.00,0.00,0.00,0.00,0.00,-143.84,1.06,0.02,-0.36,-0.84,5.23,1.41,-0.28
01/04/2026,13:24:10,275,0.00,0.00,0.00,0.00,0.00,0.00,0.00,0.00,-143.90,1.12,0.02,-0.36,-0.84,5.34,0.95,-0.20
01/04/2026,13:24:15,320,0.00,0.00,0.00,0.00,0.00,0.00,0.00,0.00,-143.98,1.10,0.02,-0.36,-0.84,4.67,0.95,-0.72
01/04/2026,13:24:15,303,0.00,0.00,0.00,0.00,0.00,0.00,0.00,0.00,-143.84,1.16,0.02,-0.36,-0.84,5.53,1.00,-0.81
01/04/2026,13:24:15,309,0.00,0.00,0.00,0.00,0.00,0.00,0.00,0.00,-143.91,1.20,0.02,-0.36,-0.84,5.12,0.91,-0.66
01/04/2026,13:24:15,322,0.00,0.00,0.00,0.00,0.00,0.00,0.00,0.00,-143.93,1.07,0.02,-0.36,-0.84,5.14,0.88,-0.41
01/04/2026,13:24:15,347,0.00,0.00,0.00,0.00,0.00,0.00,0.00,0.00,-143.98,1.14,0.03,-0.36,-0.84,5.33,0.88,-0.80
01/04/2026,13:24:20,355,0.00,0.00,0.00,0.00,0.00,0.00,0.00,0.00,-144.08,1.11,0.02,-0.36,-0.84,4.86,1.23,-1.09
01/04/2026,13:24:20,320,0.00,0.00,0.00,0.00,0.00,0.00,0.00,0.00,-143.95,1.15,0.02,-0.36,-0.84,5.19,0.61,-0.89
01/04/2026,13:24:20,281,0.00,0.00,0.00,0.00,0.00,0.00,0.00,0.00,-143.92,1.13,0.02,-0.36,-0.84,5.48,1.27,-0.56
01/04/2026,13:24:20,246,0.00,0.00,0.00,0.00,0.00,0.00,0.00,0.00,-143.92,1.25,0.02,-0.36,-0.84,5.08,1.25,-0.08
01/04/2026,13:24:20,153,0.00,0.00,0.00,0.00,0.00,0.00,0.00,0.00,-143.98,1.19,0.02,-0.36,-0.84,5.28,0.80,-0.44
01/04/2026,13:24:25,80,0.00,0.00,0.00,0.00,0.00,0.00,0.00,0.00,-144.07,1.22,0.02,-0.36,-0.84,5.06,0.83,-0.31
01/04/2026,13:24:25,0,0.00,0.00,0.00,0.00,0.00,0.00,0.00,0.00,-144.01,1.17,0.02,-0.36,-0.84,5.36,1.06,-0.88
01/04/2026,13:24:25,0,0.00,0.00,0.00,0.00,0.00,0.00,0.00,0.00,-144.06,1.19,0.02,-0.36,-0.84,5.50,0.64,-0.33
01/04/2026,13:24:25,0,0.00,0.00,0.00,0.00,0.00,0.00,0.00,0.00,-144.08,1.17,0.02,-0.36,-0.84,4.97,0.50,-0.39
01/04/2026,13:24:25,0,0.00,0.00,0.00,0.00,0.00,0.00,0.00,0.00,-144.14,1.29,0.02,-0.36,-0.84,5.27,1.06,-0.47
01/04/2026,13:24:30,0,0.00,0.00,0.00,0.00,0.00,0.00,0.00,0.00,-144.01,1.30,0.02,-0.36,-0.84,5.12,1.53,-0.41
01/04/2026,13:24:30,0,0.00,0.00,0.00,0.00,0.00,0.00,0.00,0.00,-144.05,1.36,0.02,-0.36,-0.84,5.42,1.19,-1.12
01/04/2026,13:24:30,0,0.00,0.00,0.00,0.00,0.00,0.00,0.00,0.00,-143.98,1.27,0.02,-0.36,-0.84,5.20,1.47,-0.42
01/04/2026,13:24:30,0,0.00,0.00,0.00,0.00,0.00,0.00,0.00,0.00,-143.97,1.25,0.02,-0.36,-0.84,5.25,0.89,-0.62
01/04/2026,13:24:30,0,0.00,0.00,0.00,0.00,0.00,0.00,0.00,0.00,-143.93,1.37,0.02,-0.36,-0.84,5.06,1.44,-0.33
01/04/2026,13:24:35,0,0.00,0.00,0.00,0.00,0.00,0.00,0.00,0.00,-143.93,1.32,0.02,-0.36,-0.84,5.16,1.02,-0.81
01/04/2026,13:24:35,0,0.00,0.00,0.00,0.00,0.00,0.00,0.00,0.00,-143.96,1.20,0.02,-0.36,-0.84,4.77,0.38,-1.00
01/04/2026,13:24:35,0,0.00,0.00,0.00,0.00,0.00,0.00,0.00,0.00,-143.95,1.06,0.02,-0.36,-0.84,5.17,0.77,-1.23
01/04/2026,13:24:35,0,0.00,0.00,0.00,0.00,0.00,0.00,0.00,0.00,-144.02,1.17,0.02,-0.36,-0.84,5.20,0.70,-0.67
01/04/2026,13:24:35,0,0.00,0.00,0.00,0.00,0.00,0.00,0.00,0.00,-143.94,1.34,0.02,-0.36,-0.84,5.14,1.02,-0.47
01/04/2026,13:24:40,0,0.00,0.00,0.00,0.00,0.00,0.00,0.00,0.00,-143.91,1.36,0.02,-0.36,-0.84,4.23,1.36,-0.58
01/04/2026,13:24:40,0,0.00,0.00,0.00,0.00,0.00,0.00,0.00,0.00,-143.94,1.26,0.02,-0.36,-0.84,5.30,1.42,-1.00
01/04/2026,13:24:40,0,0.00,0.00,0.00,0.00,0.00,0.00,0.00,0.00,-143.99,1.31,0.02,-0.36,-0.84,5.33,0.97,-0.75
01/04/2026,13:24:40,0,0.00,0.00,0.00,0.00,0.00,0.00,0.00,0.00,-143.87,1.20,0.02,-0.36,-0.84,5.47,0.48,-0.58
01/04/2026,13:24:40,0,0.00,0.00,0.00,0.00,0.00,0.00,0.00,0.00,-143.95,1.19,0.02,-0.36,-0.84,5.55,1.22,-0.59
01/04/2026,13:24:45,0,0.00,0.00,0.00,0.00,0.00,0.00,0.00,0.00,-143.99,1.08,0.02,-0.36,-0.84,5.17,0.86,-1.09
01/04/2026,13:24:45,0,0.00,0.00,0.00,0.00,0.00,0.00,0.00,0.00,-143.92,1.03,0.02,-0.36,-0.84,4.95,0.61,-0.09
01/04/2026,13:24:45,0,0.00,0.00,0.00,0.00,0.00,0.00,0.00,0.00,-144.00,1.01,0.02,-0.36,-0.84,5.16,0.67,-0.55
01/04/2026,13:24:45,0,0.00,0.00,0.00,0.00,0.00,0.00,0.00,0.00,-144.02,0.89,0.02,-0.36,-0.84,5.14,0.69,-0.50
01/04/2026,13:24:45,0,0.00,0.00,0.00,0.00,0.00,0.00,0.00,0.00,-144.16,0.97,0.02,-0.36,-0.84,5.02,1.16,-0.09
01/04/2026,13:24:50,0,0.00,0.00,0.00,0.00,0.00,0.00,0.00,0.00,-144.11,1.07,0.02,-0.36,-0.84,5.03,1.27,-0.84
01/04/2026,13:24:50,0,0.00,0.00,0.00,0.00,0.00,0.00,0.00,0.00,-144.09,1.06,0.02,-0.36,-0.84,4.77,1.28,-0.09
01/04/2026,13:24:50,0,0.00,0.00,0.00,0.00,0.00,0.00,0.00,0.00,-144.08,1.02,0.02,-0.36,-0.84,5.11,0.75,-1.09
01/04/2026,13:24:50,0,0.00,0.00,0.00,0.00,0.00,0.00,0.00,0.00,-144.08,1.08,0.02,-0.36,-0.84,5.09,0.97,-1.02
01/04/2026,13:24:50,0,0.00,0.00,0.00,0.00,0.00,0.00,0.00,0.00,-144.12,1.04,0.02,-0.36,-0.84,5.42,-0.12,-1.02
01/04/2026,13:24:55,17,0.00,0.00,0.00,0.00,0.00,0.00,0.00,0.00,-144.14,1.12,0.02,-0.36,-0.84,5.17,1.28,-1.00
01/04/2026,13:24:55,78,0.00,0.00,0.00,0.00,0.00,0.00,0.00,0.00,-144.10,1.15,0.02,-0.37,-0.84,5.72,0.67,-0.48
01/04/2026,13:24:55,135,0.00,0.00,0.00,0.00,0.00,0.00,0.00,0.00,-144.09,1.09,0.02,-0.36,-0.84,5.08,0.64,0.02
01/04/2026,13:24:55,188,0.00,0.00,0.00,0.00,0.00,0.00,0.00,0.00,-144.05,1.15,0.02,-0.36,-0.84,5.48,1.11,-0.97
01/04/2026,13:24:55,256,0.00,0.00,0.00,0.00,0.00,0.00,0.00,0.00,-143.95,1.11,0.02,-0.36,-0.84,5.48,1.14,-0.53
01/04/2026,13:25:00,272,0.00,0.00,0.00,0.00,0.00,0.00,0.00,0.00,-143.91,1.14,0.02,-0.36,-0.84,5.06,1.39,-0.58
01/04/2026,13:25:00,311,0.00,0.00,0.00,0.00,0.00,0.00,0.00,0.00,-143.88,1.25,0.02,-0.36,-0.84,5.23,0.97,-0.80
01/04/2026,13:25:00,375,0.00,0.00,0.00,0.00,0.00,0.00,0.00,0.00,-143.93,1.25,0.02,-0.36,-0.84,5.59,0.89,0.17
01/04/2026,13:25:00,366,0.00,0.00,0.00,0.00,0.00,0.00,0.00,0.00,-141.81,1.30,0.01,-0.37,-0.81,8.56,4.27,-1.78
01/04/2026,13:25:00,378,0.00,0.00,0.00,0.00,0.00,0.00,0.00,0.00,-140.09,0.97,0.02,-0.35,-0.82,19.45,1.47,-0.12
01/04/2026,13:25:05,331,0.00,0.00,0.00,0.00,0.00,0.00,0.00,0.00,-143.25,1.46,0.03,-0.31,-0.87,6.89,1.72,-1.23
01/04/2026,13:25:05,320,0.00,0.00,0.00,0.00,0.00,0.00,0.00,0.00,-145.21,2.22,0.04,-0.30,-0.87,3.73,3.59,-1.80
01/04/2026,13:25:05,299,0.00,0.00,0.00,0.00,0.00,0.00,0.00,0.00,-147.07,2.14,0.05,-0.30,-0.87,0.72,2.30,-1.59
01/04/2026,13:25:05,304,0.00,0.00,0.00,0.00,0.00,0.00,0.00,0.00,-149.45,2.58,0.08,-0.30,-0.88,-0.08,4.27,-0.66
01/04/2026,13:25:05,325,0.00,0.00,0.00,0.00,0.00,0.00,0.00,0.00,-150.01,1.19,0.07,-0.28,-0.88,6.58,-0.17,0.55
01/04/2026,13:25:10,272,0.00,0.00,0.00,0.00,0.00,0.00,0.00,0.00,-144.33,-4.26,0.03,-0.33,-0.85,9.77,-0.73,-0.14
01/04/2026,13:25:10,208,0.00,0.00,0.00,0.00,0.00,0.00,0.00,0.00,-144.75,-2.69,0.03,-0.33,-0.86,5.66,1.20,-0.48
01/04/2026,13:25:10,217,0.00,0.00,0.00,0.00,0.00,0.00,0.00,0.00,-145.37,-1.47,0.02,-0.33,-0.86,5.41,0.64,-0.34
01/04/2026,13:25:10,186,0.00,0.00,0.00,0.00,0.00,0.00,0.00,0.00,-145.81,-0.58,0.03,-0.34,-0.86,3.78,1.61,-0.19
01/04/2026,13:25:15,128,0.00,0.00,0.00,0.00,0.00,0.00,0.00,0.00,-146.02,-0.09,0.03,-0.33,-0.86,5.41,0.75,-0.75
01/04/2026,13:25:15,80,0.00,0.00,0.00,0.00,0.00,0.00,0.00,0.00,-146.16,0.19,0.02,-0.33,-0.85,4.47,0.62,-0.67
01/04/2026,13:25:15,48,0.00,0.00,0.00,0.00,0.00,0.00,0.00,0.00,-146.08,0.40,0.02,-0.33,-0.86,5.88,1.06,-0.88
01/04/2026,13:25:15,0,0.00,0.00,0.00,0.00,0.00,0.00,0.00,0.00,-148.15,0.31,0.01,-0.31,-0.87,8.80,1.64,-0.64
01/04/2026,13:25:15,39,0.00,0.00,0.00,0.00,0.00,0.00,0.00,0.00,-147.94,0.68,0.01,-0.32,-0.86,8.45,1.31,-0.73
01/04/2026,13:25:20,21,0.00,0.00,0.00,0.00,0.00,0.00,0.00,0.00,-147.63,0.82,0.01,-0.32,-0.86,7.83,0.55,-0.06
01/04/2026,13:25:20,11,0.00,0.00,0.00,0.00,0.00,0.00,0.00,0.00,-147.66,1.26,0.01,-0.32,-0.88,4.36,1.08,-0.64
01/04/2026,13:25:20,7,0.00,0.00,0.00,0.00,0.00,0.00,0.00,0.00,-147.58,1.59,0.01,-0.32,-0.86,0.89,1.19,-0.89
01/04/2026,13:25:20,0,0.00,0.00,0.00,0.00,0.00,0.00,0.00,0.00,-147.48,1.50,0.00,-0.33,-0.85,0.97,1.05,-1.08
01/04/2026,13:25:20,0,0.00,0.00,0.00,0.00,0.00,0.00,0.00,0.00,-147.66,1.42,0.01,-0.32,-0.88,-4.81,0.98,-1.02
01/04/2026,13:25:25,0,0.00,0.00,0.00,0.00,0.00,0.00,0.00,0.00,-147.58,1.43,0.00,-0.32,-0.88,4.45,1.23,-0.31
01/04/2026,13:25:25,0,0.00,0.00,0.00,0.00,0.00,0.00,0.00,0.00,-147.75,1.49,0.01,-0.32,-0.85,-0.47,0.86,-1.47
01/04/2026,13:25:25,0,0.00,0.00,0.00,0.00,0.00,0.00,0.00,0.00,-147.60,1.64,0.01,-0.32,-0.85,5.55,0.72,-0.95
01/04/2026,13:25:25,0,0.00,0.00,0.00,0.00,0.00,0.00,0.00,0.00,-147.37,1.63,0.01,-0.32,-0.86,4.75,0.81,-0.34
01/04/2026,13:25:25,0,0.00,0.00,0.00,0.00,0.00,0.00,0.00,0.00,-147.32,1.54,0.01,-0.32,-0.86,5.33,0.66,-0.31
01/04/2026,13:25:30,0,0.00,0.00,0.00,0.00,0.00,0.00,0.00,0.00,-147.64,1.51,0.01,-0.32,-0.88,-1.02,1.06,-0.80
01/04/2026,13:25:30,0,0.00,0.00,0.00,0.00,0.00,0.00,0.00,0.00,-147.25,1.69,0.01,-0.32,-0.88,4.67,0.88,-0.97
01/04/2026,13:25:30,0,0.00,0.00,0.00,0.00,0.00,0.00,0.00,0.00,-147.70,1.64,0.02,-0.32,-0.89,-4.95,1.30,-0.72
01/04/2026,13:25:30,0,0.00,0.00,0.00,0.00,0.00,0.00,0.00,0.00,-147.32,1.59,0.01,-0.32,-0.87,4.59,1.00,-0.34
01/04/2026,13:25:30,0,0.00,0.00,0.00,0.00,0.00,0.00,0.00,0.00,-147.58,1.83,0.01,-0.32,-0.87,-7.08,-0.14,-0.47
01/04/2026,13:25:35,0,0.00,0.00,0.00,0.00,0.00,0.00,0.00,0.00,-147.33,1.73,0.00,-0.32,-0.85,10.31,0.42,-0.31
01/04/2026,13:25:35,0,0.00,0.00,0.00,0.00,0.00,0.00,0.00,0.00,-147.51,1.73,0.01,-0.32,-0.86,4.00,0.77,-0.36
01/04/2026,13:25:35,0,0.00,0.00,0.00,0.00,0.00,0.00,0.00,0.00,-147.61,1.75,0.01,-0.32,-0.87,-0.53,1.95,-2.00
01/04/2026,13:25:35,0,0.00,0.00,0.00,0.00,0.00,0.00,0.00,0.00,-147.45,1.76,0.01,-0.32,-0.86,5.53,0.86,-0.39
01/04/2026,13:25:35,0,0.00,0.00,0.00,0.00,0.00,0.00,0.00,0.00,-147.68,1.90,0.01,-0.33,-0.87,-4.19,1.88,-1.91
01/04/2026,13:25:40,0,0.00,0.00,0.00,0.00,0.00,0.00,0.00,0.00,-147.88,1.73,0.01,-0.32,-0.87,1.67,0.91,-1.05
01/04/2026,13:25:40,0,0.00,0.00,0.00,0.00,0.00,0.00,0.00,0.00,-147.80,1.66,0.01,-0.32,-0.87,8.50,0.92,-0.36
01/04/2026,13:25:40,0,0.00,0.00,0.00,0.00,0.00,0.00,0.00,0.00,-147.80,1.81,0.01,-0.32,-0.87,2.88,1.11,-0.98
01/04/2026,13:25:40,0,0.00,0.00,0.00,0.00,0.00,0.00,0.00,0.00,-147.63,1.79,0.01,-0.32,-0.86,6.09,1.77,-0.22
01/04/2026,13:25:40,0,0.00,0.00,0.00,0.00,0.00,0.00,0.00,0.00,-147.59,2.04,0.01,-0.32,-0.87,5.66,0.75,-1.06
01/04/2026,13:25:45,121,0.00,0.00,0.00,0.00,0.00,0.00,0.00,0.00,-147.60,1.80,0.01,-0.32,-0.86,4.47,1.52,-0.72
01/04/2026,13:25:45,304,0.00,0.00,0.00,0.00,0.00,0.00,0.00,0.00,-147.64,1.71,0.01,-0.32,-0.86,4.78,0.11,-0.20
01/04/2026,13:25:45,439,0.00,0.00,0.00,0.00,0.00,0.00,0.00,0.00,-147.56,1.74,0.01,-0.32,-0.86,3.92,1.16,-0.34
01/04/2026,13:25:45,560,0.00,0.00,0.00,0.00,0.00,0.00,0.00,0.00,-147.60,1.74,0.01,-0.32,-0.87,5.39,0.69,-0.81
01/04/2026,13:25:45,499,0.00,0.00,0.00,0.00,0.00,0.00,0.00,0.00,-147.43,1.71,0.01,-0.32,-0.86,7.59,0.56,-0.61
01/04/2026,13:25:50,415,0.00,0.00,0.00,0.00,0.00,0.00,0.00,0.00,-147.63,1.72,0.01,-0.32,-0.86,3.08,1.12,-0.17
01/04/2026,13:25:50,162,0.00,0.00,0.00,0.00,0.00,0.00,0.00,0.00,-147.47,1.71,0.01,-0.32,-0.87,7.05,0.45,-0.67
01/04/2026,13:25:50,0,0.00,0.00,0.00,0.00,0.00,0.00,0.00,0.00,-147.81,1.75,0.01,-0.31,-0.86,4.72,0.91,-0.83
01/04/2026,13:25:50,0,0.00,0.00,0.00,0.00,0.00,0.00,0.00,0.00,-147.83,1.68,0.01,-0.32,-0.86,5.61,0.56,0.25
01/04/2026,13:25:50,0,0.00,0.00,0.00,0.00,0.00,0.00,0.00,0.00,-147.62,1.56,0.01,-0.32,-0.86,5.31,0.89,-0.38
01/04/2026,13:25:55,0,0.00,0.00,0.00,0.00,0.00,0.00,0.00,0.00,-147.54,1.68,0.01,-0.32,-0.86,5.23,0.61,-0.53
01/04/2026,13:25:55,0,0.00,0.00,0.00,0.00,0.00,0.00,0.00,0.00,-147.52,1.70,0.01,-0.32,-0.87,4.20,0.91,-1.20
01/04/2026,13:25:55,0,0.00,0.00,0.00,0.00,0.00,0.00,0.00,0.00,-147.50,1.70,0.01,-0.32,-0.87,5.97,0.39,-0.73
01/04/2026,13:25:55,0,0.00,0.00,0.00,0.00,0.00,0.00,0.00,0.00,-147.52,1.76,0.01,-0.32,-0.86,6.08,0.47,-0.22
01/04/2026,13:25:55,0,0.00,0.00,0.00,0.00,0.00,0.00,0.00,0.00,-147.62,1.73,0.01,-0.32,-0.86,4.23,0.67,-0.81
01/04/2026,13:26:00,0,0.00,0.00,0.00,0.00,0.00,0.00,0.00,0.00,-147.54,1.89,0.01,-0.32,-0.86,4.73,1.20,-0.56
01/04/2026,13:26:00,0,0.00,0.00,0.00,0.00,0.00,0.00,0.00,0.00,-147.71,1.74,0.01,-0.32,-0.86,3.27,0.73,-0.56
01/04/2026,13:26:00,0,0.00,0.00,0.00,0.00,0.00,0.00,0.00,0.00,-147.81,1.69,0.01,-0.32,-0.86,3.28,0.16,-0.14
01/04/2026,13:26:00,0,0.00,0.00,0.00,0.00,0.00,0.00,0.00,0.00,-147.72,1.67,0.01,-0.32,-0.86,4.30,1.09,-0.14
01/04/2026,13:26:00,0,0.00,0.00,0.00,0.00,0.00,0.00,0.00,0.00,-147.71,1.53,0.01,-0.32,-0.87,5.52,0.50,-0.38
01/04/2026,13:26:05,0,0.00,0.00,0.00,0.00,0.00,0.00,0.00,0.00,-147.77,1.53,0.01,-0.32,-0.86,5.67,1.34,-0.64
01/04/2026,13:26:05,0,0.00,0.00,0.00,0.00,0.00,0.00,0.00,0.00,-147.73,1.47,0.01,-0.32,-0.86,5.20,0.80,-0.67
01/04/2026,13:26:05,0,0.00,0.00,0.00,0.00,0.00,0.00,0.00,0.00,-147.69,1.46,0.01,-0.32,-0.86,6.73,0.80,-0.33
01/04/2026,13:26:05,0,0.00,0.00,0.00,0.00,0.00,0.00,0.00,0.00,-147.71,1.51,0.01,-0.32,-0.87,8.12,1.25,-0.39
01/04/2026,13:26:05,0,0.00,0.00,0.00,0.00,0.00,0.00,0.00,0.00,-147.74,1.70,0.01,-0.32,-0.86,5.81,0.69,-0.73
01/04/2026,13:26:10,0,0.00,0.00,0.00,0.00,0.00,0.00,0.00,0.00,-147.43,1.61,0.01,-0.32,-0.86,5.02,1.48,-0.56
01/04/2026,13:26:10,0,0.00,0.00,0.00,0.00,0.00,0.00,0.00,0.00,-147.54,1.56,0.01,-0.32,-0.87,4.28,1.08,-0.34
01/04/2026,13:26:10,0,0.00,0.00,0.00,0.00,0.00,0.00,0.00,0.00,-147.36,1.56,0.01,-0.32,-0.86,4.55,0.83,-0.77
01/04/2026,13:26:10,0,0.00,0.00,0.00,0.00,0.00,0.00,0.00,0.00,-147.35,1.52,0.01,-0.32,-0.87,5.11,1.09,-0.30
